1773810129677	geckodriver	INFO	geckodriver 0.21.0
1773810129685	geckodriver	INFO	Listening on 127.0.0.1:58078
error: Found argument '--websocket-port' which wasn't expected, or isn't valid in this context

USAGE:
    geckodriver.exe [FLAGS] [OPTIONS]

For more information try --help
1773810240148	geckodriver	INFO	Listening on 127.0.0.1:49170
1773810243260	mozrunner::runner	INFO	Running command: "C:\\Users\\chipc\\Desktop\\techlaai_automation\\gmail_automation\\FirefoxPortable\\firefox.exe" "--marionette" "--remote-debugging-port" "49171" "-no-remote" "-profile" "C:\\Users\\chipc\\AppData\\Local\\Temp\\rust_mozprofile9rEPAk"
Can't find symbol 'eglSwapBuffersWithDamageEXT'.
JavaScript error: resource://gre/modules/XULStore.jsm, line 66: Error: Can't find profile directory.
console.warn: SearchSettings: "get: No settings file exists, new profile?" (new Error("", "(unknown module)"))
1773810246699	Marionette	INFO	Listening on port 49192
1773810246988	Marionette	WARN	TLS certificate errors will be ignored for this session
1773810249057	Marionette	INFO	Stopped listening on port 49192
JavaScript error: resource://gre/modules/UrlClassifierListManager.jsm, line 691: TypeError: this.tablesData[table] is undefined

###!!! [Child][RunMessage] Error: Channel closing: too late to send/recv, messages will be lost


###!!! [Child][MessageChannel::SendAndWait] Error: Channel error: cannot send/recv

1773810260478	geckodriver	INFO	Listening on 127.0.0.1:49342
1773810263527	mozrunner::runner	INFO	Running command: "C:\\Users\\chipc\\Desktop\\techlaai_automation\\gmail_automation\\FirefoxPortable\\firefox.exe" "--marionette" "--remote-debugging-port" "49343" "-no-remote" "-profile" "C:\\Users\\chipc\\AppData\\Local\\Temp\\rust_mozprofile1WXlCu"
Can't find symbol 'eglSwapBuffersWithDamageEXT'.
JavaScript error: resource://gre/modules/XULStore.jsm, line 66: Error: Can't find profile directory.
console.warn: SearchSettings: "get: No settings file exists, new profile?" (new Error("", "(unknown module)"))
1773810266607	Marionette	INFO	Listening on port 49366
1773810266721	Marionette	WARN	TLS certificate errors will be ignored for this session
JavaScript warning: https://accounts.google.com/v3/signin/identifier?dsh=S-1707322308%3A1773810267072922&ifkv=ASfE1-pUuel-DtGS8GsjAImBfCu1DZtAlTBa8kCV0mC47-OIydrCQj989u53uF2sy9KhfbXkBdBc&flowName=GlifWebSignIn&flowEntry=ServiceLogin line 1331 > injectedScript, line 3939: unreachable code after return statement
JavaScript warning: https://accounts.google.com/v3/signin/identifier?dsh=S-1707322308%3A1773810267072922&ifkv=ASfE1-pUuel-DtGS8GsjAImBfCu1DZtAlTBa8kCV0mC47-OIydrCQj989u53uF2sy9KhfbXkBdBc&flowName=GlifWebSignIn&flowEntry=ServiceLogin line 1331 > injectedScript, line 3939: unreachable code after return statement
JavaScript warning: https://accounts.google.com/v3/signin/identifier?dsh=S-1707322308%3A1773810267072922&ifkv=ASfE1-pUuel-DtGS8GsjAImBfCu1DZtAlTBa8kCV0mC47-OIydrCQj989u53uF2sy9KhfbXkBdBc&flowName=GlifWebSignIn&flowEntry=ServiceLogin line 1331 > injectedScript, line 3939: unreachable code after return statement
JavaScript warning: https://accounts.google.com/v3/signin/identifier?dsh=S-1707322308%3A1773810267072922&ifkv=ASfE1-pUuel-DtGS8GsjAImBfCu1DZtAlTBa8kCV0mC47-OIydrCQj989u53uF2sy9KhfbXkBdBc&flowName=GlifWebSignIn&flowEntry=ServiceLogin line 1331 > injectedScript, line 3939: unreachable code after return statement
JavaScript warning: https://accounts.google.com/v3/signin/identifier?dsh=S-1707322308%3A1773810267072922&ifkv=ASfE1-pUuel-DtGS8GsjAImBfCu1DZtAlTBa8kCV0mC47-OIydrCQj989u53uF2sy9KhfbXkBdBc&flowName=GlifWebSignIn&flowEntry=ServiceLogin line 1331 > injectedScript, line 3939: unreachable code after return statement
JavaScript warning: https://accounts.google.com/v3/signin/identifier?dsh=S-1707322308%3A1773810267072922&ifkv=ASfE1-pUuel-DtGS8GsjAImBfCu1DZtAlTBa8kCV0mC47-OIydrCQj989u53uF2sy9KhfbXkBdBc&flowName=GlifWebSignIn&flowEntry=ServiceLogin line 1331 > injectedScript, line 3939: unreachable code after return statement
JavaScript warning: https://accounts.google.com/v3/signin/identifier?dsh=S-1707322308%3A1773810267072922&ifkv=ASfE1-pUuel-DtGS8GsjAImBfCu1DZtAlTBa8kCV0mC47-OIydrCQj989u53uF2sy9KhfbXkBdBc&flowName=GlifWebSignIn&flowEntry=ServiceLogin line 1331 > injectedScript line 2 > eval, line 3939: unreachable code after return statement
JavaScript warning: https://accounts.google.com/v3/signin/identifier?dsh=S-1707322308%3A1773810267072922&ifkv=ASfE1-pUuel-DtGS8GsjAImBfCu1DZtAlTBa8kCV0mC47-OIydrCQj989u53uF2sy9KhfbXkBdBc&flowName=GlifWebSignIn&flowEntry=ServiceLogin line 1331 > injectedScript line 2 > eval, line 3939: unreachable code after return statement
JavaScript warning: https://accounts.google.com/v3/signin/identifier?dsh=S-1707322308%3A1773810267072922&ifkv=ASfE1-pUuel-DtGS8GsjAImBfCu1DZtAlTBa8kCV0mC47-OIydrCQj989u53uF2sy9KhfbXkBdBc&flowName=GlifWebSignIn&flowEntry=ServiceLogin line 1331 > injectedScript line 2 > eval, line 3939: unreachable code after return statement
JavaScript warning: https://accounts.google.com/v3/signin/identifier?dsh=S-1707322308%3A1773810267072922&ifkv=ASfE1-pUuel-DtGS8GsjAImBfCu1DZtAlTBa8kCV0mC47-OIydrCQj989u53uF2sy9KhfbXkBdBc&flowName=GlifWebSignIn&flowEntry=ServiceLogin line 1331 > injectedScript line 2 > eval, line 3939: unreachable code after return statement
JavaScript warning: https://accounts.google.com/v3/signin/identifier?dsh=S-1707322308%3A1773810267072922&ifkv=ASfE1-pUuel-DtGS8GsjAImBfCu1DZtAlTBa8kCV0mC47-OIydrCQj989u53uF2sy9KhfbXkBdBc&flowName=GlifWebSignIn&flowEntry=ServiceLogin line 1331 > injectedScript line 2 > eval, line 1: unreachable code after return statement
JavaScript warning: https://accounts.google.com/v3/signin/identifier?dsh=S-1707322308%3A1773810267072922&ifkv=ASfE1-pUuel-DtGS8GsjAImBfCu1DZtAlTBa8kCV0mC47-OIydrCQj989u53uF2sy9KhfbXkBdBc&flowName=GlifWebSignIn&flowEntry=ServiceLogin line 1331 > injectedScript line 2 > eval line 3939 > eval, line 1: unreachable code after return statement
JavaScript warning: https://accounts.google.com/v3/signin/identifier?dsh=S-1707322308%3A1773810267072922&ifkv=ASfE1-pUuel-DtGS8GsjAImBfCu1DZtAlTBa8kCV0mC47-OIydrCQj989u53uF2sy9KhfbXkBdBc&flowName=GlifWebSignIn&flowEntry=ServiceLogin line 1331 > injectedScript line 2 > eval, line 1: unreachable code after return statement
JavaScript warning: https://accounts.google.com/v3/signin/identifier?dsh=S-1707322308%3A1773810267072922&ifkv=ASfE1-pUuel-DtGS8GsjAImBfCu1DZtAlTBa8kCV0mC47-OIydrCQj989u53uF2sy9KhfbXkBdBc&flowName=GlifWebSignIn&flowEntry=ServiceLogin line 1331 > injectedScript line 2 > eval line 3939 > eval, line 1: unreachable code after return statement
JavaScript warning: https://accounts.google.com/v3/signin/identifier?dsh=S-1707322308%3A1773810267072922&ifkv=ASfE1-pUuel-DtGS8GsjAImBfCu1DZtAlTBa8kCV0mC47-OIydrCQj989u53uF2sy9KhfbXkBdBc&flowName=GlifWebSignIn&flowEntry=ServiceLogin line 1331 > injectedScript line 2 > eval, line 3939: unreachable code after return statement
JavaScript warning: https://accounts.google.com/v3/signin/identifier?dsh=S-1707322308%3A1773810267072922&ifkv=ASfE1-pUuel-DtGS8GsjAImBfCu1DZtAlTBa8kCV0mC47-OIydrCQj989u53uF2sy9KhfbXkBdBc&flowName=GlifWebSignIn&flowEntry=ServiceLogin line 1331 > injectedScript line 2 > eval line 3939 > eval line 1 > eval, line 1: unreachable code after return statement
JavaScript warning: https://accounts.google.com/v3/signin/identifier?dsh=S-1707322308%3A1773810267072922&ifkv=ASfE1-pUuel-DtGS8GsjAImBfCu1DZtAlTBa8kCV0mC47-OIydrCQj989u53uF2sy9KhfbXkBdBc&flowName=GlifWebSignIn&flowEntry=ServiceLogin line 1331 > injectedScript line 2 > eval line 3939 > eval line 1 > eval, line 1: unreachable code after return statement
JavaScript warning: https://accounts.google.com/v3/signin/identifier?dsh=S-1707322308%3A1773810267072922&ifkv=ASfE1-pUuel-DtGS8GsjAImBfCu1DZtAlTBa8kCV0mC47-OIydrCQj989u53uF2sy9KhfbXkBdBc&flowName=GlifWebSignIn&flowEntry=ServiceLogin line 1331 > injectedScript line 2 > eval line 3939 > eval line 1 > eval, line 1: unreachable code after return statement
JavaScript warning: https://accounts.google.com/v3/signin/identifier?dsh=S-1707322308%3A1773810267072922&ifkv=ASfE1-pUuel-DtGS8GsjAImBfCu1DZtAlTBa8kCV0mC47-OIydrCQj989u53uF2sy9KhfbXkBdBc&flowName=GlifWebSignIn&flowEntry=ServiceLogin line 1331 > injectedScript line 2 > eval line 3939 > eval line 1 > eval line 1 > eval, line 1: unreachable code after return statement
JavaScript warning: https://accounts.google.com/v3/signin/identifier?dsh=S-1707322308%3A1773810267072922&ifkv=ASfE1-pUuel-DtGS8GsjAImBfCu1DZtAlTBa8kCV0mC47-OIydrCQj989u53uF2sy9KhfbXkBdBc&flowName=GlifWebSignIn&flowEntry=ServiceLogin line 1331 > injectedScript line 2 > eval line 3939 > eval line 1 > eval line 1 > eval, line 1: unreachable code after return statement
JavaScript warning: https://accounts.google.com/v3/signin/identifier?dsh=S-1707322308%3A1773810267072922&ifkv=ASfE1-pUuel-DtGS8GsjAImBfCu1DZtAlTBa8kCV0mC47-OIydrCQj989u53uF2sy9KhfbXkBdBc&flowName=GlifWebSignIn&flowEntry=ServiceLogin line 1331 > injectedScript line 2 > eval line 3939 > eval line 1 > eval line 1 > eval, line 1: unreachable code after return statement
JavaScript warning: https://accounts.google.com/v3/signin/identifier?dsh=S-1707322308%3A1773810267072922&ifkv=ASfE1-pUuel-DtGS8GsjAImBfCu1DZtAlTBa8kCV0mC47-OIydrCQj989u53uF2sy9KhfbXkBdBc&flowName=GlifWebSignIn&flowEntry=ServiceLogin line 1331 > injectedScript, line 5464: unreachable code after return statement
JavaScript warning: https://accounts.google.com/v3/signin/identifier?dsh=S-1707322308%3A1773810267072922&ifkv=ASfE1-pUuel-DtGS8GsjAImBfCu1DZtAlTBa8kCV0mC47-OIydrCQj989u53uF2sy9KhfbXkBdBc&flowName=GlifWebSignIn&flowEntry=ServiceLogin line 1331 > injectedScript, line 5464: unreachable code after return statement
JavaScript warning: https://accounts.google.com/v3/signin/identifier?dsh=S-1707322308%3A1773810267072922&ifkv=ASfE1-pUuel-DtGS8GsjAImBfCu1DZtAlTBa8kCV0mC47-OIydrCQj989u53uF2sy9KhfbXkBdBc&flowName=GlifWebSignIn&flowEntry=ServiceLogin line 1331 > injectedScript, line 5464: unreachable code after return statement
JavaScript warning: https://accounts.google.com/v3/signin/identifier?dsh=S-1707322308%3A1773810267072922&ifkv=ASfE1-pUuel-DtGS8GsjAImBfCu1DZtAlTBa8kCV0mC47-OIydrCQj989u53uF2sy9KhfbXkBdBc&flowName=GlifWebSignIn&flowEntry=ServiceLogin line 1331 > injectedScript, line 5464: unreachable code after return statement
JavaScript warning: https://accounts.google.com/v3/signin/identifier?dsh=S-1707322308%3A1773810267072922&ifkv=ASfE1-pUuel-DtGS8GsjAImBfCu1DZtAlTBa8kCV0mC47-OIydrCQj989u53uF2sy9KhfbXkBdBc&flowName=GlifWebSignIn&flowEntry=ServiceLogin line 1331 > injectedScript, line 5464: unreachable code after return statement
JavaScript warning: https://accounts.google.com/v3/signin/identifier?dsh=S-1707322308%3A1773810267072922&ifkv=ASfE1-pUuel-DtGS8GsjAImBfCu1DZtAlTBa8kCV0mC47-OIydrCQj989u53uF2sy9KhfbXkBdBc&flowName=GlifWebSignIn&flowEntry=ServiceLogin line 1331 > injectedScript, line 5464: unreachable code after return statement
JavaScript warning: https://accounts.google.com/v3/signin/identifier?dsh=S-1707322308%3A1773810267072922&ifkv=ASfE1-pUuel-DtGS8GsjAImBfCu1DZtAlTBa8kCV0mC47-OIydrCQj989u53uF2sy9KhfbXkBdBc&flowName=GlifWebSignIn&flowEntry=ServiceLogin line 1331 > injectedScript line 2 > eval, line 5464: unreachable code after return statement
JavaScript warning: https://accounts.google.com/v3/signin/identifier?dsh=S-1707322308%3A1773810267072922&ifkv=ASfE1-pUuel-DtGS8GsjAImBfCu1DZtAlTBa8kCV0mC47-OIydrCQj989u53uF2sy9KhfbXkBdBc&flowName=GlifWebSignIn&flowEntry=ServiceLogin line 1331 > injectedScript line 2 > eval, line 5464: unreachable code after return statement
JavaScript warning: https://accounts.google.com/v3/signin/identifier?dsh=S-1707322308%3A1773810267072922&ifkv=ASfE1-pUuel-DtGS8GsjAImBfCu1DZtAlTBa8kCV0mC47-OIydrCQj989u53uF2sy9KhfbXkBdBc&flowName=GlifWebSignIn&flowEntry=ServiceLogin line 1331 > injectedScript line 2 > eval, line 5464: unreachable code after return statement
JavaScript warning: https://accounts.google.com/v3/signin/identifier?dsh=S-1707322308%3A1773810267072922&ifkv=ASfE1-pUuel-DtGS8GsjAImBfCu1DZtAlTBa8kCV0mC47-OIydrCQj989u53uF2sy9KhfbXkBdBc&flowName=GlifWebSignIn&flowEntry=ServiceLogin line 1331 > injectedScript line 2 > eval, line 5464: unreachable code after return statement
JavaScript warning: https://accounts.google.com/v3/signin/identifier?dsh=S-1707322308%3A1773810267072922&ifkv=ASfE1-pUuel-DtGS8GsjAImBfCu1DZtAlTBa8kCV0mC47-OIydrCQj989u53uF2sy9KhfbXkBdBc&flowName=GlifWebSignIn&flowEntry=ServiceLogin line 1331 > injectedScript line 2 > eval, line 1: unreachable code after return statement
JavaScript warning: https://accounts.google.com/v3/signin/identifier?dsh=S-1707322308%3A1773810267072922&ifkv=ASfE1-pUuel-DtGS8GsjAImBfCu1DZtAlTBa8kCV0mC47-OIydrCQj989u53uF2sy9KhfbXkBdBc&flowName=GlifWebSignIn&flowEntry=ServiceLogin line 1331 > injectedScript line 2 > eval line 5464 > eval, line 1: unreachable code after return statement
JavaScript warning: https://accounts.google.com/v3/signin/identifier?dsh=S-1707322308%3A1773810267072922&ifkv=ASfE1-pUuel-DtGS8GsjAImBfCu1DZtAlTBa8kCV0mC47-OIydrCQj989u53uF2sy9KhfbXkBdBc&flowName=GlifWebSignIn&flowEntry=ServiceLogin line 1331 > injectedScript line 2 > eval, line 1: unreachable code after return statement
JavaScript warning: https://accounts.google.com/v3/signin/identifier?dsh=S-1707322308%3A1773810267072922&ifkv=ASfE1-pUuel-DtGS8GsjAImBfCu1DZtAlTBa8kCV0mC47-OIydrCQj989u53uF2sy9KhfbXkBdBc&flowName=GlifWebSignIn&flowEntry=ServiceLogin line 1331 > injectedScript line 2 > eval line 5464 > eval, line 1: unreachable code after return statement
JavaScript warning: https://accounts.google.com/v3/signin/identifier?dsh=S-1707322308%3A1773810267072922&ifkv=ASfE1-pUuel-DtGS8GsjAImBfCu1DZtAlTBa8kCV0mC47-OIydrCQj989u53uF2sy9KhfbXkBdBc&flowName=GlifWebSignIn&flowEntry=ServiceLogin line 1331 > injectedScript line 2 > eval, line 5464: unreachable code after return statement
JavaScript warning: https://accounts.google.com/v3/signin/identifier?dsh=S-1707322308%3A1773810267072922&ifkv=ASfE1-pUuel-DtGS8GsjAImBfCu1DZtAlTBa8kCV0mC47-OIydrCQj989u53uF2sy9KhfbXkBdBc&flowName=GlifWebSignIn&flowEntry=ServiceLogin line 1331 > injectedScript line 2 > eval line 5464 > eval line 1 > eval, line 1: unreachable code after return statement
JavaScript warning: https://accounts.google.com/v3/signin/identifier?dsh=S-1707322308%3A1773810267072922&ifkv=ASfE1-pUuel-DtGS8GsjAImBfCu1DZtAlTBa8kCV0mC47-OIydrCQj989u53uF2sy9KhfbXkBdBc&flowName=GlifWebSignIn&flowEntry=ServiceLogin line 1331 > injectedScript line 2 > eval line 5464 > eval line 1 > eval, line 1: unreachable code after return statement
JavaScript warning: https://accounts.google.com/v3/signin/identifier?dsh=S-1707322308%3A1773810267072922&ifkv=ASfE1-pUuel-DtGS8GsjAImBfCu1DZtAlTBa8kCV0mC47-OIydrCQj989u53uF2sy9KhfbXkBdBc&flowName=GlifWebSignIn&flowEntry=ServiceLogin line 1331 > injectedScript line 2 > eval line 5464 > eval line 1 > eval, line 1: unreachable code after return statement
JavaScript warning: https://accounts.google.com/v3/signin/identifier?dsh=S-1707322308%3A1773810267072922&ifkv=ASfE1-pUuel-DtGS8GsjAImBfCu1DZtAlTBa8kCV0mC47-OIydrCQj989u53uF2sy9KhfbXkBdBc&flowName=GlifWebSignIn&flowEntry=ServiceLogin line 1331 > injectedScript line 2 > eval line 5464 > eval line 1 > eval line 1 > eval, line 1: unreachable code after return statement
JavaScript warning: https://accounts.google.com/v3/signin/identifier?dsh=S-1707322308%3A1773810267072922&ifkv=ASfE1-pUuel-DtGS8GsjAImBfCu1DZtAlTBa8kCV0mC47-OIydrCQj989u53uF2sy9KhfbXkBdBc&flowName=GlifWebSignIn&flowEntry=ServiceLogin line 1331 > injectedScript line 2 > eval line 5464 > eval line 1 > eval line 1 > eval, line 1: unreachable code after return statement
JavaScript warning: https://accounts.google.com/v3/signin/identifier?dsh=S-1707322308%3A1773810267072922&ifkv=ASfE1-pUuel-DtGS8GsjAImBfCu1DZtAlTBa8kCV0mC47-OIydrCQj989u53uF2sy9KhfbXkBdBc&flowName=GlifWebSignIn&flowEntry=ServiceLogin line 1331 > injectedScript line 2 > eval line 5464 > eval line 1 > eval line 1 > eval, line 1: unreachable code after return statement
1773810374940	Marionette	INFO	Stopped listening on port 49366

###!!! [Child][RunMessage] Error: Channel closing: too late to send/recv, messages will be lost


###!!! [Child][MessageChannel::SendAndWait] Error: Channel error: cannot send/recv

"58286" "-no-remote" "-profile" "C:\\Users\\chipc\\AppData\\Local\\Temp\\rust_mozprofileqx89l3"
Can't find symbol 'eglSwapBuffersWithDamageEXT'.
JavaScript error: resource://gre/modules/XULStore.jsm, line 66: Error: Can't find profile directory.
console.warn: SearchSettings: "get: No settings file exists, new profile?" (new Error("", "(unknown module)"))
1773810313793	Marionette	INFO	Listening on port 58311
1773810314004	Marionette	WARN	TLS certificate errors will be ignored for this session
JavaScript warning: https://accounts.google.com/v3/signin/identifier?dsh=S1882165528%3A1773810314308309&ifkv=ASfE1-q2vHZPb7ML7vl46spADBaerakU4LkOyaWJoBTLOoDWQvy3Vp86Jwowxz9ePuHL9VC6SG-fmw&flowName=GlifWebSignIn&flowEntry=ServiceLogin line 1331 > injectedScript, line 563: unreachable code after return statement
JavaScript warning: https://accounts.google.com/v3/signin/identifier?dsh=S1882165528%3A1773810314308309&ifkv=ASfE1-q2vHZPb7ML7vl46spADBaerakU4LkOyaWJoBTLOoDWQvy3Vp86Jwowxz9ePuHL9VC6SG-fmw&flowName=GlifWebSignIn&flowEntry=ServiceLogin line 1331 > injectedScript, line 563: unreachable code after return statement
JavaScript warning: https://accounts.google.com/v3/signin/identifier?dsh=S1882165528%3A1773810314308309&ifkv=ASfE1-q2vHZPb7ML7vl46spADBaerakU4LkOyaWJoBTLOoDWQvy3Vp86Jwowxz9ePuHL9VC6SG-fmw&flowName=GlifWebSignIn&flowEntry=ServiceLogin line 1331 > injectedScript, line 563: unreachable code after return statement
JavaScript warning: https://accounts.google.com/v3/signin/identifier?dsh=S1882165528%3A1773810314308309&ifkv=ASfE1-q2vHZPb7ML7vl46spADBaerakU4LkOyaWJoBTLOoDWQvy3Vp86Jwowxz9ePuHL9VC6SG-fmw&flowName=GlifWebSignIn&flowEntry=ServiceLogin line 1331 > injectedScript, line 563: unreachable code after return statement
JavaScript warning: https://accounts.google.com/v3/signin/identifier?dsh=S1882165528%3A1773810314308309&ifkv=ASfE1-q2vHZPb7ML7vl46spADBaerakU4LkOyaWJoBTLOoDWQvy3Vp86Jwowxz9ePuHL9VC6SG-fmw&flowName=GlifWebSignIn&flowEntry=ServiceLogin line 1331 > injectedScript, line 563: unreachable code after return statement
JavaScript warning: https://accounts.google.com/v3/signin/identifier?dsh=S1882165528%3A1773810314308309&ifkv=ASfE1-q2vHZPb7ML7vl46spADBaerakU4LkOyaWJoBTLOoDWQvy3Vp86Jwowxz9ePuHL9VC6SG-fmw&flowName=GlifWebSignIn&flowEntry=ServiceLogin line 1331 > injectedScript, line 563: unreachable code after return statement
JavaScript warning: https://accounts.google.com/v3/signin/identifier?dsh=S1882165528%3A1773810314308309&ifkv=ASfE1-q2vHZPb7ML7vl46spADBaerakU4LkOyaWJoBTLOoDWQvy3Vp86Jwowxz9ePuHL9VC6SG-fmw&flowName=GlifWebSignIn&flowEntry=ServiceLogin line 1331 > injectedScript line 2 > eval, line 563: unreachable code after return statement
JavaScript warning: https://accounts.google.com/v3/signin/identifier?dsh=S1882165528%3A1773810314308309&ifkv=ASfE1-q2vHZPb7ML7vl46spADBaerakU4LkOyaWJoBTLOoDWQvy3Vp86Jwowxz9ePuHL9VC6SG-fmw&flowName=GlifWebSignIn&flowEntry=ServiceLogin line 1331 > injectedScript line 2 > eval, line 563: unreachable code after return statement
JavaScript warning: https://accounts.google.com/v3/signin/identifier?dsh=S1882165528%3A1773810314308309&ifkv=ASfE1-q2vHZPb7ML7vl46spADBaerakU4LkOyaWJoBTLOoDWQvy3Vp86Jwowxz9ePuHL9VC6SG-fmw&flowName=GlifWebSignIn&flowEntry=ServiceLogin line 1331 > injectedScript line 2 > eval, line 563: unreachable code after return statement
JavaScript warning: https://accounts.google.com/v3/signin/identifier?dsh=S1882165528%3A1773810314308309&ifkv=ASfE1-q2vHZPb7ML7vl46spADBaerakU4LkOyaWJoBTLOoDWQvy3Vp86Jwowxz9ePuHL9VC6SG-fmw&flowName=GlifWebSignIn&flowEntry=ServiceLogin line 1331 > injectedScript line 2 > eval, line 563: unreachable code after return statement
JavaScript warning: https://accounts.google.com/v3/signin/identifier?dsh=S1882165528%3A1773810314308309&ifkv=ASfE1-q2vHZPb7ML7vl46spADBaerakU4LkOyaWJoBTLOoDWQvy3Vp86Jwowxz9ePuHL9VC6SG-fmw&flowName=GlifWebSignIn&flowEntry=ServiceLogin line 1331 > injectedScript line 2 > eval line 563 > eval, line 1: unreachable code after return statement
JavaScript warning: https://accounts.google.com/v3/signin/identifier?dsh=S1882165528%3A1773810314308309&ifkv=ASfE1-q2vHZPb7ML7vl46spADBaerakU4LkOyaWJoBTLOoDWQvy3Vp86Jwowxz9ePuHL9VC6SG-fmw&flowName=GlifWebSignIn&flowEntry=ServiceLogin line 1331 > injectedScript line 2 > eval line 563 > eval line 1 > eval, line 1: unreachable code after return statement
JavaScript warning: https://accounts.google.com/v3/signin/identifier?dsh=S1882165528%3A1773810314308309&ifkv=ASfE1-q2vHZPb7ML7vl46spADBaerakU4LkOyaWJoBTLOoDWQvy3Vp86Jwowxz9ePuHL9VC6SG-fmw&flowName=GlifWebSignIn&flowEntry=ServiceLogin line 1331 > injectedScript line 2 > eval line 563 > eval, line 1: unreachable code after return statement
JavaScript warning: https://accounts.google.com/v3/signin/identifier?dsh=S1882165528%3A1773810314308309&ifkv=ASfE1-q2vHZPb7ML7vl46spADBaerakU4LkOyaWJoBTLOoDWQvy3Vp86Jwowxz9ePuHL9VC6SG-fmw&flowName=GlifWebSignIn&flowEntry=ServiceLogin line 1331 > injectedScript line 2 > eval line 563 > eval line 1 > eval, line 1: unreachable code after return statement
JavaScript warning: https://accounts.google.com/v3/signin/identifier?dsh=S1882165528%3A1773810314308309&ifkv=ASfE1-q2vHZPb7ML7vl46spADBaerakU4LkOyaWJoBTLOoDWQvy3Vp86Jwowxz9ePuHL9VC6SG-fmw&flowName=GlifWebSignIn&flowEntry=ServiceLogin line 1331 > injectedScript line 2 > eval, line 563: unreachable code after return statement
JavaScript warning: https://accounts.google.com/v3/signin/identifier?dsh=S1882165528%3A1773810314308309&ifkv=ASfE1-q2vHZPb7ML7vl46spADBaerakU4LkOyaWJoBTLOoDWQvy3Vp86Jwowxz9ePuHL9VC6SG-fmw&flowName=GlifWebSignIn&flowEntry=ServiceLogin line 1331 > injectedScript line 2 > eval line 563 > eval line 1 > eval, line 1: unreachable code after return statement
JavaScript warning: https://accounts.google.com/v3/signin/identifier?dsh=S1882165528%3A1773810314308309&ifkv=ASfE1-q2vHZPb7ML7vl46spADBaerakU4LkOyaWJoBTLOoDWQvy3Vp86Jwowxz9ePuHL9VC6SG-fmw&flowName=GlifWebSignIn&flowEntry=ServiceLogin line 1331 > injectedScript line 2 > eval line 563 > eval line 1 > eval, line 1: unreachable code after return statement
JavaScript warning: https://accounts.google.com/v3/signin/identifier?dsh=S1882165528%3A1773810314308309&ifkv=ASfE1-q2vHZPb7ML7vl46spADBaerakU4LkOyaWJoBTLOoDWQvy3Vp86Jwowxz9ePuHL9VC6SG-fmw&flowName=GlifWebSignIn&flowEntry=ServiceLogin line 1331 > injectedScript line 2 > eval line 563 > eval line 1 > eval, line 1: unreachable code after return statement
JavaScript warning: https://accounts.google.com/v3/signin/identifier?dsh=S1882165528%3A1773810314308309&ifkv=ASfE1-q2vHZPb7ML7vl46spADBaerakU4LkOyaWJoBTLOoDWQvy3Vp86Jwowxz9ePuHL9VC6SG-fmw&flowName=GlifWebSignIn&flowEntry=ServiceLogin line 1331 > injectedScript line 2 > eval line 563 > eval line 1 > eval line 1 > eval, line 1: unreachable code after return statement
JavaScript warning: https://accounts.google.com/v3/signin/identifier?dsh=S1882165528%3A1773810314308309&ifkv=ASfE1-q2vHZPb7ML7vl46spADBaerakU4LkOyaWJoBTLOoDWQvy3Vp86Jwowxz9ePuHL9VC6SG-fmw&flowName=GlifWebSignIn&flowEntry=ServiceLogin line 1331 > injectedScript line 2 > eval line 563 > eval line 1 > eval line 1 > eval, line 1: unreachable code after return statement
JavaScript warning: https://accounts.google.com/v3/signin/identifier?dsh=S1882165528%3A1773810314308309&ifkv=ASfE1-q2vHZPb7ML7vl46spADBaerakU4LkOyaWJoBTLOoDWQvy3Vp86Jwowxz9ePuHL9VC6SG-fmw&flowName=GlifWebSignIn&flowEntry=ServiceLogin line 1331 > injectedScript line 2 > eval line 563 > eval line 1 > eval line 1 > eval, line 1: unreachable code after return statement
JavaScript warning: https://accounts.google.com/v3/signin/identifier?dsh=S1882165528%3A1773810314308309&ifkv=ASfE1-q2vHZPb7ML7vl46spADBaerakU4LkOyaWJoBTLOoDWQvy3Vp86Jwowxz9ePuHL9VC6SG-fmw&flowName=GlifWebSignIn&flowEntry=ServiceLogin line 1331 > injectedScript, line 476: unreachable code after return statement
JavaScript warning: https://accounts.google.com/v3/signin/identifier?dsh=S1882165528%3A1773810314308309&ifkv=ASfE1-q2vHZPb7ML7vl46spADBaerakU4LkOyaWJoBTLOoDWQvy3Vp86Jwowxz9ePuHL9VC6SG-fmw&flowName=GlifWebSignIn&flowEntry=ServiceLogin line 1331 > injectedScript, line 476: unreachable code after return statement
JavaScript warning: https://accounts.google.com/v3/signin/identifier?dsh=S1882165528%3A1773810314308309&ifkv=ASfE1-q2vHZPb7ML7vl46spADBaerakU4LkOyaWJoBTLOoDWQvy3Vp86Jwowxz9ePuHL9VC6SG-fmw&flowName=GlifWebSignIn&flowEntry=ServiceLogin line 1331 > injectedScript, line 476: unreachable code after return statement
JavaScript warning: https://accounts.google.com/v3/signin/identifier?dsh=S1882165528%3A1773810314308309&ifkv=ASfE1-q2vHZPb7ML7vl46spADBaerakU4LkOyaWJoBTLOoDWQvy3Vp86Jwowxz9ePuHL9VC6SG-fmw&flowName=GlifWebSignIn&flowEntry=ServiceLogin line 1331 > injectedScript, line 476: unreachable code after return statement
JavaScript warning: https://accounts.google.com/v3/signin/identifier?dsh=S1882165528%3A1773810314308309&ifkv=ASfE1-q2vHZPb7ML7vl46spADBaerakU4LkOyaWJoBTLOoDWQvy3Vp86Jwowxz9ePuHL9VC6SG-fmw&flowName=GlifWebSignIn&flowEntry=ServiceLogin line 1331 > injectedScript, line 476: unreachable code after return statement
JavaScript warning: https://accounts.google.com/v3/signin/identifier?dsh=S1882165528%3A1773810314308309&ifkv=ASfE1-q2vHZPb7ML7vl46spADBaerakU4LkOyaWJoBTLOoDWQvy3Vp86Jwowxz9ePuHL9VC6SG-fmw&flowName=GlifWebSignIn&flowEntry=ServiceLogin line 1331 > injectedScript, line 476: unreachable code after return statement
JavaScript warning: https://accounts.google.com/v3/signin/identifier?dsh=S1882165528%3A1773810314308309&ifkv=ASfE1-q2vHZPb7ML7vl46spADBaerakU4LkOyaWJoBTLOoDWQvy3Vp86Jwowxz9ePuHL9VC6SG-fmw&flowName=GlifWebSignIn&flowEntry=ServiceLogin line 1331 > injectedScript line 2 > eval, line 476: unreachable code after return statement
JavaScript warning: https://accounts.google.com/v3/signin/identifier?dsh=S1882165528%3A1773810314308309&ifkv=ASfE1-q2vHZPb7ML7vl46spADBaerakU4LkOyaWJoBTLOoDWQvy3Vp86Jwowxz9ePuHL9VC6SG-fmw&flowName=GlifWebSignIn&flowEntry=ServiceLogin line 1331 > injectedScript line 2 > eval, line 476: unreachable code after return statement
JavaScript warning: https://accounts.google.com/v3/signin/identifier?dsh=S1882165528%3A1773810314308309&ifkv=ASfE1-q2vHZPb7ML7vl46spADBaerakU4LkOyaWJoBTLOoDWQvy3Vp86Jwowxz9ePuHL9VC6SG-fmw&flowName=GlifWebSignIn&flowEntry=ServiceLogin line 1331 > injectedScript line 2 > eval, line 476: unreachable code after return statement
JavaScript warning: https://accounts.google.com/v3/signin/identifier?dsh=S1882165528%3A1773810314308309&ifkv=ASfE1-q2vHZPb7ML7vl46spADBaerakU4LkOyaWJoBTLOoDWQvy3Vp86Jwowxz9ePuHL9VC6SG-fmw&flowName=GlifWebSignIn&flowEntry=ServiceLogin line 1331 > injectedScript line 2 > eval, line 476: unreachable code after return statement
JavaScript warning: https://accounts.google.com/v3/signin/identifier?dsh=S1882165528%3A1773810314308309&ifkv=ASfE1-q2vHZPb7ML7vl46spADBaerakU4LkOyaWJoBTLOoDWQvy3Vp86Jwowxz9ePuHL9VC6SG-fmw&flowName=GlifWebSignIn&flowEntry=ServiceLogin line 1331 > injectedScript line 2 > eval line 476 > eval, line 1: unreachable code after return statement
JavaScript warning: https://accounts.google.com/v3/signin/identifier?dsh=S1882165528%3A1773810314308309&ifkv=ASfE1-q2vHZPb7ML7vl46spADBaerakU4LkOyaWJoBTLOoDWQvy3Vp86Jwowxz9ePuHL9VC6SG-fmw&flowName=GlifWebSignIn&flowEntry=ServiceLogin line 1331 > injectedScript line 2 > eval line 476 > eval line 1 > eval, line 1: unreachable code after return statement
JavaScript warning: https://accounts.google.com/v3/signin/identifier?dsh=S1882165528%3A1773810314308309&ifkv=ASfE1-q2vHZPb7ML7vl46spADBaerakU4LkOyaWJoBTLOoDWQvy3Vp86Jwowxz9ePuHL9VC6SG-fmw&flowName=GlifWebSignIn&flowEntry=ServiceLogin line 1331 > injectedScript line 2 > eval line 476 > eval, line 1: unreachable code after return statement
JavaScript warning: https://accounts.google.com/v3/signin/identifier?dsh=S1882165528%3A1773810314308309&ifkv=ASfE1-q2vHZPb7ML7vl46spADBaerakU4LkOyaWJoBTLOoDWQvy3Vp86Jwowxz9ePuHL9VC6SG-fmw&flowName=GlifWebSignIn&flowEntry=ServiceLogin line 1331 > injectedScript line 2 > eval line 476 > eval line 1 > eval, line 1: unreachable code after return statement
JavaScript warning: https://accounts.google.com/v3/signin/identifier?dsh=S1882165528%3A1773810314308309&ifkv=ASfE1-q2vHZPb7ML7vl46spADBaerakU4LkOyaWJoBTLOoDWQvy3Vp86Jwowxz9ePuHL9VC6SG-fmw&flowName=GlifWebSignIn&flowEntry=ServiceLogin line 1331 > injectedScript line 2 > eval, line 476: unreachable code after return statement
JavaScript warning: https://accounts.google.com/v3/signin/identifier?dsh=S1882165528%3A1773810314308309&ifkv=ASfE1-q2vHZPb7ML7vl46spADBaerakU4LkOyaWJoBTLOoDWQvy3Vp86Jwowxz9ePuHL9VC6SG-fmw&flowName=GlifWebSignIn&flowEntry=ServiceLogin line 1331 > injectedScript line 2 > eval line 476 > eval line 1 > eval, line 1: unreachable code after return statement
JavaScript warning: https://accounts.google.com/v3/signin/identifier?dsh=S1882165528%3A1773810314308309&ifkv=ASfE1-q2vHZPb7ML7vl46spADBaerakU4LkOyaWJoBTLOoDWQvy3Vp86Jwowxz9ePuHL9VC6SG-fmw&flowName=GlifWebSignIn&flowEntry=ServiceLogin line 1331 > injectedScript line 2 > eval line 476 > eval line 1 > eval, line 1: unreachable code after return statement
JavaScript warning: https://accounts.google.com/v3/signin/identifier?dsh=S1882165528%3A1773810314308309&ifkv=ASfE1-q2vHZPb7ML7vl46spADBaerakU4LkOyaWJoBTLOoDWQvy3Vp86Jwowxz9ePuHL9VC6SG-fmw&flowName=GlifWebSignIn&flowEntry=ServiceLogin line 1331 > injectedScript line 2 > eval line 476 > eval line 1 > eval, line 1: unreachable code after return statement
JavaScript warning: https://accounts.google.com/v3/signin/identifier?dsh=S1882165528%3A1773810314308309&ifkv=ASfE1-q2vHZPb7ML7vl46spADBaerakU4LkOyaWJoBTLOoDWQvy3Vp86Jwowxz9ePuHL9VC6SG-fmw&flowName=GlifWebSignIn&flowEntry=ServiceLogin line 1331 > injectedScript line 2 > eval line 476 > eval line 1 > eval line 1 > eval, line 1: unreachable code after return statement
JavaScript warning: https://accounts.google.com/v3/signin/identifier?dsh=S1882165528%3A1773810314308309&ifkv=ASfE1-q2vHZPb7ML7vl46spADBaerakU4LkOyaWJoBTLOoDWQvy3Vp86Jwowxz9ePuHL9VC6SG-fmw&flowName=GlifWebSignIn&flowEntry=ServiceLogin line 1331 > injectedScript line 2 > eval line 476 > eval line 1 > eval line 1 > eval, line 1: unreachable code after return statement
JavaScript warning: https://accounts.google.com/v3/signin/identifier?dsh=S1882165528%3A1773810314308309&ifkv=ASfE1-q2vHZPb7ML7vl46spADBaerakU4LkOyaWJoBTLOoDWQvy3Vp86Jwowxz9ePuHL9VC6SG-fmw&flowName=GlifWebSignIn&flowEntry=ServiceLogin line 1331 > injectedScript line 2 > eval line 476 > eval line 1 > eval line 1 > eval, line 1: unreachable code after return statement
1773810320962	Marionette	INFO	Stopped listening on port 58311

###!!! [Child][RunMessage] Error: Channel closing: too late to send/recv, messages will be lost


###!!! [Child][MessageChannel::SendAndWait] Error: Channel error: cannot send/recv

1773810352932	geckodriver	INFO	Listening on 127.0.0.1:58670
1773810355986	mozrunner::runner	INFO	Running command: "C:\\Users\\chipc\\Desktop\\techlaai_automation\\gmail_automation\\FirefoxPortable\\firefox.exe" "--marionette" "-profile" "C:\\Users\\chipc\\Desktop\\techlaai_automation\\gmail_automation\\firefox_profiles\\toanan" "--no-sandbox" "--start-maximized" "--disable-dev-shm-usage" "--disable-blink-features=AutomationControlled" "--disable-web-security" "--ignore-certificate-errors" "--disable-notifications" "--disable-infobars" "--disable-extensions" "--remote-debugging-port" "58671" "-no-remote"
Can't find symbol 'eglSwapBuffersWithDamageEXT'.
1773810357571	Marionette	INFO	Listening on port 58726
1773810358032	Marionette	WARN	TLS certificate errors will be ignored for this session
console.error: Region.jsm: "Error fetching region" (new TypeError("NetworkError when attempting to fetch resource.", ""))
console.error: Region.jsm: "Failed to fetch region" (new Error("NO_RESULT", "resource://gre/modules/Region.jsm", 351))
1773810362315	Marionette	INFO	Stopped listening on port 58726

###!!! [Child][RunMessage] Error: Channel closing: too late to send/recv, messages will be lost


###!!! [Child][MessageChannel::SendAndWait] Error: Channel error: cannot send/recv

1773810377182	geckodriver	INFO	Listening on 127.0.0.1:58919
1773810380321	mozrunner::runner	INFO	Running command: "C:\\Users\\chipc\\Desktop\\techlaai_automation\\gmail_automation\\FirefoxPortable\\firefox.exe" "--marionette" "-profile" "C:\\Users\\chipc\\Desktop\\techlaai_automation\\gmail_automation\\firefox_profiles\\nguyentrungda615" "--no-sandbox" "--start-maximized" "--disable-dev-shm-usage" "--disable-blink-features=AutomationControlled" "--disable-web-security" "--ignore-certificate-errors" "--disable-notifications" "--disable-infobars" "--disable-extensions" "--remote-debugging-port" "58920" "-no-remote"
Can't find symbol 'eglSwapBuffersWithDamageEXT'.
1773810382076	Marionette	INFO	Listening on port 58953
1773810382378	Marionette	WARN	TLS certificate errors will be ignored for this session
JavaScript warning: https://accounts.google.com/v3/signin/identifier?continue=https%3A%2F%2Faccounts.google.com%2F&dsh=S-1056129261%3A1773810382770100&followup=https%3A%2F%2Faccounts.google.com%2F&ifkv=ASfE1-pWANuNHotlgeDiXzDuqyvnnLxKoVBMzi2_k0qrGK45vbOzxCzSzAVvsgy7e9C6Lq4GRDHnwg&passive=1209600&flowName=GlifWebSignIn&flowEntry=ServiceLogin line 1331 > injectedScript, line 3392: unreachable code after return statement
JavaScript warning: https://accounts.google.com/v3/signin/identifier?continue=https%3A%2F%2Faccounts.google.com%2F&dsh=S-1056129261%3A1773810382770100&followup=https%3A%2F%2Faccounts.google.com%2F&ifkv=ASfE1-pWANuNHotlgeDiXzDuqyvnnLxKoVBMzi2_k0qrGK45vbOzxCzSzAVvsgy7e9C6Lq4GRDHnwg&passive=1209600&flowName=GlifWebSignIn&flowEntry=ServiceLogin line 1331 > injectedScript, line 3392: unreachable code after return statement
JavaScript warning: https://accounts.google.com/v3/signin/identifier?continue=https%3A%2F%2Faccounts.google.com%2F&dsh=S-1056129261%3A1773810382770100&followup=https%3A%2F%2Faccounts.google.com%2F&ifkv=ASfE1-pWANuNHotlgeDiXzDuqyvnnLxKoVBMzi2_k0qrGK45vbOzxCzSzAVvsgy7e9C6Lq4GRDHnwg&passive=1209600&flowName=GlifWebSignIn&flowEntry=ServiceLogin line 1331 > injectedScript, line 3392: unreachable code after return statement
JavaScript warning: https://accounts.google.com/v3/signin/identifier?continue=https%3A%2F%2Faccounts.google.com%2F&dsh=S-1056129261%3A1773810382770100&followup=https%3A%2F%2Faccounts.google.com%2F&ifkv=ASfE1-pWANuNHotlgeDiXzDuqyvnnLxKoVBMzi2_k0qrGK45vbOzxCzSzAVvsgy7e9C6Lq4GRDHnwg&passive=1209600&flowName=GlifWebSignIn&flowEntry=ServiceLogin line 1331 > injectedScript, line 3392: unreachable code after return statement
JavaScript warning: https://accounts.google.com/v3/signin/identifier?continue=https%3A%2F%2Faccounts.google.com%2F&dsh=S-1056129261%3A1773810382770100&followup=https%3A%2F%2Faccounts.google.com%2F&ifkv=ASfE1-pWANuNHotlgeDiXzDuqyvnnLxKoVBMzi2_k0qrGK45vbOzxCzSzAVvsgy7e9C6Lq4GRDHnwg&passive=1209600&flowName=GlifWebSignIn&flowEntry=ServiceLogin line 1331 > injectedScript, line 3392: unreachable code after return statement
JavaScript warning: https://accounts.google.com/v3/signin/identifier?continue=https%3A%2F%2Faccounts.google.com%2F&dsh=S-1056129261%3A1773810382770100&followup=https%3A%2F%2Faccounts.google.com%2F&ifkv=ASfE1-pWANuNHotlgeDiXzDuqyvnnLxKoVBMzi2_k0qrGK45vbOzxCzSzAVvsgy7e9C6Lq4GRDHnwg&passive=1209600&flowName=GlifWebSignIn&flowEntry=ServiceLogin line 1331 > injectedScript, line 3392: unreachable code after return statement
JavaScript warning: https://accounts.google.com/v3/signin/identifier?continue=https%3A%2F%2Faccounts.google.com%2F&dsh=S-1056129261%3A1773810382770100&followup=https%3A%2F%2Faccounts.google.com%2F&ifkv=ASfE1-pWANuNHotlgeDiXzDuqyvnnLxKoVBMzi2_k0qrGK45vbOzxCzSzAVvsgy7e9C6Lq4GRDHnwg&passive=1209600&flowName=GlifWebSignIn&flowEntry=ServiceLogin line 1331 > injectedScript line 2 > eval, line 3392: unreachable code after return statement
JavaScript warning: https://accounts.google.com/v3/signin/identifier?continue=https%3A%2F%2Faccounts.google.com%2F&dsh=S-1056129261%3A1773810382770100&followup=https%3A%2F%2Faccounts.google.com%2F&ifkv=ASfE1-pWANuNHotlgeDiXzDuqyvnnLxKoVBMzi2_k0qrGK45vbOzxCzSzAVvsgy7e9C6Lq4GRDHnwg&passive=1209600&flowName=GlifWebSignIn&flowEntry=ServiceLogin line 1331 > injectedScript line 2 > eval, line 3392: unreachable code after return statement
JavaScript warning: https://accounts.google.com/v3/signin/identifier?continue=https%3A%2F%2Faccounts.google.com%2F&dsh=S-1056129261%3A1773810382770100&followup=https%3A%2F%2Faccounts.google.com%2F&ifkv=ASfE1-pWANuNHotlgeDiXzDuqyvnnLxKoVBMzi2_k0qrGK45vbOzxCzSzAVvsgy7e9C6Lq4GRDHnwg&passive=1209600&flowName=GlifWebSignIn&flowEntry=ServiceLogin line 1331 > injectedScript line 2 > eval, line 3392: unreachable code after return statement
JavaScript warning: https://accounts.google.com/v3/signin/identifier?continue=https%3A%2F%2Faccounts.google.com%2F&dsh=S-1056129261%3A1773810382770100&followup=https%3A%2F%2Faccounts.google.com%2F&ifkv=ASfE1-pWANuNHotlgeDiXzDuqyvnnLxKoVBMzi2_k0qrGK45vbOzxCzSzAVvsgy7e9C6Lq4GRDHnwg&passive=1209600&flowName=GlifWebSignIn&flowEntry=ServiceLogin line 1331 > injectedScript line 2 > eval, line 3392: unreachable code after return statement
JavaScript warning: https://accounts.google.com/v3/signin/identifier?continue=https%3A%2F%2Faccounts.google.com%2F&dsh=S-1056129261%3A1773810382770100&followup=https%3A%2F%2Faccounts.google.com%2F&ifkv=ASfE1-pWANuNHotlgeDiXzDuqyvnnLxKoVBMzi2_k0qrGK45vbOzxCzSzAVvsgy7e9C6Lq4GRDHnwg&passive=1209600&flowName=GlifWebSignIn&flowEntry=ServiceLogin line 1331 > injectedScript line 2 > eval, line 1: unreachable code after return statement
JavaScript warning: https://accounts.google.com/v3/signin/identifier?continue=https%3A%2F%2Faccounts.google.com%2F&dsh=S-1056129261%3A1773810382770100&followup=https%3A%2F%2Faccounts.google.com%2F&ifkv=ASfE1-pWANuNHotlgeDiXzDuqyvnnLxKoVBMzi2_k0qrGK45vbOzxCzSzAVvsgy7e9C6Lq4GRDHnwg&passive=1209600&flowName=GlifWebSignIn&flowEntry=ServiceLogin line 1331 > injectedScript line 2 > eval line 3392 > eval, line 1: unreachable code after return statement
JavaScript warning: https://accounts.google.com/v3/signin/identifier?continue=https%3A%2F%2Faccounts.google.com%2F&dsh=S-1056129261%3A1773810382770100&followup=https%3A%2F%2Faccounts.google.com%2F&ifkv=ASfE1-pWANuNHotlgeDiXzDuqyvnnLxKoVBMzi2_k0qrGK45vbOzxCzSzAVvsgy7e9C6Lq4GRDHnwg&passive=1209600&flowName=GlifWebSignIn&flowEntry=ServiceLogin line 1331 > injectedScript line 2 > eval line 3392 > eval, line 1: unreachable code after return statement
JavaScript warning: https://accounts.google.com/v3/signin/identifier?continue=https%3A%2F%2Faccounts.google.com%2F&dsh=S-1056129261%3A1773810382770100&followup=https%3A%2F%2Faccounts.google.com%2F&ifkv=ASfE1-pWANuNHotlgeDiXzDuqyvnnLxKoVBMzi2_k0qrGK45vbOzxCzSzAVvsgy7e9C6Lq4GRDHnwg&passive=1209600&flowName=GlifWebSignIn&flowEntry=ServiceLogin line 1331 > injectedScript line 2 > eval line 3392 > eval line 1 > eval, line 1: unreachable code after return statement
JavaScript warning: https://accounts.google.com/v3/signin/identifier?continue=https%3A%2F%2Faccounts.google.com%2F&dsh=S-1056129261%3A1773810382770100&followup=https%3A%2F%2Faccounts.google.com%2F&ifkv=ASfE1-pWANuNHotlgeDiXzDuqyvnnLxKoVBMzi2_k0qrGK45vbOzxCzSzAVvsgy7e9C6Lq4GRDHnwg&passive=1209600&flowName=GlifWebSignIn&flowEntry=ServiceLogin line 1331 > injectedScript line 2 > eval, line 3392: unreachable code after return statement
JavaScript warning: https://accounts.google.com/v3/signin/identifier?continue=https%3A%2F%2Faccounts.google.com%2F&dsh=S-1056129261%3A1773810382770100&followup=https%3A%2F%2Faccounts.google.com%2F&ifkv=ASfE1-pWANuNHotlgeDiXzDuqyvnnLxKoVBMzi2_k0qrGK45vbOzxCzSzAVvsgy7e9C6Lq4GRDHnwg&passive=1209600&flowName=GlifWebSignIn&flowEntry=ServiceLogin line 1331 > injectedScript line 2 > eval line 3392 > eval line 1 > eval, line 1: unreachable code after return statement
JavaScript warning: https://accounts.google.com/v3/signin/identifier?continue=https%3A%2F%2Faccounts.google.com%2F&dsh=S-1056129261%3A1773810382770100&followup=https%3A%2F%2Faccounts.google.com%2F&ifkv=ASfE1-pWANuNHotlgeDiXzDuqyvnnLxKoVBMzi2_k0qrGK45vbOzxCzSzAVvsgy7e9C6Lq4GRDHnwg&passive=1209600&flowName=GlifWebSignIn&flowEntry=ServiceLogin line 1331 > injectedScript line 2 > eval line 3392 > eval line 1 > eval, line 1: unreachable code after return statement
JavaScript warning: https://accounts.google.com/v3/signin/identifier?continue=https%3A%2F%2Faccounts.google.com%2F&dsh=S-1056129261%3A1773810382770100&followup=https%3A%2F%2Faccounts.google.com%2F&ifkv=ASfE1-pWANuNHotlgeDiXzDuqyvnnLxKoVBMzi2_k0qrGK45vbOzxCzSzAVvsgy7e9C6Lq4GRDHnwg&passive=1209600&flowName=GlifWebSignIn&flowEntry=ServiceLogin line 1331 > injectedScript line 2 > eval line 3392 > eval line 1 > eval, line 1: unreachable code after return statement
JavaScript warning: https://accounts.google.com/v3/signin/identifier?continue=https%3A%2F%2Faccounts.google.com%2F&dsh=S-1056129261%3A1773810382770100&followup=https%3A%2F%2Faccounts.google.com%2F&ifkv=ASfE1-pWANuNHotlgeDiXzDuqyvnnLxKoVBMzi2_k0qrGK45vbOzxCzSzAVvsgy7e9C6Lq4GRDHnwg&passive=1209600&flowName=GlifWebSignIn&flowEntry=ServiceLogin line 1331 > injectedScript line 2 > eval line 3392 > eval line 1 > eval line 1 > eval, line 1: unreachable code after return statement
JavaScript warning: https://accounts.google.com/v3/signin/identifier?continue=https%3A%2F%2Faccounts.google.com%2F&dsh=S-1056129261%3A1773810382770100&followup=https%3A%2F%2Faccounts.google.com%2F&ifkv=ASfE1-pWANuNHotlgeDiXzDuqyvnnLxKoVBMzi2_k0qrGK45vbOzxCzSzAVvsgy7e9C6Lq4GRDHnwg&passive=1209600&flowName=GlifWebSignIn&flowEntry=ServiceLogin line 1331 > injectedScript line 2 > eval line 3392 > eval line 1 > eval line 1 > eval, line 1: unreachable code after return statement
JavaScript warning: https://accounts.google.com/v3/signin/identifier?continue=https%3A%2F%2Faccounts.google.com%2F&dsh=S-1056129261%3A1773810382770100&followup=https%3A%2F%2Faccounts.google.com%2F&ifkv=ASfE1-pWANuNHotlgeDiXzDuqyvnnLxKoVBMzi2_k0qrGK45vbOzxCzSzAVvsgy7e9C6Lq4GRDHnwg&passive=1209600&flowName=GlifWebSignIn&flowEntry=ServiceLogin line 1331 > injectedScript line 2 > eval line 3392 > eval line 1 > eval line 1 > eval, line 1: unreachable code after return statement
JavaScript warning: https://accounts.google.com/v3/signin/identifier?continue=https%3A%2F%2Faccounts.google.com%2F&dsh=S-1056129261%3A1773810382770100&followup=https%3A%2F%2Faccounts.google.com%2F&ifkv=ASfE1-pWANuNHotlgeDiXzDuqyvnnLxKoVBMzi2_k0qrGK45vbOzxCzSzAVvsgy7e9C6Lq4GRDHnwg&passive=1209600&flowName=GlifWebSignIn&flowEntry=ServiceLogin line 1331 > injectedScript, line 3251: unreachable code after return statement
JavaScript warning: https://accounts.google.com/v3/signin/identifier?continue=https%3A%2F%2Faccounts.google.com%2F&dsh=S-1056129261%3A1773810382770100&followup=https%3A%2F%2Faccounts.google.com%2F&ifkv=ASfE1-pWANuNHotlgeDiXzDuqyvnnLxKoVBMzi2_k0qrGK45vbOzxCzSzAVvsgy7e9C6Lq4GRDHnwg&passive=1209600&flowName=GlifWebSignIn&flowEntry=ServiceLogin line 1331 > injectedScript, line 3251: unreachable code after return statement
JavaScript warning: https://accounts.google.com/v3/signin/identifier?continue=https%3A%2F%2Faccounts.google.com%2F&dsh=S-1056129261%3A1773810382770100&followup=https%3A%2F%2Faccounts.google.com%2F&ifkv=ASfE1-pWANuNHotlgeDiXzDuqyvnnLxKoVBMzi2_k0qrGK45vbOzxCzSzAVvsgy7e9C6Lq4GRDHnwg&passive=1209600&flowName=GlifWebSignIn&flowEntry=ServiceLogin line 1331 > injectedScript, line 3251: unreachable code after return statement
JavaScript warning: https://accounts.google.com/v3/signin/identifier?continue=https%3A%2F%2Faccounts.google.com%2F&dsh=S-1056129261%3A1773810382770100&followup=https%3A%2F%2Faccounts.google.com%2F&ifkv=ASfE1-pWANuNHotlgeDiXzDuqyvnnLxKoVBMzi2_k0qrGK45vbOzxCzSzAVvsgy7e9C6Lq4GRDHnwg&passive=1209600&flowName=GlifWebSignIn&flowEntry=ServiceLogin line 1331 > injectedScript, line 3251: unreachable code after return statement
JavaScript warning: https://accounts.google.com/v3/signin/identifier?continue=https%3A%2F%2Faccounts.google.com%2F&dsh=S-1056129261%3A1773810382770100&followup=https%3A%2F%2Faccounts.google.com%2F&ifkv=ASfE1-pWANuNHotlgeDiXzDuqyvnnLxKoVBMzi2_k0qrGK45vbOzxCzSzAVvsgy7e9C6Lq4GRDHnwg&passive=1209600&flowName=GlifWebSignIn&flowEntry=ServiceLogin line 1331 > injectedScript, line 3251: unreachable code after return statement
JavaScript warning: https://accounts.google.com/v3/signin/identifier?continue=https%3A%2F%2Faccounts.google.com%2F&dsh=S-1056129261%3A1773810382770100&followup=https%3A%2F%2Faccounts.google.com%2F&ifkv=ASfE1-pWANuNHotlgeDiXzDuqyvnnLxKoVBMzi2_k0qrGK45vbOzxCzSzAVvsgy7e9C6Lq4GRDHnwg&passive=1209600&flowName=GlifWebSignIn&flowEntry=ServiceLogin line 1331 > injectedScript, line 3251: unreachable code after return statement
JavaScript warning: https://accounts.google.com/v3/signin/identifier?continue=https%3A%2F%2Faccounts.google.com%2F&dsh=S-1056129261%3A1773810382770100&followup=https%3A%2F%2Faccounts.google.com%2F&ifkv=ASfE1-pWANuNHotlgeDiXzDuqyvnnLxKoVBMzi2_k0qrGK45vbOzxCzSzAVvsgy7e9C6Lq4GRDHnwg&passive=1209600&flowName=GlifWebSignIn&flowEntry=ServiceLogin line 1331 > injectedScript line 2 > eval, line 3251: unreachable code after return statement
JavaScript warning: https://accounts.google.com/v3/signin/identifier?continue=https%3A%2F%2Faccounts.google.com%2F&dsh=S-1056129261%3A1773810382770100&followup=https%3A%2F%2Faccounts.google.com%2F&ifkv=ASfE1-pWANuNHotlgeDiXzDuqyvnnLxKoVBMzi2_k0qrGK45vbOzxCzSzAVvsgy7e9C6Lq4GRDHnwg&passive=1209600&flowName=GlifWebSignIn&flowEntry=ServiceLogin line 1331 > injectedScript line 2 > eval, line 3251: unreachable code after return statement
JavaScript warning: https://accounts.google.com/v3/signin/identifier?continue=https%3A%2F%2Faccounts.google.com%2F&dsh=S-1056129261%3A1773810382770100&followup=https%3A%2F%2Faccounts.google.com%2F&ifkv=ASfE1-pWANuNHotlgeDiXzDuqyvnnLxKoVBMzi2_k0qrGK45vbOzxCzSzAVvsgy7e9C6Lq4GRDHnwg&passive=1209600&flowName=GlifWebSignIn&flowEntry=ServiceLogin line 1331 > injectedScript line 2 > eval, line 3251: unreachable code after return statement
JavaScript warning: https://accounts.google.com/v3/signin/identifier?continue=https%3A%2F%2Faccounts.google.com%2F&dsh=S-1056129261%3A1773810382770100&followup=https%3A%2F%2Faccounts.google.com%2F&ifkv=ASfE1-pWANuNHotlgeDiXzDuqyvnnLxKoVBMzi2_k0qrGK45vbOzxCzSzAVvsgy7e9C6Lq4GRDHnwg&passive=1209600&flowName=GlifWebSignIn&flowEntry=ServiceLogin line 1331 > injectedScript line 2 > eval, line 3251: unreachable code after return statement
JavaScript warning: https://accounts.google.com/v3/signin/identifier?continue=https%3A%2F%2Faccounts.google.com%2F&dsh=S-1056129261%3A1773810382770100&followup=https%3A%2F%2Faccounts.google.com%2F&ifkv=ASfE1-pWANuNHotlgeDiXzDuqyvnnLxKoVBMzi2_k0qrGK45vbOzxCzSzAVvsgy7e9C6Lq4GRDHnwg&passive=1209600&flowName=GlifWebSignIn&flowEntry=ServiceLogin line 1331 > injectedScript line 2 > eval, line 1: unreachable code after return statement
JavaScript warning: https://accounts.google.com/v3/signin/identifier?continue=https%3A%2F%2Faccounts.google.com%2F&dsh=S-1056129261%3A1773810382770100&followup=https%3A%2F%2Faccounts.google.com%2F&ifkv=ASfE1-pWANuNHotlgeDiXzDuqyvnnLxKoVBMzi2_k0qrGK45vbOzxCzSzAVvsgy7e9C6Lq4GRDHnwg&passive=1209600&flowName=GlifWebSignIn&flowEntry=ServiceLogin line 1331 > injectedScript line 2 > eval line 3251 > eval, line 1: unreachable code after return statement
JavaScript warning: https://accounts.google.com/v3/signin/identifier?continue=https%3A%2F%2Faccounts.google.com%2F&dsh=S-1056129261%3A1773810382770100&followup=https%3A%2F%2Faccounts.google.com%2F&ifkv=ASfE1-pWANuNHotlgeDiXzDuqyvnnLxKoVBMzi2_k0qrGK45vbOzxCzSzAVvsgy7e9C6Lq4GRDHnwg&passive=1209600&flowName=GlifWebSignIn&flowEntry=ServiceLogin line 1331 > injectedScript line 2 > eval line 3251 > eval, line 1: unreachable code after return statement
JavaScript warning: https://accounts.google.com/v3/signin/identifier?continue=https%3A%2F%2Faccounts.google.com%2F&dsh=S-1056129261%3A1773810382770100&followup=https%3A%2F%2Faccounts.google.com%2F&ifkv=ASfE1-pWANuNHotlgeDiXzDuqyvnnLxKoVBMzi2_k0qrGK45vbOzxCzSzAVvsgy7e9C6Lq4GRDHnwg&passive=1209600&flowName=GlifWebSignIn&flowEntry=ServiceLogin line 1331 > injectedScript line 2 > eval line 3251 > eval line 1 > eval, line 1: unreachable code after return statement
JavaScript warning: https://accounts.google.com/v3/signin/identifier?continue=https%3A%2F%2Faccounts.google.com%2F&dsh=S-1056129261%3A1773810382770100&followup=https%3A%2F%2Faccounts.google.com%2F&ifkv=ASfE1-pWANuNHotlgeDiXzDuqyvnnLxKoVBMzi2_k0qrGK45vbOzxCzSzAVvsgy7e9C6Lq4GRDHnwg&passive=1209600&flowName=GlifWebSignIn&flowEntry=ServiceLogin line 1331 > injectedScript line 2 > eval, line 3251: unreachable code after return statement
JavaScript warning: https://accounts.google.com/v3/signin/identifier?continue=https%3A%2F%2Faccounts.google.com%2F&dsh=S-1056129261%3A1773810382770100&followup=https%3A%2F%2Faccounts.google.com%2F&ifkv=ASfE1-pWANuNHotlgeDiXzDuqyvnnLxKoVBMzi2_k0qrGK45vbOzxCzSzAVvsgy7e9C6Lq4GRDHnwg&passive=1209600&flowName=GlifWebSignIn&flowEntry=ServiceLogin line 1331 > injectedScript line 2 > eval line 3251 > eval line 1 > eval, line 1: unreachable code after return statement
JavaScript warning: https://accounts.google.com/v3/signin/identifier?continue=https%3A%2F%2Faccounts.google.com%2F&dsh=S-1056129261%3A1773810382770100&followup=https%3A%2F%2Faccounts.google.com%2F&ifkv=ASfE1-pWANuNHotlgeDiXzDuqyvnnLxKoVBMzi2_k0qrGK45vbOzxCzSzAVvsgy7e9C6Lq4GRDHnwg&passive=1209600&flowName=GlifWebSignIn&flowEntry=ServiceLogin line 1331 > injectedScript line 2 > eval line 3251 > eval line 1 > eval, line 1: unreachable code after return statement
JavaScript warning: https://accounts.google.com/v3/signin/identifier?continue=https%3A%2F%2Faccounts.google.com%2F&dsh=S-1056129261%3A1773810382770100&followup=https%3A%2F%2Faccounts.google.com%2F&ifkv=ASfE1-pWANuNHotlgeDiXzDuqyvnnLxKoVBMzi2_k0qrGK45vbOzxCzSzAVvsgy7e9C6Lq4GRDHnwg&passive=1209600&flowName=GlifWebSignIn&flowEntry=ServiceLogin line 1331 > injectedScript line 2 > eval line 3251 > eval line 1 > eval, line 1: unreachable code after return statement
JavaScript warning: https://accounts.google.com/v3/signin/identifier?continue=https%3A%2F%2Faccounts.google.com%2F&dsh=S-1056129261%3A1773810382770100&followup=https%3A%2F%2Faccounts.google.com%2F&ifkv=ASfE1-pWANuNHotlgeDiXzDuqyvnnLxKoVBMzi2_k0qrGK45vbOzxCzSzAVvsgy7e9C6Lq4GRDHnwg&passive=1209600&flowName=GlifWebSignIn&flowEntry=ServiceLogin line 1331 > injectedScript line 2 > eval line 3251 > eval line 1 > eval line 1 > eval, line 1: unreachable code after return statement
JavaScript warning: https://accounts.google.com/v3/signin/identifier?continue=https%3A%2F%2Faccounts.google.com%2F&dsh=S-1056129261%3A1773810382770100&followup=https%3A%2F%2Faccounts.google.com%2F&ifkv=ASfE1-pWANuNHotlgeDiXzDuqyvnnLxKoVBMzi2_k0qrGK45vbOzxCzSzAVvsgy7e9C6Lq4GRDHnwg&passive=1209600&flowName=GlifWebSignIn&flowEntry=ServiceLogin line 1331 > injectedScript line 2 > eval line 3251 > eval line 1 > eval line 1 > eval, line 1: unreachable code after return statement
JavaScript warning: https://accounts.google.com/v3/signin/identifier?continue=https%3A%2F%2Faccounts.google.com%2F&dsh=S-1056129261%3A1773810382770100&followup=https%3A%2F%2Faccounts.google.com%2F&ifkv=ASfE1-pWANuNHotlgeDiXzDuqyvnnLxKoVBMzi2_k0qrGK45vbOzxCzSzAVvsgy7e9C6Lq4GRDHnwg&passive=1209600&flowName=GlifWebSignIn&flowEntry=ServiceLogin line 1331 > injectedScript line 2 > eval line 3251 > eval line 1 > eval line 1 > eval, line 1: unreachable code after return statement
JavaScript warning: https://accounts.google.com/v3/signin/identifier?dsh=S-1020562398%3A1773810384983790&ifkv=ASfE1-p9osjVGa7G4taa5_HOlGsnrSjIbNorFMPoOfXFf_rt7-4ZHF5tZh7a0SJrQT05J15c8cXd&flowName=GlifWebSignIn&flowEntry=ServiceLogin line 1331 > injectedScript, line 3618: unreachable code after return statement
JavaScript warning: https://accounts.google.com/v3/signin/identifier?dsh=S-1020562398%3A1773810384983790&ifkv=ASfE1-p9osjVGa7G4taa5_HOlGsnrSjIbNorFMPoOfXFf_rt7-4ZHF5tZh7a0SJrQT05J15c8cXd&flowName=GlifWebSignIn&flowEntry=ServiceLogin line 1331 > injectedScript, line 3618: unreachable code after return statement
JavaScript warning: https://accounts.google.com/v3/signin/identifier?dsh=S-1020562398%3A1773810384983790&ifkv=ASfE1-p9osjVGa7G4taa5_HOlGsnrSjIbNorFMPoOfXFf_rt7-4ZHF5tZh7a0SJrQT05J15c8cXd&flowName=GlifWebSignIn&flowEntry=ServiceLogin line 1331 > injectedScript, line 3618: unreachable code after return statement
JavaScript warning: https://accounts.google.com/v3/signin/identifier?dsh=S-1020562398%3A1773810384983790&ifkv=ASfE1-p9osjVGa7G4taa5_HOlGsnrSjIbNorFMPoOfXFf_rt7-4ZHF5tZh7a0SJrQT05J15c8cXd&flowName=GlifWebSignIn&flowEntry=ServiceLogin line 1331 > injectedScript, line 3618: unreachable code after return statement
JavaScript warning: https://accounts.google.com/v3/signin/identifier?dsh=S-1020562398%3A1773810384983790&ifkv=ASfE1-p9osjVGa7G4taa5_HOlGsnrSjIbNorFMPoOfXFf_rt7-4ZHF5tZh7a0SJrQT05J15c8cXd&flowName=GlifWebSignIn&flowEntry=ServiceLogin line 1331 > injectedScript, line 3618: unreachable code after return statement
JavaScript warning: https://accounts.google.com/v3/signin/identifier?dsh=S-1020562398%3A1773810384983790&ifkv=ASfE1-p9osjVGa7G4taa5_HOlGsnrSjIbNorFMPoOfXFf_rt7-4ZHF5tZh7a0SJrQT05J15c8cXd&flowName=GlifWebSignIn&flowEntry=ServiceLogin line 1331 > injectedScript, line 3618: unreachable code after return statement
JavaScript warning: https://accounts.google.com/v3/signin/identifier?dsh=S-1020562398%3A1773810384983790&ifkv=ASfE1-p9osjVGa7G4taa5_HOlGsnrSjIbNorFMPoOfXFf_rt7-4ZHF5tZh7a0SJrQT05J15c8cXd&flowName=GlifWebSignIn&flowEntry=ServiceLogin line 1331 > injectedScript line 2 > eval, line 3618: unreachable code after return statement
JavaScript warning: https://accounts.google.com/v3/signin/identifier?dsh=S-1020562398%3A1773810384983790&ifkv=ASfE1-p9osjVGa7G4taa5_HOlGsnrSjIbNorFMPoOfXFf_rt7-4ZHF5tZh7a0SJrQT05J15c8cXd&flowName=GlifWebSignIn&flowEntry=ServiceLogin line 1331 > injectedScript line 2 > eval, line 3618: unreachable code after return statement
JavaScript warning: https://accounts.google.com/v3/signin/identifier?dsh=S-1020562398%3A1773810384983790&ifkv=ASfE1-p9osjVGa7G4taa5_HOlGsnrSjIbNorFMPoOfXFf_rt7-4ZHF5tZh7a0SJrQT05J15c8cXd&flowName=GlifWebSignIn&flowEntry=ServiceLogin line 1331 > injectedScript line 2 > eval, line 3618: unreachable code after return statement
JavaScript warning: https://accounts.google.com/v3/signin/identifier?dsh=S-1020562398%3A1773810384983790&ifkv=ASfE1-p9osjVGa7G4taa5_HOlGsnrSjIbNorFMPoOfXFf_rt7-4ZHF5tZh7a0SJrQT05J15c8cXd&flowName=GlifWebSignIn&flowEntry=ServiceLogin line 1331 > injectedScript line 2 > eval, line 3618: unreachable code after return statement
JavaScript warning: https://accounts.google.com/v3/signin/identifier?dsh=S-1020562398%3A1773810384983790&ifkv=ASfE1-p9osjVGa7G4taa5_HOlGsnrSjIbNorFMPoOfXFf_rt7-4ZHF5tZh7a0SJrQT05J15c8cXd&flowName=GlifWebSignIn&flowEntry=ServiceLogin line 1331 > injectedScript line 2 > eval line 3618 > eval, line 1: unreachable code after return statement
JavaScript warning: https://accounts.google.com/v3/signin/identifier?dsh=S-1020562398%3A1773810384983790&ifkv=ASfE1-p9osjVGa7G4taa5_HOlGsnrSjIbNorFMPoOfXFf_rt7-4ZHF5tZh7a0SJrQT05J15c8cXd&flowName=GlifWebSignIn&flowEntry=ServiceLogin line 1331 > injectedScript line 2 > eval line 3618 > eval line 1 > eval, line 1: unreachable code after return statement
JavaScript warning: https://accounts.google.com/v3/signin/identifier?dsh=S-1020562398%3A1773810384983790&ifkv=ASfE1-p9osjVGa7G4taa5_HOlGsnrSjIbNorFMPoOfXFf_rt7-4ZHF5tZh7a0SJrQT05J15c8cXd&flowName=GlifWebSignIn&flowEntry=ServiceLogin line 1331 > injectedScript line 2 > eval line 3618 > eval, line 1: unreachable code after return statement
JavaScript warning: https://accounts.google.com/v3/signin/identifier?dsh=S-1020562398%3A1773810384983790&ifkv=ASfE1-p9osjVGa7G4taa5_HOlGsnrSjIbNorFMPoOfXFf_rt7-4ZHF5tZh7a0SJrQT05J15c8cXd&flowName=GlifWebSignIn&flowEntry=ServiceLogin line 1331 > injectedScript line 2 > eval line 3618 > eval line 1 > eval, line 1: unreachable code after return statement
JavaScript warning: https://accounts.google.com/v3/signin/identifier?dsh=S-1020562398%3A1773810384983790&ifkv=ASfE1-p9osjVGa7G4taa5_HOlGsnrSjIbNorFMPoOfXFf_rt7-4ZHF5tZh7a0SJrQT05J15c8cXd&flowName=GlifWebSignIn&flowEntry=ServiceLogin line 1331 > injectedScript line 2 > eval, line 3618: unreachable code after return statement
JavaScript warning: https://accounts.google.com/v3/signin/identifier?dsh=S-1020562398%3A1773810384983790&ifkv=ASfE1-p9osjVGa7G4taa5_HOlGsnrSjIbNorFMPoOfXFf_rt7-4ZHF5tZh7a0SJrQT05J15c8cXd&flowName=GlifWebSignIn&flowEntry=ServiceLogin line 1331 > injectedScript line 2 > eval line 3618 > eval line 1 > eval, line 1: unreachable code after return statement
JavaScript warning: https://accounts.google.com/v3/signin/identifier?dsh=S-1020562398%3A1773810384983790&ifkv=ASfE1-p9osjVGa7G4taa5_HOlGsnrSjIbNorFMPoOfXFf_rt7-4ZHF5tZh7a0SJrQT05J15c8cXd&flowName=GlifWebSignIn&flowEntry=ServiceLogin line 1331 > injectedScript line 2 > eval line 3618 > eval line 1 > eval, line 1: unreachable code after return statement
JavaScript warning: https://accounts.google.com/v3/signin/identifier?dsh=S-1020562398%3A1773810384983790&ifkv=ASfE1-p9osjVGa7G4taa5_HOlGsnrSjIbNorFMPoOfXFf_rt7-4ZHF5tZh7a0SJrQT05J15c8cXd&flowName=GlifWebSignIn&flowEntry=ServiceLogin line 1331 > injectedScript line 2 > eval line 3618 > eval line 1 > eval, line 1: unreachable code after return statement
JavaScript warning: https://accounts.google.com/v3/signin/identifier?dsh=S-1020562398%3A1773810384983790&ifkv=ASfE1-p9osjVGa7G4taa5_HOlGsnrSjIbNorFMPoOfXFf_rt7-4ZHF5tZh7a0SJrQT05J15c8cXd&flowName=GlifWebSignIn&flowEntry=ServiceLogin line 1331 > injectedScript line 2 > eval line 3618 > eval line 1 > eval line 1 > eval, line 1: unreachable code after return statement
JavaScript warning: https://accounts.google.com/v3/signin/identifier?dsh=S-1020562398%3A1773810384983790&ifkv=ASfE1-p9osjVGa7G4taa5_HOlGsnrSjIbNorFMPoOfXFf_rt7-4ZHF5tZh7a0SJrQT05J15c8cXd&flowName=GlifWebSignIn&flowEntry=ServiceLogin line 1331 > injectedScript line 2 > eval line 3618 > eval line 1 > eval line 1 > eval, line 1: unreachable code after return statement
JavaScript warning: https://accounts.google.com/v3/signin/identifier?dsh=S-1020562398%3A1773810384983790&ifkv=ASfE1-p9osjVGa7G4taa5_HOlGsnrSjIbNorFMPoOfXFf_rt7-4ZHF5tZh7a0SJrQT05J15c8cXd&flowName=GlifWebSignIn&flowEntry=ServiceLogin line 1331 > injectedScript line 2 > eval line 3618 > eval line 1 > eval line 1 > eval, line 1: unreachable code after return statement
JavaScript warning: https://accounts.google.com/v3/signin/identifier?dsh=S-1020562398%3A1773810384983790&ifkv=ASfE1-p9osjVGa7G4taa5_HOlGsnrSjIbNorFMPoOfXFf_rt7-4ZHF5tZh7a0SJrQT05J15c8cXd&flowName=GlifWebSignIn&flowEntry=ServiceLogin line 1331 > injectedScript, line 3386: unreachable code after return statement
JavaScript warning: https://accounts.google.com/v3/signin/identifier?dsh=S-1020562398%3A1773810384983790&ifkv=ASfE1-p9osjVGa7G4taa5_HOlGsnrSjIbNorFMPoOfXFf_rt7-4ZHF5tZh7a0SJrQT05J15c8cXd&flowName=GlifWebSignIn&flowEntry=ServiceLogin line 1331 > injectedScript, line 3386: unreachable code after return statement
JavaScript warning: https://accounts.google.com/v3/signin/identifier?dsh=S-1020562398%3A1773810384983790&ifkv=ASfE1-p9osjVGa7G4taa5_HOlGsnrSjIbNorFMPoOfXFf_rt7-4ZHF5tZh7a0SJrQT05J15c8cXd&flowName=GlifWebSignIn&flowEntry=ServiceLogin line 1331 > injectedScript, line 3386: unreachable code after return statement
JavaScript warning: https://accounts.google.com/v3/signin/identifier?dsh=S-1020562398%3A1773810384983790&ifkv=ASfE1-p9osjVGa7G4taa5_HOlGsnrSjIbNorFMPoOfXFf_rt7-4ZHF5tZh7a0SJrQT05J15c8cXd&flowName=GlifWebSignIn&flowEntry=ServiceLogin line 1331 > injectedScript, line 3386: unreachable code after return statement
JavaScript warning: https://accounts.google.com/v3/signin/identifier?dsh=S-1020562398%3A1773810384983790&ifkv=ASfE1-p9osjVGa7G4taa5_HOlGsnrSjIbNorFMPoOfXFf_rt7-4ZHF5tZh7a0SJrQT05J15c8cXd&flowName=GlifWebSignIn&flowEntry=ServiceLogin line 1331 > injectedScript, line 3386: unreachable code after return statement
JavaScript warning: https://accounts.google.com/v3/signin/identifier?dsh=S-1020562398%3A1773810384983790&ifkv=ASfE1-p9osjVGa7G4taa5_HOlGsnrSjIbNorFMPoOfXFf_rt7-4ZHF5tZh7a0SJrQT05J15c8cXd&flowName=GlifWebSignIn&flowEntry=ServiceLogin line 1331 > injectedScript, line 3386: unreachable code after return statement
JavaScript warning: https://accounts.google.com/v3/signin/identifier?dsh=S-1020562398%3A1773810384983790&ifkv=ASfE1-p9osjVGa7G4taa5_HOlGsnrSjIbNorFMPoOfXFf_rt7-4ZHF5tZh7a0SJrQT05J15c8cXd&flowName=GlifWebSignIn&flowEntry=ServiceLogin line 1331 > injectedScript line 2 > eval, line 3386: unreachable code after return statement
JavaScript warning: https://accounts.google.com/v3/signin/identifier?dsh=S-1020562398%3A1773810384983790&ifkv=ASfE1-p9osjVGa7G4taa5_HOlGsnrSjIbNorFMPoOfXFf_rt7-4ZHF5tZh7a0SJrQT05J15c8cXd&flowName=GlifWebSignIn&flowEntry=ServiceLogin line 1331 > injectedScript line 2 > eval, line 3386: unreachable code after return statement
JavaScript warning: https://accounts.google.com/v3/signin/identifier?dsh=S-1020562398%3A1773810384983790&ifkv=ASfE1-p9osjVGa7G4taa5_HOlGsnrSjIbNorFMPoOfXFf_rt7-4ZHF5tZh7a0SJrQT05J15c8cXd&flowName=GlifWebSignIn&flowEntry=ServiceLogin line 1331 > injectedScript line 2 > eval, line 3386: unreachable code after return statement
JavaScript warning: https://accounts.google.com/v3/signin/identifier?dsh=S-1020562398%3A1773810384983790&ifkv=ASfE1-p9osjVGa7G4taa5_HOlGsnrSjIbNorFMPoOfXFf_rt7-4ZHF5tZh7a0SJrQT05J15c8cXd&flowName=GlifWebSignIn&flowEntry=ServiceLogin line 1331 > injectedScript line 2 > eval, line 3386: unreachable code after return statement
JavaScript warning: https://accounts.google.com/v3/signin/identifier?dsh=S-1020562398%3A1773810384983790&ifkv=ASfE1-p9osjVGa7G4taa5_HOlGsnrSjIbNorFMPoOfXFf_rt7-4ZHF5tZh7a0SJrQT05J15c8cXd&flowName=GlifWebSignIn&flowEntry=ServiceLogin line 1331 > injectedScript line 2 > eval line 3386 > eval, line 1: unreachable code after return statement
JavaScript warning: https://accounts.google.com/v3/signin/identifier?dsh=S-1020562398%3A1773810384983790&ifkv=ASfE1-p9osjVGa7G4taa5_HOlGsnrSjIbNorFMPoOfXFf_rt7-4ZHF5tZh7a0SJrQT05J15c8cXd&flowName=GlifWebSignIn&flowEntry=ServiceLogin line 1331 > injectedScript line 2 > eval line 3386 > eval line 1 > eval, line 1: unreachable code after return statement
JavaScript warning: https://accounts.google.com/v3/signin/identifier?dsh=S-1020562398%3A1773810384983790&ifkv=ASfE1-p9osjVGa7G4taa5_HOlGsnrSjIbNorFMPoOfXFf_rt7-4ZHF5tZh7a0SJrQT05J15c8cXd&flowName=GlifWebSignIn&flowEntry=ServiceLogin line 1331 > injectedScript line 2 > eval line 3386 > eval, line 1: unreachable code after return statement
JavaScript warning: https://accounts.google.com/v3/signin/identifier?dsh=S-1020562398%3A1773810384983790&ifkv=ASfE1-p9osjVGa7G4taa5_HOlGsnrSjIbNorFMPoOfXFf_rt7-4ZHF5tZh7a0SJrQT05J15c8cXd&flowName=GlifWebSignIn&flowEntry=ServiceLogin line 1331 > injectedScript line 2 > eval line 3386 > eval line 1 > eval, line 1: unreachable code after return statement
JavaScript warning: https://accounts.google.com/v3/signin/identifier?dsh=S-1020562398%3A1773810384983790&ifkv=ASfE1-p9osjVGa7G4taa5_HOlGsnrSjIbNorFMPoOfXFf_rt7-4ZHF5tZh7a0SJrQT05J15c8cXd&flowName=GlifWebSignIn&flowEntry=ServiceLogin line 1331 > injectedScript line 2 > eval, line 3386: unreachable code after return statement
JavaScript warning: https://accounts.google.com/v3/signin/identifier?dsh=S-1020562398%3A1773810384983790&ifkv=ASfE1-p9osjVGa7G4taa5_HOlGsnrSjIbNorFMPoOfXFf_rt7-4ZHF5tZh7a0SJrQT05J15c8cXd&flowName=GlifWebSignIn&flowEntry=ServiceLogin line 1331 > injectedScript line 2 > eval line 3386 > eval line 1 > eval, line 1: unreachable code after return statement
JavaScript warning: https://accounts.google.com/v3/signin/identifier?dsh=S-1020562398%3A1773810384983790&ifkv=ASfE1-p9osjVGa7G4taa5_HOlGsnrSjIbNorFMPoOfXFf_rt7-4ZHF5tZh7a0SJrQT05J15c8cXd&flowName=GlifWebSignIn&flowEntry=ServiceLogin line 1331 > injectedScript line 2 > eval line 3386 > eval line 1 > eval, line 1: unreachable code after return statement
JavaScript warning: https://accounts.google.com/v3/signin/identifier?dsh=S-1020562398%3A1773810384983790&ifkv=ASfE1-p9osjVGa7G4taa5_HOlGsnrSjIbNorFMPoOfXFf_rt7-4ZHF5tZh7a0SJrQT05J15c8cXd&flowName=GlifWebSignIn&flowEntry=ServiceLogin line 1331 > injectedScript line 2 > eval line 3386 > eval line 1 > eval, line 1: unreachable code after return statement
JavaScript warning: https://accounts.google.com/v3/signin/identifier?dsh=S-1020562398%3A1773810384983790&ifkv=ASfE1-p9osjVGa7G4taa5_HOlGsnrSjIbNorFMPoOfXFf_rt7-4ZHF5tZh7a0SJrQT05J15c8cXd&flowName=GlifWebSignIn&flowEntry=ServiceLogin line 1331 > injectedScript line 2 > eval line 3386 > eval line 1 > eval line 1 > eval, line 1: unreachable code after return statement
JavaScript warning: https://accounts.google.com/v3/signin/identifier?dsh=S-1020562398%3A1773810384983790&ifkv=ASfE1-p9osjVGa7G4taa5_HOlGsnrSjIbNorFMPoOfXFf_rt7-4ZHF5tZh7a0SJrQT05J15c8cXd&flowName=GlifWebSignIn&flowEntry=ServiceLogin line 1331 > injectedScript line 2 > eval line 3386 > eval line 1 > eval line 1 > eval, line 1: unreachable code after return statement
JavaScript warning: https://accounts.google.com/v3/signin/identifier?dsh=S-1020562398%3A1773810384983790&ifkv=ASfE1-p9osjVGa7G4taa5_HOlGsnrSjIbNorFMPoOfXFf_rt7-4ZHF5tZh7a0SJrQT05J15c8cXd&flowName=GlifWebSignIn&flowEntry=ServiceLogin line 1331 > injectedScript line 2 > eval line 3386 > eval line 1 > eval line 1 > eval, line 1: unreachable code after return statement
Can't find symbol 'eglSwapBuffersWithDamageEXT'.
1773810392000	Marionette	INFO	Stopped listening on port 58953
[Parent 18364, Gecko_IOThread] WARNING: file /builds/worker/checkouts/gecko/ipc/chromium/src/base/process_util_win.cc, line 166

###!!! [Child][MessageChannel::SendAndWait] Error: Channel error: cannot send/recv

1773810719364	geckodriver	INFO	Listening on 127.0.0.1:60750
1773810722433	mozrunner::runner	INFO	Running command: "C:\\Users\\chipc\\Desktop\\techlaai_automation\\gmail_automation\\FirefoxPortable\\firefox.exe" "--marionette" "-profile" "C:\\Users\\chipc\\Desktop\\techlaai_automation\\gmail_automation\\firefox_profiles\\nguyentrungda615" "--no-sandbox" "--start-maximized" "--disable-dev-shm-usage" "--disable-blink-features=AutomationControlled" "--disable-web-security" "--ignore-certificate-errors" "--disable-notifications" "--disable-infobars" "--disable-extensions" "--remote-debugging-port" "60751" "-no-remote"
Can't find symbol 'eglSwapBuffersWithDamageEXT'.
1773810724366	Marionette	INFO	Listening on port 60766
1773810724482	Marionette	WARN	TLS certificate errors will be ignored for this session
JavaScript warning: https://accounts.google.com/v3/signin/identifier?continue=https%3A%2F%2Faccounts.google.com%2F&dsh=S1644744980%3A1773810724263734&followup=https%3A%2F%2Faccounts.google.com%2F&ifkv=ASfE1-osIlx4s7SELHlqjybKAD6Vx1fOBTGCInobxio4eqOTPUZuS_yRRIWnRUMZIm0b3qPkF4z00A&passive=1209600&flowName=GlifWebSignIn&flowEntry=ServiceLogin line 1331 > injectedScript, line 3611: unreachable code after return statement
JavaScript warning: https://accounts.google.com/v3/signin/identifier?continue=https%3A%2F%2Faccounts.google.com%2F&dsh=S1644744980%3A1773810724263734&followup=https%3A%2F%2Faccounts.google.com%2F&ifkv=ASfE1-osIlx4s7SELHlqjybKAD6Vx1fOBTGCInobxio4eqOTPUZuS_yRRIWnRUMZIm0b3qPkF4z00A&passive=1209600&flowName=GlifWebSignIn&flowEntry=ServiceLogin line 1331 > injectedScript, line 3611: unreachable code after return statement
JavaScript warning: https://accounts.google.com/v3/signin/identifier?continue=https%3A%2F%2Faccounts.google.com%2F&dsh=S1644744980%3A1773810724263734&followup=https%3A%2F%2Faccounts.google.com%2F&ifkv=ASfE1-osIlx4s7SELHlqjybKAD6Vx1fOBTGCInobxio4eqOTPUZuS_yRRIWnRUMZIm0b3qPkF4z00A&passive=1209600&flowName=GlifWebSignIn&flowEntry=ServiceLogin line 1331 > injectedScript, line 3611: unreachable code after return statement
JavaScript warning: https://accounts.google.com/v3/signin/identifier?continue=https%3A%2F%2Faccounts.google.com%2F&dsh=S1644744980%3A1773810724263734&followup=https%3A%2F%2Faccounts.google.com%2F&ifkv=ASfE1-osIlx4s7SELHlqjybKAD6Vx1fOBTGCInobxio4eqOTPUZuS_yRRIWnRUMZIm0b3qPkF4z00A&passive=1209600&flowName=GlifWebSignIn&flowEntry=ServiceLogin line 1331 > injectedScript, line 3611: unreachable code after return statement
JavaScript warning: https://accounts.google.com/v3/signin/identifier?continue=https%3A%2F%2Faccounts.google.com%2F&dsh=S1644744980%3A1773810724263734&followup=https%3A%2F%2Faccounts.google.com%2F&ifkv=ASfE1-osIlx4s7SELHlqjybKAD6Vx1fOBTGCInobxio4eqOTPUZuS_yRRIWnRUMZIm0b3qPkF4z00A&passive=1209600&flowName=GlifWebSignIn&flowEntry=ServiceLogin line 1331 > injectedScript, line 3611: unreachable code after return statement
JavaScript warning: https://accounts.google.com/v3/signin/identifier?continue=https%3A%2F%2Faccounts.google.com%2F&dsh=S1644744980%3A1773810724263734&followup=https%3A%2F%2Faccounts.google.com%2F&ifkv=ASfE1-osIlx4s7SELHlqjybKAD6Vx1fOBTGCInobxio4eqOTPUZuS_yRRIWnRUMZIm0b3qPkF4z00A&passive=1209600&flowName=GlifWebSignIn&flowEntry=ServiceLogin line 1331 > injectedScript, line 3611: unreachable code after return statement
JavaScript warning: https://accounts.google.com/v3/signin/identifier?continue=https%3A%2F%2Faccounts.google.com%2F&dsh=S1644744980%3A1773810724263734&followup=https%3A%2F%2Faccounts.google.com%2F&ifkv=ASfE1-osIlx4s7SELHlqjybKAD6Vx1fOBTGCInobxio4eqOTPUZuS_yRRIWnRUMZIm0b3qPkF4z00A&passive=1209600&flowName=GlifWebSignIn&flowEntry=ServiceLogin line 1331 > injectedScript line 2 > eval, line 3611: unreachable code after return statement
JavaScript warning: https://accounts.google.com/v3/signin/identifier?continue=https%3A%2F%2Faccounts.google.com%2F&dsh=S1644744980%3A1773810724263734&followup=https%3A%2F%2Faccounts.google.com%2F&ifkv=ASfE1-osIlx4s7SELHlqjybKAD6Vx1fOBTGCInobxio4eqOTPUZuS_yRRIWnRUMZIm0b3qPkF4z00A&passive=1209600&flowName=GlifWebSignIn&flowEntry=ServiceLogin line 1331 > injectedScript line 2 > eval, line 3611: unreachable code after return statement
JavaScript warning: https://accounts.google.com/v3/signin/identifier?continue=https%3A%2F%2Faccounts.google.com%2F&dsh=S1644744980%3A1773810724263734&followup=https%3A%2F%2Faccounts.google.com%2F&ifkv=ASfE1-osIlx4s7SELHlqjybKAD6Vx1fOBTGCInobxio4eqOTPUZuS_yRRIWnRUMZIm0b3qPkF4z00A&passive=1209600&flowName=GlifWebSignIn&flowEntry=ServiceLogin line 1331 > injectedScript line 2 > eval, line 3611: unreachable code after return statement
JavaScript warning: https://accounts.google.com/v3/signin/identifier?continue=https%3A%2F%2Faccounts.google.com%2F&dsh=S1644744980%3A1773810724263734&followup=https%3A%2F%2Faccounts.google.com%2F&ifkv=ASfE1-osIlx4s7SELHlqjybKAD6Vx1fOBTGCInobxio4eqOTPUZuS_yRRIWnRUMZIm0b3qPkF4z00A&passive=1209600&flowName=GlifWebSignIn&flowEntry=ServiceLogin line 1331 > injectedScript line 2 > eval, line 3611: unreachable code after return statement
JavaScript warning: https://accounts.google.com/v3/signin/identifier?continue=https%3A%2F%2Faccounts.google.com%2F&dsh=S1644744980%3A1773810724263734&followup=https%3A%2F%2Faccounts.google.com%2F&ifkv=ASfE1-osIlx4s7SELHlqjybKAD6Vx1fOBTGCInobxio4eqOTPUZuS_yRRIWnRUMZIm0b3qPkF4z00A&passive=1209600&flowName=GlifWebSignIn&flowEntry=ServiceLogin line 1331 > injectedScript line 2 > eval line 3611 > eval, line 1: unreachable code after return statement
JavaScript warning: https://accounts.google.com/v3/signin/identifier?continue=https%3A%2F%2Faccounts.google.com%2F&dsh=S1644744980%3A1773810724263734&followup=https%3A%2F%2Faccounts.google.com%2F&ifkv=ASfE1-osIlx4s7SELHlqjybKAD6Vx1fOBTGCInobxio4eqOTPUZuS_yRRIWnRUMZIm0b3qPkF4z00A&passive=1209600&flowName=GlifWebSignIn&flowEntry=ServiceLogin line 1331 > injectedScript line 2 > eval line 3611 > eval line 1 > eval, line 1: unreachable code after return statement
JavaScript warning: https://accounts.google.com/v3/signin/identifier?continue=https%3A%2F%2Faccounts.google.com%2F&dsh=S1644744980%3A1773810724263734&followup=https%3A%2F%2Faccounts.google.com%2F&ifkv=ASfE1-osIlx4s7SELHlqjybKAD6Vx1fOBTGCInobxio4eqOTPUZuS_yRRIWnRUMZIm0b3qPkF4z00A&passive=1209600&flowName=GlifWebSignIn&flowEntry=ServiceLogin line 1331 > injectedScript line 2 > eval line 3611 > eval, line 1: unreachable code after return statement
JavaScript warning: https://accounts.google.com/v3/signin/identifier?continue=https%3A%2F%2Faccounts.google.com%2F&dsh=S1644744980%3A1773810724263734&followup=https%3A%2F%2Faccounts.google.com%2F&ifkv=ASfE1-osIlx4s7SELHlqjybKAD6Vx1fOBTGCInobxio4eqOTPUZuS_yRRIWnRUMZIm0b3qPkF4z00A&passive=1209600&flowName=GlifWebSignIn&flowEntry=ServiceLogin line 1331 > injectedScript line 2 > eval line 3611 > eval line 1 > eval, line 1: unreachable code after return statement
JavaScript warning: https://accounts.google.com/v3/signin/identifier?continue=https%3A%2F%2Faccounts.google.com%2F&dsh=S1644744980%3A1773810724263734&followup=https%3A%2F%2Faccounts.google.com%2F&ifkv=ASfE1-osIlx4s7SELHlqjybKAD6Vx1fOBTGCInobxio4eqOTPUZuS_yRRIWnRUMZIm0b3qPkF4z00A&passive=1209600&flowName=GlifWebSignIn&flowEntry=ServiceLogin line 1331 > injectedScript line 2 > eval, line 3611: unreachable code after return statement
JavaScript warning: https://accounts.google.com/v3/signin/identifier?continue=https%3A%2F%2Faccounts.google.com%2F&dsh=S1644744980%3A1773810724263734&followup=https%3A%2F%2Faccounts.google.com%2F&ifkv=ASfE1-osIlx4s7SELHlqjybKAD6Vx1fOBTGCInobxio4eqOTPUZuS_yRRIWnRUMZIm0b3qPkF4z00A&passive=1209600&flowName=GlifWebSignIn&flowEntry=ServiceLogin line 1331 > injectedScript line 2 > eval line 3611 > eval line 1 > eval, line 1: unreachable code after return statement
JavaScript warning: https://accounts.google.com/v3/signin/identifier?continue=https%3A%2F%2Faccounts.google.com%2F&dsh=S1644744980%3A1773810724263734&followup=https%3A%2F%2Faccounts.google.com%2F&ifkv=ASfE1-osIlx4s7SELHlqjybKAD6Vx1fOBTGCInobxio4eqOTPUZuS_yRRIWnRUMZIm0b3qPkF4z00A&passive=1209600&flowName=GlifWebSignIn&flowEntry=ServiceLogin line 1331 > injectedScript line 2 > eval line 3611 > eval line 1 > eval, line 1: unreachable code after return statement
JavaScript warning: https://accounts.google.com/v3/signin/identifier?continue=https%3A%2F%2Faccounts.google.com%2F&dsh=S1644744980%3A1773810724263734&followup=https%3A%2F%2Faccounts.google.com%2F&ifkv=ASfE1-osIlx4s7SELHlqjybKAD6Vx1fOBTGCInobxio4eqOTPUZuS_yRRIWnRUMZIm0b3qPkF4z00A&passive=1209600&flowName=GlifWebSignIn&flowEntry=ServiceLogin line 1331 > injectedScript line 2 > eval line 3611 > eval line 1 > eval, line 1: unreachable code after return statement
JavaScript warning: https://accounts.google.com/v3/signin/identifier?continue=https%3A%2F%2Faccounts.google.com%2F&dsh=S1644744980%3A1773810724263734&followup=https%3A%2F%2Faccounts.google.com%2F&ifkv=ASfE1-osIlx4s7SELHlqjybKAD6Vx1fOBTGCInobxio4eqOTPUZuS_yRRIWnRUMZIm0b3qPkF4z00A&passive=1209600&flowName=GlifWebSignIn&flowEntry=ServiceLogin line 1331 > injectedScript line 2 > eval line 3611 > eval line 1 > eval line 1 > eval, line 1: unreachable code after return statement
JavaScript warning: https://accounts.google.com/v3/signin/identifier?continue=https%3A%2F%2Faccounts.google.com%2F&dsh=S1644744980%3A1773810724263734&followup=https%3A%2F%2Faccounts.google.com%2F&ifkv=ASfE1-osIlx4s7SELHlqjybKAD6Vx1fOBTGCInobxio4eqOTPUZuS_yRRIWnRUMZIm0b3qPkF4z00A&passive=1209600&flowName=GlifWebSignIn&flowEntry=ServiceLogin line 1331 > injectedScript line 2 > eval line 3611 > eval line 1 > eval line 1 > eval, line 1: unreachable code after return statement
JavaScript warning: https://accounts.google.com/v3/signin/identifier?continue=https%3A%2F%2Faccounts.google.com%2F&dsh=S1644744980%3A1773810724263734&followup=https%3A%2F%2Faccounts.google.com%2F&ifkv=ASfE1-osIlx4s7SELHlqjybKAD6Vx1fOBTGCInobxio4eqOTPUZuS_yRRIWnRUMZIm0b3qPkF4z00A&passive=1209600&flowName=GlifWebSignIn&flowEntry=ServiceLogin line 1331 > injectedScript line 2 > eval line 3611 > eval line 1 > eval line 1 > eval, line 1: unreachable code after return statement
JavaScript warning: https://accounts.google.com/v3/signin/identifier?continue=https%3A%2F%2Faccounts.google.com%2F&dsh=S1644744980%3A1773810724263734&followup=https%3A%2F%2Faccounts.google.com%2F&ifkv=ASfE1-osIlx4s7SELHlqjybKAD6Vx1fOBTGCInobxio4eqOTPUZuS_yRRIWnRUMZIm0b3qPkF4z00A&passive=1209600&flowName=GlifWebSignIn&flowEntry=ServiceLogin line 1331 > injectedScript, line 4184: unreachable code after return statement
JavaScript warning: https://accounts.google.com/v3/signin/identifier?continue=https%3A%2F%2Faccounts.google.com%2F&dsh=S1644744980%3A1773810724263734&followup=https%3A%2F%2Faccounts.google.com%2F&ifkv=ASfE1-osIlx4s7SELHlqjybKAD6Vx1fOBTGCInobxio4eqOTPUZuS_yRRIWnRUMZIm0b3qPkF4z00A&passive=1209600&flowName=GlifWebSignIn&flowEntry=ServiceLogin line 1331 > injectedScript, line 4184: unreachable code after return statement
JavaScript warning: https://accounts.google.com/v3/signin/identifier?continue=https%3A%2F%2Faccounts.google.com%2F&dsh=S1644744980%3A1773810724263734&followup=https%3A%2F%2Faccounts.google.com%2F&ifkv=ASfE1-osIlx4s7SELHlqjybKAD6Vx1fOBTGCInobxio4eqOTPUZuS_yRRIWnRUMZIm0b3qPkF4z00A&passive=1209600&flowName=GlifWebSignIn&flowEntry=ServiceLogin line 1331 > injectedScript, line 4184: unreachable code after return statement
JavaScript warning: https://accounts.google.com/v3/signin/identifier?continue=https%3A%2F%2Faccounts.google.com%2F&dsh=S1644744980%3A1773810724263734&followup=https%3A%2F%2Faccounts.google.com%2F&ifkv=ASfE1-osIlx4s7SELHlqjybKAD6Vx1fOBTGCInobxio4eqOTPUZuS_yRRIWnRUMZIm0b3qPkF4z00A&passive=1209600&flowName=GlifWebSignIn&flowEntry=ServiceLogin line 1331 > injectedScript, line 4184: unreachable code after return statement
JavaScript warning: https://accounts.google.com/v3/signin/identifier?continue=https%3A%2F%2Faccounts.google.com%2F&dsh=S1644744980%3A1773810724263734&followup=https%3A%2F%2Faccounts.google.com%2F&ifkv=ASfE1-osIlx4s7SELHlqjybKAD6Vx1fOBTGCInobxio4eqOTPUZuS_yRRIWnRUMZIm0b3qPkF4z00A&passive=1209600&flowName=GlifWebSignIn&flowEntry=ServiceLogin line 1331 > injectedScript, line 4184: unreachable code after return statement
JavaScript warning: https://accounts.google.com/v3/signin/identifier?continue=https%3A%2F%2Faccounts.google.com%2F&dsh=S1644744980%3A1773810724263734&followup=https%3A%2F%2Faccounts.google.com%2F&ifkv=ASfE1-osIlx4s7SELHlqjybKAD6Vx1fOBTGCInobxio4eqOTPUZuS_yRRIWnRUMZIm0b3qPkF4z00A&passive=1209600&flowName=GlifWebSignIn&flowEntry=ServiceLogin line 1331 > injectedScript, line 4184: unreachable code after return statement
JavaScript warning: https://accounts.google.com/v3/signin/identifier?continue=https%3A%2F%2Faccounts.google.com%2F&dsh=S1644744980%3A1773810724263734&followup=https%3A%2F%2Faccounts.google.com%2F&ifkv=ASfE1-osIlx4s7SELHlqjybKAD6Vx1fOBTGCInobxio4eqOTPUZuS_yRRIWnRUMZIm0b3qPkF4z00A&passive=1209600&flowName=GlifWebSignIn&flowEntry=ServiceLogin line 1331 > injectedScript line 2 > eval, line 4184: unreachable code after return statement
JavaScript warning: https://accounts.google.com/v3/signin/identifier?continue=https%3A%2F%2Faccounts.google.com%2F&dsh=S1644744980%3A1773810724263734&followup=https%3A%2F%2Faccounts.google.com%2F&ifkv=ASfE1-osIlx4s7SELHlqjybKAD6Vx1fOBTGCInobxio4eqOTPUZuS_yRRIWnRUMZIm0b3qPkF4z00A&passive=1209600&flowName=GlifWebSignIn&flowEntry=ServiceLogin line 1331 > injectedScript line 2 > eval, line 4184: unreachable code after return statement
JavaScript warning: https://accounts.google.com/v3/signin/identifier?continue=https%3A%2F%2Faccounts.google.com%2F&dsh=S1644744980%3A1773810724263734&followup=https%3A%2F%2Faccounts.google.com%2F&ifkv=ASfE1-osIlx4s7SELHlqjybKAD6Vx1fOBTGCInobxio4eqOTPUZuS_yRRIWnRUMZIm0b3qPkF4z00A&passive=1209600&flowName=GlifWebSignIn&flowEntry=ServiceLogin line 1331 > injectedScript line 2 > eval, line 4184: unreachable code after return statement
JavaScript warning: https://accounts.google.com/v3/signin/identifier?continue=https%3A%2F%2Faccounts.google.com%2F&dsh=S1644744980%3A1773810724263734&followup=https%3A%2F%2Faccounts.google.com%2F&ifkv=ASfE1-osIlx4s7SELHlqjybKAD6Vx1fOBTGCInobxio4eqOTPUZuS_yRRIWnRUMZIm0b3qPkF4z00A&passive=1209600&flowName=GlifWebSignIn&flowEntry=ServiceLogin line 1331 > injectedScript line 2 > eval, line 4184: unreachable code after return statement
JavaScript warning: https://accounts.google.com/v3/signin/identifier?continue=https%3A%2F%2Faccounts.google.com%2F&dsh=S1644744980%3A1773810724263734&followup=https%3A%2F%2Faccounts.google.com%2F&ifkv=ASfE1-osIlx4s7SELHlqjybKAD6Vx1fOBTGCInobxio4eqOTPUZuS_yRRIWnRUMZIm0b3qPkF4z00A&passive=1209600&flowName=GlifWebSignIn&flowEntry=ServiceLogin line 1331 > injectedScript line 2 > eval line 4184 > eval, line 1: unreachable code after return statement
JavaScript warning: https://accounts.google.com/v3/signin/identifier?continue=https%3A%2F%2Faccounts.google.com%2F&dsh=S1644744980%3A1773810724263734&followup=https%3A%2F%2Faccounts.google.com%2F&ifkv=ASfE1-osIlx4s7SELHlqjybKAD6Vx1fOBTGCInobxio4eqOTPUZuS_yRRIWnRUMZIm0b3qPkF4z00A&passive=1209600&flowName=GlifWebSignIn&flowEntry=ServiceLogin line 1331 > injectedScript line 2 > eval line 4184 > eval line 1 > eval, line 1: unreachable code after return statement
JavaScript warning: https://accounts.google.com/v3/signin/identifier?continue=https%3A%2F%2Faccounts.google.com%2F&dsh=S1644744980%3A1773810724263734&followup=https%3A%2F%2Faccounts.google.com%2F&ifkv=ASfE1-osIlx4s7SELHlqjybKAD6Vx1fOBTGCInobxio4eqOTPUZuS_yRRIWnRUMZIm0b3qPkF4z00A&passive=1209600&flowName=GlifWebSignIn&flowEntry=ServiceLogin line 1331 > injectedScript line 2 > eval line 4184 > eval, line 1: unreachable code after return statement
JavaScript warning: https://accounts.google.com/v3/signin/identifier?continue=https%3A%2F%2Faccounts.google.com%2F&dsh=S1644744980%3A1773810724263734&followup=https%3A%2F%2Faccounts.google.com%2F&ifkv=ASfE1-osIlx4s7SELHlqjybKAD6Vx1fOBTGCInobxio4eqOTPUZuS_yRRIWnRUMZIm0b3qPkF4z00A&passive=1209600&flowName=GlifWebSignIn&flowEntry=ServiceLogin line 1331 > injectedScript line 2 > eval line 4184 > eval line 1 > eval, line 1: unreachable code after return statement
JavaScript warning: https://accounts.google.com/v3/signin/identifier?continue=https%3A%2F%2Faccounts.google.com%2F&dsh=S1644744980%3A1773810724263734&followup=https%3A%2F%2Faccounts.google.com%2F&ifkv=ASfE1-osIlx4s7SELHlqjybKAD6Vx1fOBTGCInobxio4eqOTPUZuS_yRRIWnRUMZIm0b3qPkF4z00A&passive=1209600&flowName=GlifWebSignIn&flowEntry=ServiceLogin line 1331 > injectedScript line 2 > eval, line 4184: unreachable code after return statement
JavaScript warning: https://accounts.google.com/v3/signin/identifier?continue=https%3A%2F%2Faccounts.google.com%2F&dsh=S1644744980%3A1773810724263734&followup=https%3A%2F%2Faccounts.google.com%2F&ifkv=ASfE1-osIlx4s7SELHlqjybKAD6Vx1fOBTGCInobxio4eqOTPUZuS_yRRIWnRUMZIm0b3qPkF4z00A&passive=1209600&flowName=GlifWebSignIn&flowEntry=ServiceLogin line 1331 > injectedScript line 2 > eval line 4184 > eval line 1 > eval, line 1: unreachable code after return statement
JavaScript warning: https://accounts.google.com/v3/signin/identifier?continue=https%3A%2F%2Faccounts.google.com%2F&dsh=S1644744980%3A1773810724263734&followup=https%3A%2F%2Faccounts.google.com%2F&ifkv=ASfE1-osIlx4s7SELHlqjybKAD6Vx1fOBTGCInobxio4eqOTPUZuS_yRRIWnRUMZIm0b3qPkF4z00A&passive=1209600&flowName=GlifWebSignIn&flowEntry=ServiceLogin line 1331 > injectedScript line 2 > eval line 4184 > eval line 1 > eval, line 1: unreachable code after return statement
JavaScript warning: https://accounts.google.com/v3/signin/identifier?continue=https%3A%2F%2Faccounts.google.com%2F&dsh=S1644744980%3A1773810724263734&followup=https%3A%2F%2Faccounts.google.com%2F&ifkv=ASfE1-osIlx4s7SELHlqjybKAD6Vx1fOBTGCInobxio4eqOTPUZuS_yRRIWnRUMZIm0b3qPkF4z00A&passive=1209600&flowName=GlifWebSignIn&flowEntry=ServiceLogin line 1331 > injectedScript line 2 > eval line 4184 > eval line 1 > eval, line 1: unreachable code after return statement
JavaScript warning: https://accounts.google.com/v3/signin/identifier?continue=https%3A%2F%2Faccounts.google.com%2F&dsh=S1644744980%3A1773810724263734&followup=https%3A%2F%2Faccounts.google.com%2F&ifkv=ASfE1-osIlx4s7SELHlqjybKAD6Vx1fOBTGCInobxio4eqOTPUZuS_yRRIWnRUMZIm0b3qPkF4z00A&passive=1209600&flowName=GlifWebSignIn&flowEntry=ServiceLogin line 1331 > injectedScript line 2 > eval line 4184 > eval line 1 > eval line 1 > eval, line 1: unreachable code after return statement
JavaScript warning: https://accounts.google.com/v3/signin/identifier?continue=https%3A%2F%2Faccounts.google.com%2F&dsh=S1644744980%3A1773810724263734&followup=https%3A%2F%2Faccounts.google.com%2F&ifkv=ASfE1-osIlx4s7SELHlqjybKAD6Vx1fOBTGCInobxio4eqOTPUZuS_yRRIWnRUMZIm0b3qPkF4z00A&passive=1209600&flowName=GlifWebSignIn&flowEntry=ServiceLogin line 1331 > injectedScript line 2 > eval line 4184 > eval line 1 > eval line 1 > eval, line 1: unreachable code after return statement
JavaScript warning: https://accounts.google.com/v3/signin/identifier?continue=https%3A%2F%2Faccounts.google.com%2F&dsh=S1644744980%3A1773810724263734&followup=https%3A%2F%2Faccounts.google.com%2F&ifkv=ASfE1-osIlx4s7SELHlqjybKAD6Vx1fOBTGCInobxio4eqOTPUZuS_yRRIWnRUMZIm0b3qPkF4z00A&passive=1209600&flowName=GlifWebSignIn&flowEntry=ServiceLogin line 1331 > injectedScript line 2 > eval line 4184 > eval line 1 > eval line 1 > eval, line 1: unreachable code after return statement
JavaScript warning: https://accounts.google.com/v3/signin/identifier?dsh=S-2113756075%3A1773810726506741&ifkv=ASfE1-q6ZfwboreOzrv2RUrJwZyqwQT4Em2NBuo50CPvarPrPsHgHAP2fkVKBfkChry8WZyKEtrqCQ&flowName=GlifWebSignIn&flowEntry=ServiceLogin line 1331 > injectedScript, line 5690: unreachable code after return statement
JavaScript warning: https://accounts.google.com/v3/signin/identifier?dsh=S-2113756075%3A1773810726506741&ifkv=ASfE1-q6ZfwboreOzrv2RUrJwZyqwQT4Em2NBuo50CPvarPrPsHgHAP2fkVKBfkChry8WZyKEtrqCQ&flowName=GlifWebSignIn&flowEntry=ServiceLogin line 1331 > injectedScript, line 5690: unreachable code after return statement
JavaScript warning: https://accounts.google.com/v3/signin/identifier?dsh=S-2113756075%3A1773810726506741&ifkv=ASfE1-q6ZfwboreOzrv2RUrJwZyqwQT4Em2NBuo50CPvarPrPsHgHAP2fkVKBfkChry8WZyKEtrqCQ&flowName=GlifWebSignIn&flowEntry=ServiceLogin line 1331 > injectedScript, line 5690: unreachable code after return statement
JavaScript warning: https://accounts.google.com/v3/signin/identifier?dsh=S-2113756075%3A1773810726506741&ifkv=ASfE1-q6ZfwboreOzrv2RUrJwZyqwQT4Em2NBuo50CPvarPrPsHgHAP2fkVKBfkChry8WZyKEtrqCQ&flowName=GlifWebSignIn&flowEntry=ServiceLogin line 1331 > injectedScript, line 5690: unreachable code after return statement
JavaScript warning: https://accounts.google.com/v3/signin/identifier?dsh=S-2113756075%3A1773810726506741&ifkv=ASfE1-q6ZfwboreOzrv2RUrJwZyqwQT4Em2NBuo50CPvarPrPsHgHAP2fkVKBfkChry8WZyKEtrqCQ&flowName=GlifWebSignIn&flowEntry=ServiceLogin line 1331 > injectedScript, line 5690: unreachable code after return statement
JavaScript warning: https://accounts.google.com/v3/signin/identifier?dsh=S-2113756075%3A1773810726506741&ifkv=ASfE1-q6ZfwboreOzrv2RUrJwZyqwQT4Em2NBuo50CPvarPrPsHgHAP2fkVKBfkChry8WZyKEtrqCQ&flowName=GlifWebSignIn&flowEntry=ServiceLogin line 1331 > injectedScript, line 5690: unreachable code after return statement
JavaScript warning: https://accounts.google.com/v3/signin/identifier?dsh=S-2113756075%3A1773810726506741&ifkv=ASfE1-q6ZfwboreOzrv2RUrJwZyqwQT4Em2NBuo50CPvarPrPsHgHAP2fkVKBfkChry8WZyKEtrqCQ&flowName=GlifWebSignIn&flowEntry=ServiceLogin line 1331 > injectedScript line 2 > eval, line 5690: unreachable code after return statement
JavaScript warning: https://accounts.google.com/v3/signin/identifier?dsh=S-2113756075%3A1773810726506741&ifkv=ASfE1-q6ZfwboreOzrv2RUrJwZyqwQT4Em2NBuo50CPvarPrPsHgHAP2fkVKBfkChry8WZyKEtrqCQ&flowName=GlifWebSignIn&flowEntry=ServiceLogin line 1331 > injectedScript line 2 > eval, line 5690: unreachable code after return statement
JavaScript warning: https://accounts.google.com/v3/signin/identifier?dsh=S-2113756075%3A1773810726506741&ifkv=ASfE1-q6ZfwboreOzrv2RUrJwZyqwQT4Em2NBuo50CPvarPrPsHgHAP2fkVKBfkChry8WZyKEtrqCQ&flowName=GlifWebSignIn&flowEntry=ServiceLogin line 1331 > injectedScript line 2 > eval, line 5690: unreachable code after return statement
JavaScript warning: https://accounts.google.com/v3/signin/identifier?dsh=S-2113756075%3A1773810726506741&ifkv=ASfE1-q6ZfwboreOzrv2RUrJwZyqwQT4Em2NBuo50CPvarPrPsHgHAP2fkVKBfkChry8WZyKEtrqCQ&flowName=GlifWebSignIn&flowEntry=ServiceLogin line 1331 > injectedScript line 2 > eval, line 5690: unreachable code after return statement
JavaScript warning: https://accounts.google.com/v3/signin/identifier?dsh=S-2113756075%3A1773810726506741&ifkv=ASfE1-q6ZfwboreOzrv2RUrJwZyqwQT4Em2NBuo50CPvarPrPsHgHAP2fkVKBfkChry8WZyKEtrqCQ&flowName=GlifWebSignIn&flowEntry=ServiceLogin line 1331 > injectedScript line 2 > eval line 5690 > eval, line 1: unreachable code after return statement
JavaScript warning: https://accounts.google.com/v3/signin/identifier?dsh=S-2113756075%3A1773810726506741&ifkv=ASfE1-q6ZfwboreOzrv2RUrJwZyqwQT4Em2NBuo50CPvarPrPsHgHAP2fkVKBfkChry8WZyKEtrqCQ&flowName=GlifWebSignIn&flowEntry=ServiceLogin line 1331 > injectedScript line 2 > eval line 5690 > eval line 1 > eval, line 1: unreachable code after return statement
JavaScript warning: https://accounts.google.com/v3/signin/identifier?dsh=S-2113756075%3A1773810726506741&ifkv=ASfE1-q6ZfwboreOzrv2RUrJwZyqwQT4Em2NBuo50CPvarPrPsHgHAP2fkVKBfkChry8WZyKEtrqCQ&flowName=GlifWebSignIn&flowEntry=ServiceLogin line 1331 > injectedScript line 2 > eval line 5690 > eval, line 1: unreachable code after return statement
JavaScript warning: https://accounts.google.com/v3/signin/identifier?dsh=S-2113756075%3A1773810726506741&ifkv=ASfE1-q6ZfwboreOzrv2RUrJwZyqwQT4Em2NBuo50CPvarPrPsHgHAP2fkVKBfkChry8WZyKEtrqCQ&flowName=GlifWebSignIn&flowEntry=ServiceLogin line 1331 > injectedScript line 2 > eval line 5690 > eval line 1 > eval, line 1: unreachable code after return statement
JavaScript warning: https://accounts.google.com/v3/signin/identifier?dsh=S-2113756075%3A1773810726506741&ifkv=ASfE1-q6ZfwboreOzrv2RUrJwZyqwQT4Em2NBuo50CPvarPrPsHgHAP2fkVKBfkChry8WZyKEtrqCQ&flowName=GlifWebSignIn&flowEntry=ServiceLogin line 1331 > injectedScript line 2 > eval, line 5690: unreachable code after return statement
JavaScript warning: https://accounts.google.com/v3/signin/identifier?dsh=S-2113756075%3A1773810726506741&ifkv=ASfE1-q6ZfwboreOzrv2RUrJwZyqwQT4Em2NBuo50CPvarPrPsHgHAP2fkVKBfkChry8WZyKEtrqCQ&flowName=GlifWebSignIn&flowEntry=ServiceLogin line 1331 > injectedScript line 2 > eval line 5690 > eval line 1 > eval, line 1: unreachable code after return statement
JavaScript warning: https://accounts.google.com/v3/signin/identifier?dsh=S-2113756075%3A1773810726506741&ifkv=ASfE1-q6ZfwboreOzrv2RUrJwZyqwQT4Em2NBuo50CPvarPrPsHgHAP2fkVKBfkChry8WZyKEtrqCQ&flowName=GlifWebSignIn&flowEntry=ServiceLogin line 1331 > injectedScript line 2 > eval line 5690 > eval line 1 > eval, line 1: unreachable code after return statement
JavaScript warning: https://accounts.google.com/v3/signin/identifier?dsh=S-2113756075%3A1773810726506741&ifkv=ASfE1-q6ZfwboreOzrv2RUrJwZyqwQT4Em2NBuo50CPvarPrPsHgHAP2fkVKBfkChry8WZyKEtrqCQ&flowName=GlifWebSignIn&flowEntry=ServiceLogin line 1331 > injectedScript line 2 > eval line 5690 > eval line 1 > eval, line 1: unreachable code after return statement
JavaScript warning: https://accounts.google.com/v3/signin/identifier?dsh=S-2113756075%3A1773810726506741&ifkv=ASfE1-q6ZfwboreOzrv2RUrJwZyqwQT4Em2NBuo50CPvarPrPsHgHAP2fkVKBfkChry8WZyKEtrqCQ&flowName=GlifWebSignIn&flowEntry=ServiceLogin line 1331 > injectedScript line 2 > eval line 5690 > eval line 1 > eval line 1 > eval, line 1: unreachable code after return statement
JavaScript warning: https://accounts.google.com/v3/signin/identifier?dsh=S-2113756075%3A1773810726506741&ifkv=ASfE1-q6ZfwboreOzrv2RUrJwZyqwQT4Em2NBuo50CPvarPrPsHgHAP2fkVKBfkChry8WZyKEtrqCQ&flowName=GlifWebSignIn&flowEntry=ServiceLogin line 1331 > injectedScript line 2 > eval line 5690 > eval line 1 > eval line 1 > eval, line 1: unreachable code after return statement
JavaScript warning: https://accounts.google.com/v3/signin/identifier?dsh=S-2113756075%3A1773810726506741&ifkv=ASfE1-q6ZfwboreOzrv2RUrJwZyqwQT4Em2NBuo50CPvarPrPsHgHAP2fkVKBfkChry8WZyKEtrqCQ&flowName=GlifWebSignIn&flowEntry=ServiceLogin line 1331 > injectedScript line 2 > eval line 5690 > eval line 1 > eval line 1 > eval, line 1: unreachable code after return statement
JavaScript warning: https://accounts.google.com/v3/signin/identifier?dsh=S-2113756075%3A1773810726506741&ifkv=ASfE1-q6ZfwboreOzrv2RUrJwZyqwQT4Em2NBuo50CPvarPrPsHgHAP2fkVKBfkChry8WZyKEtrqCQ&flowName=GlifWebSignIn&flowEntry=ServiceLogin line 1331 > injectedScript, line 4133: unreachable code after return statement
JavaScript warning: https://accounts.google.com/v3/signin/identifier?dsh=S-2113756075%3A1773810726506741&ifkv=ASfE1-q6ZfwboreOzrv2RUrJwZyqwQT4Em2NBuo50CPvarPrPsHgHAP2fkVKBfkChry8WZyKEtrqCQ&flowName=GlifWebSignIn&flowEntry=ServiceLogin line 1331 > injectedScript, line 4133: unreachable code after return statement
JavaScript warning: https://accounts.google.com/v3/signin/identifier?dsh=S-2113756075%3A1773810726506741&ifkv=ASfE1-q6ZfwboreOzrv2RUrJwZyqwQT4Em2NBuo50CPvarPrPsHgHAP2fkVKBfkChry8WZyKEtrqCQ&flowName=GlifWebSignIn&flowEntry=ServiceLogin line 1331 > injectedScript, line 4133: unreachable code after return statement
JavaScript warning: https://accounts.google.com/v3/signin/identifier?dsh=S-2113756075%3A1773810726506741&ifkv=ASfE1-q6ZfwboreOzrv2RUrJwZyqwQT4Em2NBuo50CPvarPrPsHgHAP2fkVKBfkChry8WZyKEtrqCQ&flowName=GlifWebSignIn&flowEntry=ServiceLogin line 1331 > injectedScript, line 4133: unreachable code after return statement
JavaScript warning: https://accounts.google.com/v3/signin/identifier?dsh=S-2113756075%3A1773810726506741&ifkv=ASfE1-q6ZfwboreOzrv2RUrJwZyqwQT4Em2NBuo50CPvarPrPsHgHAP2fkVKBfkChry8WZyKEtrqCQ&flowName=GlifWebSignIn&flowEntry=ServiceLogin line 1331 > injectedScript, line 4133: unreachable code after return statement
JavaScript warning: https://accounts.google.com/v3/signin/identifier?dsh=S-2113756075%3A1773810726506741&ifkv=ASfE1-q6ZfwboreOzrv2RUrJwZyqwQT4Em2NBuo50CPvarPrPsHgHAP2fkVKBfkChry8WZyKEtrqCQ&flowName=GlifWebSignIn&flowEntry=ServiceLogin line 1331 > injectedScript, line 4133: unreachable code after return statement
JavaScript warning: https://accounts.google.com/v3/signin/identifier?dsh=S-2113756075%3A1773810726506741&ifkv=ASfE1-q6ZfwboreOzrv2RUrJwZyqwQT4Em2NBuo50CPvarPrPsHgHAP2fkVKBfkChry8WZyKEtrqCQ&flowName=GlifWebSignIn&flowEntry=ServiceLogin line 1331 > injectedScript line 2 > eval, line 4133: unreachable code after return statement
JavaScript warning: https://accounts.google.com/v3/signin/identifier?dsh=S-2113756075%3A1773810726506741&ifkv=ASfE1-q6ZfwboreOzrv2RUrJwZyqwQT4Em2NBuo50CPvarPrPsHgHAP2fkVKBfkChry8WZyKEtrqCQ&flowName=GlifWebSignIn&flowEntry=ServiceLogin line 1331 > injectedScript line 2 > eval, line 4133: unreachable code after return statement
JavaScript warning: https://accounts.google.com/v3/signin/identifier?dsh=S-2113756075%3A1773810726506741&ifkv=ASfE1-q6ZfwboreOzrv2RUrJwZyqwQT4Em2NBuo50CPvarPrPsHgHAP2fkVKBfkChry8WZyKEtrqCQ&flowName=GlifWebSignIn&flowEntry=ServiceLogin line 1331 > injectedScript line 2 > eval, line 4133: unreachable code after return statement
JavaScript warning: https://accounts.google.com/v3/signin/identifier?dsh=S-2113756075%3A1773810726506741&ifkv=ASfE1-q6ZfwboreOzrv2RUrJwZyqwQT4Em2NBuo50CPvarPrPsHgHAP2fkVKBfkChry8WZyKEtrqCQ&flowName=GlifWebSignIn&flowEntry=ServiceLogin line 1331 > injectedScript line 2 > eval, line 4133: unreachable code after return statement
JavaScript warning: https://accounts.google.com/v3/signin/identifier?dsh=S-2113756075%3A1773810726506741&ifkv=ASfE1-q6ZfwboreOzrv2RUrJwZyqwQT4Em2NBuo50CPvarPrPsHgHAP2fkVKBfkChry8WZyKEtrqCQ&flowName=GlifWebSignIn&flowEntry=ServiceLogin line 1331 > injectedScript line 2 > eval line 4133 > eval, line 1: unreachable code after return statement
JavaScript warning: https://accounts.google.com/v3/signin/identifier?dsh=S-2113756075%3A1773810726506741&ifkv=ASfE1-q6ZfwboreOzrv2RUrJwZyqwQT4Em2NBuo50CPvarPrPsHgHAP2fkVKBfkChry8WZyKEtrqCQ&flowName=GlifWebSignIn&flowEntry=ServiceLogin line 1331 > injectedScript line 2 > eval line 4133 > eval line 1 > eval, line 1: unreachable code after return statement
JavaScript warning: https://accounts.google.com/v3/signin/identifier?dsh=S-2113756075%3A1773810726506741&ifkv=ASfE1-q6ZfwboreOzrv2RUrJwZyqwQT4Em2NBuo50CPvarPrPsHgHAP2fkVKBfkChry8WZyKEtrqCQ&flowName=GlifWebSignIn&flowEntry=ServiceLogin line 1331 > injectedScript line 2 > eval line 4133 > eval, line 1: unreachable code after return statement
JavaScript warning: https://accounts.google.com/v3/signin/identifier?dsh=S-2113756075%3A1773810726506741&ifkv=ASfE1-q6ZfwboreOzrv2RUrJwZyqwQT4Em2NBuo50CPvarPrPsHgHAP2fkVKBfkChry8WZyKEtrqCQ&flowName=GlifWebSignIn&flowEntry=ServiceLogin line 1331 > injectedScript line 2 > eval line 4133 > eval line 1 > eval, line 1: unreachable code after return statement
JavaScript warning: https://accounts.google.com/v3/signin/identifier?dsh=S-2113756075%3A1773810726506741&ifkv=ASfE1-q6ZfwboreOzrv2RUrJwZyqwQT4Em2NBuo50CPvarPrPsHgHAP2fkVKBfkChry8WZyKEtrqCQ&flowName=GlifWebSignIn&flowEntry=ServiceLogin line 1331 > injectedScript line 2 > eval, line 4133: unreachable code after return statement
JavaScript warning: https://accounts.google.com/v3/signin/identifier?dsh=S-2113756075%3A1773810726506741&ifkv=ASfE1-q6ZfwboreOzrv2RUrJwZyqwQT4Em2NBuo50CPvarPrPsHgHAP2fkVKBfkChry8WZyKEtrqCQ&flowName=GlifWebSignIn&flowEntry=ServiceLogin line 1331 > injectedScript line 2 > eval line 4133 > eval line 1 > eval, line 1: unreachable code after return statement
JavaScript warning: https://accounts.google.com/v3/signin/identifier?dsh=S-2113756075%3A1773810726506741&ifkv=ASfE1-q6ZfwboreOzrv2RUrJwZyqwQT4Em2NBuo50CPvarPrPsHgHAP2fkVKBfkChry8WZyKEtrqCQ&flowName=GlifWebSignIn&flowEntry=ServiceLogin line 1331 > injectedScript line 2 > eval line 4133 > eval line 1 > eval, line 1: unreachable code after return statement
JavaScript warning: https://accounts.google.com/v3/signin/identifier?dsh=S-2113756075%3A1773810726506741&ifkv=ASfE1-q6ZfwboreOzrv2RUrJwZyqwQT4Em2NBuo50CPvarPrPsHgHAP2fkVKBfkChry8WZyKEtrqCQ&flowName=GlifWebSignIn&flowEntry=ServiceLogin line 1331 > injectedScript line 2 > eval line 4133 > eval line 1 > eval, line 1: unreachable code after return statement
JavaScript warning: https://accounts.google.com/v3/signin/identifier?dsh=S-2113756075%3A1773810726506741&ifkv=ASfE1-q6ZfwboreOzrv2RUrJwZyqwQT4Em2NBuo50CPvarPrPsHgHAP2fkVKBfkChry8WZyKEtrqCQ&flowName=GlifWebSignIn&flowEntry=ServiceLogin line 1331 > injectedScript line 2 > eval line 4133 > eval line 1 > eval line 1 > eval, line 1: unreachable code after return statement
JavaScript warning: https://accounts.google.com/v3/signin/identifier?dsh=S-2113756075%3A1773810726506741&ifkv=ASfE1-q6ZfwboreOzrv2RUrJwZyqwQT4Em2NBuo50CPvarPrPsHgHAP2fkVKBfkChry8WZyKEtrqCQ&flowName=GlifWebSignIn&flowEntry=ServiceLogin line 1331 > injectedScript line 2 > eval line 4133 > eval line 1 > eval line 1 > eval, line 1: unreachable code after return statement
JavaScript warning: https://accounts.google.com/v3/signin/identifier?dsh=S-2113756075%3A1773810726506741&ifkv=ASfE1-q6ZfwboreOzrv2RUrJwZyqwQT4Em2NBuo50CPvarPrPsHgHAP2fkVKBfkChry8WZyKEtrqCQ&flowName=GlifWebSignIn&flowEntry=ServiceLogin line 1331 > injectedScript line 2 > eval line 4133 > eval line 1 > eval line 1 > eval, line 1: unreachable code after return statement
Can't find symbol 'eglSwapBuffersWithDamageEXT'.
1773810733554	Marionette	INFO	Stopped listening on port 60766
[Parent 10288, Gecko_IOThread] WARNING: file /builds/worker/checkouts/gecko/ipc/chromium/src/base/process_util_win.cc, line 166

###!!! [Child][RunMessage] Error: Channel closing: too late to send/recv, messages will be lost


###!!! [Child][MessageChannel::SendAndWait] Error: Channel error: cannot send/recv

1773810865099	geckodriver	INFO	Listening on 127.0.0.1:59365
1773810868189	mozrunner::runner	INFO	Running command: "C:\\Users\\chipc\\Desktop\\techlaai_automation\\gmail_automation\\FirefoxPortable\\firefox.exe" "--marionette" "-profile" "C:\\Users\\chipc\\Desktop\\techlaai_automation\\gmail_automation\\firefox_profiles\\nguyentrungda615" "--no-sandbox" "--start-maximized" "--disable-dev-shm-usage" "--disable-blink-features=AutomationControlled" "--disable-web-security" "--ignore-certificate-errors" "--disable-notifications" "--disable-infobars" "--disable-extensions" "--remote-debugging-port" "59366" "-no-remote"
Can't find symbol 'eglSwapBuffersWithDamageEXT'.
1773810869639	Marionette	INFO	Listening on port 59372
1773810869765	Marionette	WARN	TLS certificate errors will be ignored for this session
JavaScript warning: https://accounts.google.com/v3/signin/identifier?continue=https%3A%2F%2Faccounts.google.com%2F&dsh=S-1893388100%3A1773810869556592&followup=https%3A%2F%2Faccounts.google.com%2F&ifkv=ASfE1-oaQsiCEvkskwfdceHBHP5jVWbkpaESBzLQh9V8SfIMZxmt5HyNf40Cdq9nSIqstoVqvafnNA&passive=1209600&flowName=GlifWebSignIn&flowEntry=ServiceLogin line 1331 > injectedScript, line 6726: unreachable code after return statement
JavaScript warning: https://accounts.google.com/v3/signin/identifier?continue=https%3A%2F%2Faccounts.google.com%2F&dsh=S-1893388100%3A1773810869556592&followup=https%3A%2F%2Faccounts.google.com%2F&ifkv=ASfE1-oaQsiCEvkskwfdceHBHP5jVWbkpaESBzLQh9V8SfIMZxmt5HyNf40Cdq9nSIqstoVqvafnNA&passive=1209600&flowName=GlifWebSignIn&flowEntry=ServiceLogin line 1331 > injectedScript, line 6726: unreachable code after return statement
JavaScript warning: https://accounts.google.com/v3/signin/identifier?continue=https%3A%2F%2Faccounts.google.com%2F&dsh=S-1893388100%3A1773810869556592&followup=https%3A%2F%2Faccounts.google.com%2F&ifkv=ASfE1-oaQsiCEvkskwfdceHBHP5jVWbkpaESBzLQh9V8SfIMZxmt5HyNf40Cdq9nSIqstoVqvafnNA&passive=1209600&flowName=GlifWebSignIn&flowEntry=ServiceLogin line 1331 > injectedScript, line 6726: unreachable code after return statement
JavaScript warning: https://accounts.google.com/v3/signin/identifier?continue=https%3A%2F%2Faccounts.google.com%2F&dsh=S-1893388100%3A1773810869556592&followup=https%3A%2F%2Faccounts.google.com%2F&ifkv=ASfE1-oaQsiCEvkskwfdceHBHP5jVWbkpaESBzLQh9V8SfIMZxmt5HyNf40Cdq9nSIqstoVqvafnNA&passive=1209600&flowName=GlifWebSignIn&flowEntry=ServiceLogin line 1331 > injectedScript, line 6726: unreachable code after return statement
JavaScript warning: https://accounts.google.com/v3/signin/identifier?continue=https%3A%2F%2Faccounts.google.com%2F&dsh=S-1893388100%3A1773810869556592&followup=https%3A%2F%2Faccounts.google.com%2F&ifkv=ASfE1-oaQsiCEvkskwfdceHBHP5jVWbkpaESBzLQh9V8SfIMZxmt5HyNf40Cdq9nSIqstoVqvafnNA&passive=1209600&flowName=GlifWebSignIn&flowEntry=ServiceLogin line 1331 > injectedScript, line 6726: unreachable code after return statement
JavaScript warning: https://accounts.google.com/v3/signin/identifier?continue=https%3A%2F%2Faccounts.google.com%2F&dsh=S-1893388100%3A1773810869556592&followup=https%3A%2F%2Faccounts.google.com%2F&ifkv=ASfE1-oaQsiCEvkskwfdceHBHP5jVWbkpaESBzLQh9V8SfIMZxmt5HyNf40Cdq9nSIqstoVqvafnNA&passive=1209600&flowName=GlifWebSignIn&flowEntry=ServiceLogin line 1331 > injectedScript, line 6726: unreachable code after return statement
JavaScript warning: https://accounts.google.com/v3/signin/identifier?continue=https%3A%2F%2Faccounts.google.com%2F&dsh=S-1893388100%3A1773810869556592&followup=https%3A%2F%2Faccounts.google.com%2F&ifkv=ASfE1-oaQsiCEvkskwfdceHBHP5jVWbkpaESBzLQh9V8SfIMZxmt5HyNf40Cdq9nSIqstoVqvafnNA&passive=1209600&flowName=GlifWebSignIn&flowEntry=ServiceLogin line 1331 > injectedScript line 2 > eval, line 6726: unreachable code after return statement
JavaScript warning: https://accounts.google.com/v3/signin/identifier?continue=https%3A%2F%2Faccounts.google.com%2F&dsh=S-1893388100%3A1773810869556592&followup=https%3A%2F%2Faccounts.google.com%2F&ifkv=ASfE1-oaQsiCEvkskwfdceHBHP5jVWbkpaESBzLQh9V8SfIMZxmt5HyNf40Cdq9nSIqstoVqvafnNA&passive=1209600&flowName=GlifWebSignIn&flowEntry=ServiceLogin line 1331 > injectedScript line 2 > eval, line 6726: unreachable code after return statement
JavaScript warning: https://accounts.google.com/v3/signin/identifier?continue=https%3A%2F%2Faccounts.google.com%2F&dsh=S-1893388100%3A1773810869556592&followup=https%3A%2F%2Faccounts.google.com%2F&ifkv=ASfE1-oaQsiCEvkskwfdceHBHP5jVWbkpaESBzLQh9V8SfIMZxmt5HyNf40Cdq9nSIqstoVqvafnNA&passive=1209600&flowName=GlifWebSignIn&flowEntry=ServiceLogin line 1331 > injectedScript line 2 > eval, line 6726: unreachable code after return statement
JavaScript warning: https://accounts.google.com/v3/signin/identifier?continue=https%3A%2F%2Faccounts.google.com%2F&dsh=S-1893388100%3A1773810869556592&followup=https%3A%2F%2Faccounts.google.com%2F&ifkv=ASfE1-oaQsiCEvkskwfdceHBHP5jVWbkpaESBzLQh9V8SfIMZxmt5HyNf40Cdq9nSIqstoVqvafnNA&passive=1209600&flowName=GlifWebSignIn&flowEntry=ServiceLogin line 1331 > injectedScript line 2 > eval, line 6726: unreachable code after return statement
JavaScript warning: https://accounts.google.com/v3/signin/identifier?continue=https%3A%2F%2Faccounts.google.com%2F&dsh=S-1893388100%3A1773810869556592&followup=https%3A%2F%2Faccounts.google.com%2F&ifkv=ASfE1-oaQsiCEvkskwfdceHBHP5jVWbkpaESBzLQh9V8SfIMZxmt5HyNf40Cdq9nSIqstoVqvafnNA&passive=1209600&flowName=GlifWebSignIn&flowEntry=ServiceLogin line 1331 > injectedScript line 2 > eval, line 1: unreachable code after return statement
JavaScript warning: https://accounts.google.com/v3/signin/identifier?continue=https%3A%2F%2Faccounts.google.com%2F&dsh=S-1893388100%3A1773810869556592&followup=https%3A%2F%2Faccounts.google.com%2F&ifkv=ASfE1-oaQsiCEvkskwfdceHBHP5jVWbkpaESBzLQh9V8SfIMZxmt5HyNf40Cdq9nSIqstoVqvafnNA&passive=1209600&flowName=GlifWebSignIn&flowEntry=ServiceLogin line 1331 > injectedScript line 2 > eval line 6726 > eval, line 1: unreachable code after return statement
JavaScript warning: https://accounts.google.com/v3/signin/identifier?continue=https%3A%2F%2Faccounts.google.com%2F&dsh=S-1893388100%3A1773810869556592&followup=https%3A%2F%2Faccounts.google.com%2F&ifkv=ASfE1-oaQsiCEvkskwfdceHBHP5jVWbkpaESBzLQh9V8SfIMZxmt5HyNf40Cdq9nSIqstoVqvafnNA&passive=1209600&flowName=GlifWebSignIn&flowEntry=ServiceLogin line 1331 > injectedScript line 2 > eval, line 1: unreachable code after return statement
JavaScript warning: https://accounts.google.com/v3/signin/identifier?continue=https%3A%2F%2Faccounts.google.com%2F&dsh=S-1893388100%3A1773810869556592&followup=https%3A%2F%2Faccounts.google.com%2F&ifkv=ASfE1-oaQsiCEvkskwfdceHBHP5jVWbkpaESBzLQh9V8SfIMZxmt5HyNf40Cdq9nSIqstoVqvafnNA&passive=1209600&flowName=GlifWebSignIn&flowEntry=ServiceLogin line 1331 > injectedScript line 2 > eval line 6726 > eval, line 1: unreachable code after return statement
JavaScript warning: https://accounts.google.com/v3/signin/identifier?continue=https%3A%2F%2Faccounts.google.com%2F&dsh=S-1893388100%3A1773810869556592&followup=https%3A%2F%2Faccounts.google.com%2F&ifkv=ASfE1-oaQsiCEvkskwfdceHBHP5jVWbkpaESBzLQh9V8SfIMZxmt5HyNf40Cdq9nSIqstoVqvafnNA&passive=1209600&flowName=GlifWebSignIn&flowEntry=ServiceLogin line 1331 > injectedScript line 2 > eval, line 6726: unreachable code after return statement
JavaScript warning: https://accounts.google.com/v3/signin/identifier?continue=https%3A%2F%2Faccounts.google.com%2F&dsh=S-1893388100%3A1773810869556592&followup=https%3A%2F%2Faccounts.google.com%2F&ifkv=ASfE1-oaQsiCEvkskwfdceHBHP5jVWbkpaESBzLQh9V8SfIMZxmt5HyNf40Cdq9nSIqstoVqvafnNA&passive=1209600&flowName=GlifWebSignIn&flowEntry=ServiceLogin line 1331 > injectedScript line 2 > eval line 6726 > eval line 1 > eval, line 1: unreachable code after return statement
JavaScript warning: https://accounts.google.com/v3/signin/identifier?continue=https%3A%2F%2Faccounts.google.com%2F&dsh=S-1893388100%3A1773810869556592&followup=https%3A%2F%2Faccounts.google.com%2F&ifkv=ASfE1-oaQsiCEvkskwfdceHBHP5jVWbkpaESBzLQh9V8SfIMZxmt5HyNf40Cdq9nSIqstoVqvafnNA&passive=1209600&flowName=GlifWebSignIn&flowEntry=ServiceLogin line 1331 > injectedScript line 2 > eval line 6726 > eval line 1 > eval, line 1: unreachable code after return statement
JavaScript warning: https://accounts.google.com/v3/signin/identifier?continue=https%3A%2F%2Faccounts.google.com%2F&dsh=S-1893388100%3A1773810869556592&followup=https%3A%2F%2Faccounts.google.com%2F&ifkv=ASfE1-oaQsiCEvkskwfdceHBHP5jVWbkpaESBzLQh9V8SfIMZxmt5HyNf40Cdq9nSIqstoVqvafnNA&passive=1209600&flowName=GlifWebSignIn&flowEntry=ServiceLogin line 1331 > injectedScript line 2 > eval line 6726 > eval line 1 > eval, line 1: unreachable code after return statement
JavaScript warning: https://accounts.google.com/v3/signin/identifier?continue=https%3A%2F%2Faccounts.google.com%2F&dsh=S-1893388100%3A1773810869556592&followup=https%3A%2F%2Faccounts.google.com%2F&ifkv=ASfE1-oaQsiCEvkskwfdceHBHP5jVWbkpaESBzLQh9V8SfIMZxmt5HyNf40Cdq9nSIqstoVqvafnNA&passive=1209600&flowName=GlifWebSignIn&flowEntry=ServiceLogin line 1331 > injectedScript line 2 > eval line 6726 > eval line 1 > eval line 1 > eval, line 1: unreachable code after return statement
JavaScript warning: https://accounts.google.com/v3/signin/identifier?continue=https%3A%2F%2Faccounts.google.com%2F&dsh=S-1893388100%3A1773810869556592&followup=https%3A%2F%2Faccounts.google.com%2F&ifkv=ASfE1-oaQsiCEvkskwfdceHBHP5jVWbkpaESBzLQh9V8SfIMZxmt5HyNf40Cdq9nSIqstoVqvafnNA&passive=1209600&flowName=GlifWebSignIn&flowEntry=ServiceLogin line 1331 > injectedScript line 2 > eval line 6726 > eval line 1 > eval line 1 > eval, line 1: unreachable code after return statement
JavaScript warning: https://accounts.google.com/v3/signin/identifier?continue=https%3A%2F%2Faccounts.google.com%2F&dsh=S-1893388100%3A1773810869556592&followup=https%3A%2F%2Faccounts.google.com%2F&ifkv=ASfE1-oaQsiCEvkskwfdceHBHP5jVWbkpaESBzLQh9V8SfIMZxmt5HyNf40Cdq9nSIqstoVqvafnNA&passive=1209600&flowName=GlifWebSignIn&flowEntry=ServiceLogin line 1331 > injectedScript line 2 > eval line 6726 > eval line 1 > eval line 1 > eval, line 1: unreachable code after return statement
JavaScript warning: https://accounts.google.com/v3/signin/identifier?continue=https%3A%2F%2Faccounts.google.com%2F&dsh=S-1893388100%3A1773810869556592&followup=https%3A%2F%2Faccounts.google.com%2F&ifkv=ASfE1-oaQsiCEvkskwfdceHBHP5jVWbkpaESBzLQh9V8SfIMZxmt5HyNf40Cdq9nSIqstoVqvafnNA&passive=1209600&flowName=GlifWebSignIn&flowEntry=ServiceLogin line 1331 > injectedScript, line 3391: unreachable code after return statement
JavaScript warning: https://accounts.google.com/v3/signin/identifier?continue=https%3A%2F%2Faccounts.google.com%2F&dsh=S-1893388100%3A1773810869556592&followup=https%3A%2F%2Faccounts.google.com%2F&ifkv=ASfE1-oaQsiCEvkskwfdceHBHP5jVWbkpaESBzLQh9V8SfIMZxmt5HyNf40Cdq9nSIqstoVqvafnNA&passive=1209600&flowName=GlifWebSignIn&flowEntry=ServiceLogin line 1331 > injectedScript, line 3391: unreachable code after return statement
JavaScript warning: https://accounts.google.com/v3/signin/identifier?continue=https%3A%2F%2Faccounts.google.com%2F&dsh=S-1893388100%3A1773810869556592&followup=https%3A%2F%2Faccounts.google.com%2F&ifkv=ASfE1-oaQsiCEvkskwfdceHBHP5jVWbkpaESBzLQh9V8SfIMZxmt5HyNf40Cdq9nSIqstoVqvafnNA&passive=1209600&flowName=GlifWebSignIn&flowEntry=ServiceLogin line 1331 > injectedScript, line 3391: unreachable code after return statement
JavaScript warning: https://accounts.google.com/v3/signin/identifier?continue=https%3A%2F%2Faccounts.google.com%2F&dsh=S-1893388100%3A1773810869556592&followup=https%3A%2F%2Faccounts.google.com%2F&ifkv=ASfE1-oaQsiCEvkskwfdceHBHP5jVWbkpaESBzLQh9V8SfIMZxmt5HyNf40Cdq9nSIqstoVqvafnNA&passive=1209600&flowName=GlifWebSignIn&flowEntry=ServiceLogin line 1331 > injectedScript, line 3391: unreachable code after return statement
JavaScript warning: https://accounts.google.com/v3/signin/identifier?continue=https%3A%2F%2Faccounts.google.com%2F&dsh=S-1893388100%3A1773810869556592&followup=https%3A%2F%2Faccounts.google.com%2F&ifkv=ASfE1-oaQsiCEvkskwfdceHBHP5jVWbkpaESBzLQh9V8SfIMZxmt5HyNf40Cdq9nSIqstoVqvafnNA&passive=1209600&flowName=GlifWebSignIn&flowEntry=ServiceLogin line 1331 > injectedScript, line 3391: unreachable code after return statement
JavaScript warning: https://accounts.google.com/v3/signin/identifier?continue=https%3A%2F%2Faccounts.google.com%2F&dsh=S-1893388100%3A1773810869556592&followup=https%3A%2F%2Faccounts.google.com%2F&ifkv=ASfE1-oaQsiCEvkskwfdceHBHP5jVWbkpaESBzLQh9V8SfIMZxmt5HyNf40Cdq9nSIqstoVqvafnNA&passive=1209600&flowName=GlifWebSignIn&flowEntry=ServiceLogin line 1331 > injectedScript, line 3391: unreachable code after return statement
JavaScript warning: https://accounts.google.com/v3/signin/identifier?continue=https%3A%2F%2Faccounts.google.com%2F&dsh=S-1893388100%3A1773810869556592&followup=https%3A%2F%2Faccounts.google.com%2F&ifkv=ASfE1-oaQsiCEvkskwfdceHBHP5jVWbkpaESBzLQh9V8SfIMZxmt5HyNf40Cdq9nSIqstoVqvafnNA&passive=1209600&flowName=GlifWebSignIn&flowEntry=ServiceLogin line 1331 > injectedScript line 2 > eval, line 3391: unreachable code after return statement
JavaScript warning: https://accounts.google.com/v3/signin/identifier?continue=https%3A%2F%2Faccounts.google.com%2F&dsh=S-1893388100%3A1773810869556592&followup=https%3A%2F%2Faccounts.google.com%2F&ifkv=ASfE1-oaQsiCEvkskwfdceHBHP5jVWbkpaESBzLQh9V8SfIMZxmt5HyNf40Cdq9nSIqstoVqvafnNA&passive=1209600&flowName=GlifWebSignIn&flowEntry=ServiceLogin line 1331 > injectedScript line 2 > eval, line 3391: unreachable code after return statement
JavaScript warning: https://accounts.google.com/v3/signin/identifier?continue=https%3A%2F%2Faccounts.google.com%2F&dsh=S-1893388100%3A1773810869556592&followup=https%3A%2F%2Faccounts.google.com%2F&ifkv=ASfE1-oaQsiCEvkskwfdceHBHP5jVWbkpaESBzLQh9V8SfIMZxmt5HyNf40Cdq9nSIqstoVqvafnNA&passive=1209600&flowName=GlifWebSignIn&flowEntry=ServiceLogin line 1331 > injectedScript line 2 > eval, line 3391: unreachable code after return statement
JavaScript warning: https://accounts.google.com/v3/signin/identifier?continue=https%3A%2F%2Faccounts.google.com%2F&dsh=S-1893388100%3A1773810869556592&followup=https%3A%2F%2Faccounts.google.com%2F&ifkv=ASfE1-oaQsiCEvkskwfdceHBHP5jVWbkpaESBzLQh9V8SfIMZxmt5HyNf40Cdq9nSIqstoVqvafnNA&passive=1209600&flowName=GlifWebSignIn&flowEntry=ServiceLogin line 1331 > injectedScript line 2 > eval, line 3391: unreachable code after return statement
JavaScript warning: https://accounts.google.com/v3/signin/identifier?continue=https%3A%2F%2Faccounts.google.com%2F&dsh=S-1893388100%3A1773810869556592&followup=https%3A%2F%2Faccounts.google.com%2F&ifkv=ASfE1-oaQsiCEvkskwfdceHBHP5jVWbkpaESBzLQh9V8SfIMZxmt5HyNf40Cdq9nSIqstoVqvafnNA&passive=1209600&flowName=GlifWebSignIn&flowEntry=ServiceLogin line 1331 > injectedScript line 2 > eval, line 1: unreachable code after return statement
JavaScript warning: https://accounts.google.com/v3/signin/identifier?continue=https%3A%2F%2Faccounts.google.com%2F&dsh=S-1893388100%3A1773810869556592&followup=https%3A%2F%2Faccounts.google.com%2F&ifkv=ASfE1-oaQsiCEvkskwfdceHBHP5jVWbkpaESBzLQh9V8SfIMZxmt5HyNf40Cdq9nSIqstoVqvafnNA&passive=1209600&flowName=GlifWebSignIn&flowEntry=ServiceLogin line 1331 > injectedScript line 2 > eval line 3391 > eval, line 1: unreachable code after return statement
JavaScript warning: https://accounts.google.com/v3/signin/identifier?continue=https%3A%2F%2Faccounts.google.com%2F&dsh=S-1893388100%3A1773810869556592&followup=https%3A%2F%2Faccounts.google.com%2F&ifkv=ASfE1-oaQsiCEvkskwfdceHBHP5jVWbkpaESBzLQh9V8SfIMZxmt5HyNf40Cdq9nSIqstoVqvafnNA&passive=1209600&flowName=GlifWebSignIn&flowEntry=ServiceLogin line 1331 > injectedScript line 2 > eval, line 1: unreachable code after return statement
JavaScript warning: https://accounts.google.com/v3/signin/identifier?continue=https%3A%2F%2Faccounts.google.com%2F&dsh=S-1893388100%3A1773810869556592&followup=https%3A%2F%2Faccounts.google.com%2F&ifkv=ASfE1-oaQsiCEvkskwfdceHBHP5jVWbkpaESBzLQh9V8SfIMZxmt5HyNf40Cdq9nSIqstoVqvafnNA&passive=1209600&flowName=GlifWebSignIn&flowEntry=ServiceLogin line 1331 > injectedScript line 2 > eval line 3391 > eval, line 1: unreachable code after return statement
JavaScript warning: https://accounts.google.com/v3/signin/identifier?continue=https%3A%2F%2Faccounts.google.com%2F&dsh=S-1893388100%3A1773810869556592&followup=https%3A%2F%2Faccounts.google.com%2F&ifkv=ASfE1-oaQsiCEvkskwfdceHBHP5jVWbkpaESBzLQh9V8SfIMZxmt5HyNf40Cdq9nSIqstoVqvafnNA&passive=1209600&flowName=GlifWebSignIn&flowEntry=ServiceLogin line 1331 > injectedScript line 2 > eval, line 3391: unreachable code after return statement
JavaScript warning: https://accounts.google.com/v3/signin/identifier?continue=https%3A%2F%2Faccounts.google.com%2F&dsh=S-1893388100%3A1773810869556592&followup=https%3A%2F%2Faccounts.google.com%2F&ifkv=ASfE1-oaQsiCEvkskwfdceHBHP5jVWbkpaESBzLQh9V8SfIMZxmt5HyNf40Cdq9nSIqstoVqvafnNA&passive=1209600&flowName=GlifWebSignIn&flowEntry=ServiceLogin line 1331 > injectedScript line 2 > eval line 3391 > eval line 1 > eval, line 1: unreachable code after return statement
JavaScript warning: https://accounts.google.com/v3/signin/identifier?continue=https%3A%2F%2Faccounts.google.com%2F&dsh=S-1893388100%3A1773810869556592&followup=https%3A%2F%2Faccounts.google.com%2F&ifkv=ASfE1-oaQsiCEvkskwfdceHBHP5jVWbkpaESBzLQh9V8SfIMZxmt5HyNf40Cdq9nSIqstoVqvafnNA&passive=1209600&flowName=GlifWebSignIn&flowEntry=ServiceLogin line 1331 > injectedScript line 2 > eval line 3391 > eval line 1 > eval, line 1: unreachable code after return statement
JavaScript warning: https://accounts.google.com/v3/signin/identifier?continue=https%3A%2F%2Faccounts.google.com%2F&dsh=S-1893388100%3A1773810869556592&followup=https%3A%2F%2Faccounts.google.com%2F&ifkv=ASfE1-oaQsiCEvkskwfdceHBHP5jVWbkpaESBzLQh9V8SfIMZxmt5HyNf40Cdq9nSIqstoVqvafnNA&passive=1209600&flowName=GlifWebSignIn&flowEntry=ServiceLogin line 1331 > injectedScript line 2 > eval line 3391 > eval line 1 > eval, line 1: unreachable code after return statement
JavaScript warning: https://accounts.google.com/v3/signin/identifier?continue=https%3A%2F%2Faccounts.google.com%2F&dsh=S-1893388100%3A1773810869556592&followup=https%3A%2F%2Faccounts.google.com%2F&ifkv=ASfE1-oaQsiCEvkskwfdceHBHP5jVWbkpaESBzLQh9V8SfIMZxmt5HyNf40Cdq9nSIqstoVqvafnNA&passive=1209600&flowName=GlifWebSignIn&flowEntry=ServiceLogin line 1331 > injectedScript line 2 > eval line 3391 > eval line 1 > eval line 1 > eval, line 1: unreachable code after return statement
JavaScript warning: https://accounts.google.com/v3/signin/identifier?continue=https%3A%2F%2Faccounts.google.com%2F&dsh=S-1893388100%3A1773810869556592&followup=https%3A%2F%2Faccounts.google.com%2F&ifkv=ASfE1-oaQsiCEvkskwfdceHBHP5jVWbkpaESBzLQh9V8SfIMZxmt5HyNf40Cdq9nSIqstoVqvafnNA&passive=1209600&flowName=GlifWebSignIn&flowEntry=ServiceLogin line 1331 > injectedScript line 2 > eval line 3391 > eval line 1 > eval line 1 > eval, line 1: unreachable code after return statement
JavaScript warning: https://accounts.google.com/v3/signin/identifier?continue=https%3A%2F%2Faccounts.google.com%2F&dsh=S-1893388100%3A1773810869556592&followup=https%3A%2F%2Faccounts.google.com%2F&ifkv=ASfE1-oaQsiCEvkskwfdceHBHP5jVWbkpaESBzLQh9V8SfIMZxmt5HyNf40Cdq9nSIqstoVqvafnNA&passive=1209600&flowName=GlifWebSignIn&flowEntry=ServiceLogin line 1331 > injectedScript line 2 > eval line 3391 > eval line 1 > eval line 1 > eval, line 1: unreachable code after return statement
[Parent 22468, Gecko_IOThread] WARNING: file /builds/worker/checkouts/gecko/ipc/chromium/src/base/process_util_win.cc, line 166
1773810872417	Marionette	INFO	Stopped listening on port 59372

###!!! [Child][RunMessage] Error: Channel closing: too late to send/recv, messages will be lost


###!!! [Child][MessageChannel::SendAndWait] Error: Channel error: cannot send/recv

1773810894976	geckodriver	INFO	Listening on 127.0.0.1:60390
1773810898044	mozrunner::runner	INFO	Running command: "C:\\Users\\chipc\\Desktop\\techlaai_automation\\gmail_automation\\FirefoxPortable\\firefox.exe" "--marionette" "-profile" "C:\\Users\\chipc\\Desktop\\techlaai_automation\\gmail_automation\\firefox_profiles\\nguyentrungda615" "--no-sandbox" "--start-maximized" "--disable-dev-shm-usage" "--disable-blink-features=AutomationControlled" "--disable-web-security" "--ignore-certificate-errors" "--disable-notifications" "--disable-infobars" "--disable-extensions" "--remote-debugging-port" "60391" "-no-remote"
Can't find symbol 'eglSwapBuffersWithDamageEXT'.
console.error: Region.jsm: "Error fetching region" (new TypeError("NetworkError when attempting to fetch resource.", "resource://gre/modules/Prompter.jsm", 1229))
console.error: Region.jsm: "Failed to fetch region" (new Error("NO_RESULT", "resource://gre/modules/Region.jsm", 351))
1773810899457	Marionette	INFO	Listening on port 60430
1773810899586	Marionette	WARN	TLS certificate errors will be ignored for this session
JavaScript error: resource://gre/modules/TelemetrySession.jsm, line 1159: Error: TelemetryStopwatch: finishing nonexisting stopwatch. Histogram: "FOG_EVAL_WINDOW_RAISED_S", key: ""
1773810909694	Marionette	INFO	Stopped listening on port 60430

###!!! [Child][RunMessage] Error: Channel closing: too late to send/recv, messages will be lost


###!!! [Child][MessageChannel::SendAndWait] Error: Channel error: cannot send/recv

1773810921004	geckodriver	INFO	Listening on 127.0.0.1:60536
1773810924054	mozrunner::runner	INFO	Running command: "C:\\Users\\chipc\\Desktop\\techlaai_automation\\gmail_automation\\FirefoxPortable\\firefox.exe" "--marionette" "-profile" "C:\\Users\\chipc\\Desktop\\techlaai_automation\\gmail_automation\\firefox_profiles\\nguyentrungda615" "--no-sandbox" "--start-maximized" "--disable-dev-shm-usage" "--disable-blink-features=AutomationControlled" "--disable-web-security" "--ignore-certificate-errors" "--disable-notifications" "--disable-infobars" "--disable-extensions" "--remote-debugging-port" "60537" "-no-remote"
Can't find symbol 'eglSwapBuffersWithDamageEXT'.
1773810925544	Marionette	INFO	Listening on port 62867
1773810925594	Marionette	WARN	TLS certificate errors will be ignored for this session
JavaScript warning: https://accounts.google.com/v3/signin/identifier?continue=https%3A%2F%2Faccounts.google.com%2F&dsh=S-1020562398%3A1773810925398168&followup=https%3A%2F%2Faccounts.google.com%2F&ifkv=ASfE1-rXRbNexoC5-eUsf8wekBzPjGj6iswzlzYN88aC7u1zrsTrv9TtlIvOsLsR3uPzDUhh-p6UdA&passive=1209600&flowName=GlifWebSignIn&flowEntry=ServiceLogin line 1331 > injectedScript, line 2151: unreachable code after return statement
JavaScript warning: https://accounts.google.com/v3/signin/identifier?continue=https%3A%2F%2Faccounts.google.com%2F&dsh=S-1020562398%3A1773810925398168&followup=https%3A%2F%2Faccounts.google.com%2F&ifkv=ASfE1-rXRbNexoC5-eUsf8wekBzPjGj6iswzlzYN88aC7u1zrsTrv9TtlIvOsLsR3uPzDUhh-p6UdA&passive=1209600&flowName=GlifWebSignIn&flowEntry=ServiceLogin line 1331 > injectedScript, line 2151: unreachable code after return statement
JavaScript warning: https://accounts.google.com/v3/signin/identifier?continue=https%3A%2F%2Faccounts.google.com%2F&dsh=S-1020562398%3A1773810925398168&followup=https%3A%2F%2Faccounts.google.com%2F&ifkv=ASfE1-rXRbNexoC5-eUsf8wekBzPjGj6iswzlzYN88aC7u1zrsTrv9TtlIvOsLsR3uPzDUhh-p6UdA&passive=1209600&flowName=GlifWebSignIn&flowEntry=ServiceLogin line 1331 > injectedScript, line 2151: unreachable code after return statement
JavaScript warning: https://accounts.google.com/v3/signin/identifier?continue=https%3A%2F%2Faccounts.google.com%2F&dsh=S-1020562398%3A1773810925398168&followup=https%3A%2F%2Faccounts.google.com%2F&ifkv=ASfE1-rXRbNexoC5-eUsf8wekBzPjGj6iswzlzYN88aC7u1zrsTrv9TtlIvOsLsR3uPzDUhh-p6UdA&passive=1209600&flowName=GlifWebSignIn&flowEntry=ServiceLogin line 1331 > injectedScript, line 2151: unreachable code after return statement
JavaScript warning: https://accounts.google.com/v3/signin/identifier?continue=https%3A%2F%2Faccounts.google.com%2F&dsh=S-1020562398%3A1773810925398168&followup=https%3A%2F%2Faccounts.google.com%2F&ifkv=ASfE1-rXRbNexoC5-eUsf8wekBzPjGj6iswzlzYN88aC7u1zrsTrv9TtlIvOsLsR3uPzDUhh-p6UdA&passive=1209600&flowName=GlifWebSignIn&flowEntry=ServiceLogin line 1331 > injectedScript, line 2151: unreachable code after return statement
JavaScript warning: https://accounts.google.com/v3/signin/identifier?continue=https%3A%2F%2Faccounts.google.com%2F&dsh=S-1020562398%3A1773810925398168&followup=https%3A%2F%2Faccounts.google.com%2F&ifkv=ASfE1-rXRbNexoC5-eUsf8wekBzPjGj6iswzlzYN88aC7u1zrsTrv9TtlIvOsLsR3uPzDUhh-p6UdA&passive=1209600&flowName=GlifWebSignIn&flowEntry=ServiceLogin line 1331 > injectedScript, line 2151: unreachable code after return statement
JavaScript warning: https://accounts.google.com/v3/signin/identifier?continue=https%3A%2F%2Faccounts.google.com%2F&dsh=S-1020562398%3A1773810925398168&followup=https%3A%2F%2Faccounts.google.com%2F&ifkv=ASfE1-rXRbNexoC5-eUsf8wekBzPjGj6iswzlzYN88aC7u1zrsTrv9TtlIvOsLsR3uPzDUhh-p6UdA&passive=1209600&flowName=GlifWebSignIn&flowEntry=ServiceLogin line 1331 > injectedScript line 2 > eval, line 2151: unreachable code after return statement
JavaScript warning: https://accounts.google.com/v3/signin/identifier?continue=https%3A%2F%2Faccounts.google.com%2F&dsh=S-1020562398%3A1773810925398168&followup=https%3A%2F%2Faccounts.google.com%2F&ifkv=ASfE1-rXRbNexoC5-eUsf8wekBzPjGj6iswzlzYN88aC7u1zrsTrv9TtlIvOsLsR3uPzDUhh-p6UdA&passive=1209600&flowName=GlifWebSignIn&flowEntry=ServiceLogin line 1331 > injectedScript line 2 > eval, line 2151: unreachable code after return statement
JavaScript warning: https://accounts.google.com/v3/signin/identifier?continue=https%3A%2F%2Faccounts.google.com%2F&dsh=S-1020562398%3A1773810925398168&followup=https%3A%2F%2Faccounts.google.com%2F&ifkv=ASfE1-rXRbNexoC5-eUsf8wekBzPjGj6iswzlzYN88aC7u1zrsTrv9TtlIvOsLsR3uPzDUhh-p6UdA&passive=1209600&flowName=GlifWebSignIn&flowEntry=ServiceLogin line 1331 > injectedScript line 2 > eval, line 2151: unreachable code after return statement
JavaScript warning: https://accounts.google.com/v3/signin/identifier?continue=https%3A%2F%2Faccounts.google.com%2F&dsh=S-1020562398%3A1773810925398168&followup=https%3A%2F%2Faccounts.google.com%2F&ifkv=ASfE1-rXRbNexoC5-eUsf8wekBzPjGj6iswzlzYN88aC7u1zrsTrv9TtlIvOsLsR3uPzDUhh-p6UdA&passive=1209600&flowName=GlifWebSignIn&flowEntry=ServiceLogin line 1331 > injectedScript line 2 > eval, line 2151: unreachable code after return statement
JavaScript warning: https://accounts.google.com/v3/signin/identifier?continue=https%3A%2F%2Faccounts.google.com%2F&dsh=S-1020562398%3A1773810925398168&followup=https%3A%2F%2Faccounts.google.com%2F&ifkv=ASfE1-rXRbNexoC5-eUsf8wekBzPjGj6iswzlzYN88aC7u1zrsTrv9TtlIvOsLsR3uPzDUhh-p6UdA&passive=1209600&flowName=GlifWebSignIn&flowEntry=ServiceLogin line 1331 > injectedScript line 2 > eval line 2151 > eval, line 1: unreachable code after return statement
JavaScript warning: https://accounts.google.com/v3/signin/identifier?continue=https%3A%2F%2Faccounts.google.com%2F&dsh=S-1020562398%3A1773810925398168&followup=https%3A%2F%2Faccounts.google.com%2F&ifkv=ASfE1-rXRbNexoC5-eUsf8wekBzPjGj6iswzlzYN88aC7u1zrsTrv9TtlIvOsLsR3uPzDUhh-p6UdA&passive=1209600&flowName=GlifWebSignIn&flowEntry=ServiceLogin line 1331 > injectedScript line 2 > eval line 2151 > eval line 1 > eval, line 1: unreachable code after return statement
JavaScript warning: https://accounts.google.com/v3/signin/identifier?continue=https%3A%2F%2Faccounts.google.com%2F&dsh=S-1020562398%3A1773810925398168&followup=https%3A%2F%2Faccounts.google.com%2F&ifkv=ASfE1-rXRbNexoC5-eUsf8wekBzPjGj6iswzlzYN88aC7u1zrsTrv9TtlIvOsLsR3uPzDUhh-p6UdA&passive=1209600&flowName=GlifWebSignIn&flowEntry=ServiceLogin line 1331 > injectedScript line 2 > eval line 2151 > eval, line 1: unreachable code after return statement
JavaScript warning: https://accounts.google.com/v3/signin/identifier?continue=https%3A%2F%2Faccounts.google.com%2F&dsh=S-1020562398%3A1773810925398168&followup=https%3A%2F%2Faccounts.google.com%2F&ifkv=ASfE1-rXRbNexoC5-eUsf8wekBzPjGj6iswzlzYN88aC7u1zrsTrv9TtlIvOsLsR3uPzDUhh-p6UdA&passive=1209600&flowName=GlifWebSignIn&flowEntry=ServiceLogin line 1331 > injectedScript line 2 > eval line 2151 > eval line 1 > eval, line 1: unreachable code after return statement
JavaScript warning: https://accounts.google.com/v3/signin/identifier?continue=https%3A%2F%2Faccounts.google.com%2F&dsh=S-1020562398%3A1773810925398168&followup=https%3A%2F%2Faccounts.google.com%2F&ifkv=ASfE1-rXRbNexoC5-eUsf8wekBzPjGj6iswzlzYN88aC7u1zrsTrv9TtlIvOsLsR3uPzDUhh-p6UdA&passive=1209600&flowName=GlifWebSignIn&flowEntry=ServiceLogin line 1331 > injectedScript line 2 > eval, line 2151: unreachable code after return statement
JavaScript warning: https://accounts.google.com/v3/signin/identifier?continue=https%3A%2F%2Faccounts.google.com%2F&dsh=S-1020562398%3A1773810925398168&followup=https%3A%2F%2Faccounts.google.com%2F&ifkv=ASfE1-rXRbNexoC5-eUsf8wekBzPjGj6iswzlzYN88aC7u1zrsTrv9TtlIvOsLsR3uPzDUhh-p6UdA&passive=1209600&flowName=GlifWebSignIn&flowEntry=ServiceLogin line 1331 > injectedScript line 2 > eval line 2151 > eval line 1 > eval, line 1: unreachable code after return statement
JavaScript warning: https://accounts.google.com/v3/signin/identifier?continue=https%3A%2F%2Faccounts.google.com%2F&dsh=S-1020562398%3A1773810925398168&followup=https%3A%2F%2Faccounts.google.com%2F&ifkv=ASfE1-rXRbNexoC5-eUsf8wekBzPjGj6iswzlzYN88aC7u1zrsTrv9TtlIvOsLsR3uPzDUhh-p6UdA&passive=1209600&flowName=GlifWebSignIn&flowEntry=ServiceLogin line 1331 > injectedScript line 2 > eval line 2151 > eval line 1 > eval, line 1: unreachable code after return statement
JavaScript warning: https://accounts.google.com/v3/signin/identifier?continue=https%3A%2F%2Faccounts.google.com%2F&dsh=S-1020562398%3A1773810925398168&followup=https%3A%2F%2Faccounts.google.com%2F&ifkv=ASfE1-rXRbNexoC5-eUsf8wekBzPjGj6iswzlzYN88aC7u1zrsTrv9TtlIvOsLsR3uPzDUhh-p6UdA&passive=1209600&flowName=GlifWebSignIn&flowEntry=ServiceLogin line 1331 > injectedScript line 2 > eval line 2151 > eval line 1 > eval, line 1: unreachable code after return statement
JavaScript warning: https://accounts.google.com/v3/signin/identifier?continue=https%3A%2F%2Faccounts.google.com%2F&dsh=S-1020562398%3A1773810925398168&followup=https%3A%2F%2Faccounts.google.com%2F&ifkv=ASfE1-rXRbNexoC5-eUsf8wekBzPjGj6iswzlzYN88aC7u1zrsTrv9TtlIvOsLsR3uPzDUhh-p6UdA&passive=1209600&flowName=GlifWebSignIn&flowEntry=ServiceLogin line 1331 > injectedScript line 2 > eval line 2151 > eval line 1 > eval line 1 > eval, line 1: unreachable code after return statement
JavaScript warning: https://accounts.google.com/v3/signin/identifier?continue=https%3A%2F%2Faccounts.google.com%2F&dsh=S-1020562398%3A1773810925398168&followup=https%3A%2F%2Faccounts.google.com%2F&ifkv=ASfE1-rXRbNexoC5-eUsf8wekBzPjGj6iswzlzYN88aC7u1zrsTrv9TtlIvOsLsR3uPzDUhh-p6UdA&passive=1209600&flowName=GlifWebSignIn&flowEntry=ServiceLogin line 1331 > injectedScript line 2 > eval line 2151 > eval line 1 > eval line 1 > eval, line 1: unreachable code after return statement
JavaScript warning: https://accounts.google.com/v3/signin/identifier?continue=https%3A%2F%2Faccounts.google.com%2F&dsh=S-1020562398%3A1773810925398168&followup=https%3A%2F%2Faccounts.google.com%2F&ifkv=ASfE1-rXRbNexoC5-eUsf8wekBzPjGj6iswzlzYN88aC7u1zrsTrv9TtlIvOsLsR3uPzDUhh-p6UdA&passive=1209600&flowName=GlifWebSignIn&flowEntry=ServiceLogin line 1331 > injectedScript line 2 > eval line 2151 > eval line 1 > eval line 1 > eval, line 1: unreachable code after return statement
JavaScript warning: https://accounts.google.com/v3/signin/identifier?continue=https%3A%2F%2Faccounts.google.com%2F&dsh=S-1020562398%3A1773810925398168&followup=https%3A%2F%2Faccounts.google.com%2F&ifkv=ASfE1-rXRbNexoC5-eUsf8wekBzPjGj6iswzlzYN88aC7u1zrsTrv9TtlIvOsLsR3uPzDUhh-p6UdA&passive=1209600&flowName=GlifWebSignIn&flowEntry=ServiceLogin line 1331 > injectedScript, line 4137: unreachable code after return statement
JavaScript warning: https://accounts.google.com/v3/signin/identifier?continue=https%3A%2F%2Faccounts.google.com%2F&dsh=S-1020562398%3A1773810925398168&followup=https%3A%2F%2Faccounts.google.com%2F&ifkv=ASfE1-rXRbNexoC5-eUsf8wekBzPjGj6iswzlzYN88aC7u1zrsTrv9TtlIvOsLsR3uPzDUhh-p6UdA&passive=1209600&flowName=GlifWebSignIn&flowEntry=ServiceLogin line 1331 > injectedScript, line 4137: unreachable code after return statement
JavaScript warning: https://accounts.google.com/v3/signin/identifier?continue=https%3A%2F%2Faccounts.google.com%2F&dsh=S-1020562398%3A1773810925398168&followup=https%3A%2F%2Faccounts.google.com%2F&ifkv=ASfE1-rXRbNexoC5-eUsf8wekBzPjGj6iswzlzYN88aC7u1zrsTrv9TtlIvOsLsR3uPzDUhh-p6UdA&passive=1209600&flowName=GlifWebSignIn&flowEntry=ServiceLogin line 1331 > injectedScript, line 4137: unreachable code after return statement
JavaScript warning: https://accounts.google.com/v3/signin/identifier?continue=https%3A%2F%2Faccounts.google.com%2F&dsh=S-1020562398%3A1773810925398168&followup=https%3A%2F%2Faccounts.google.com%2F&ifkv=ASfE1-rXRbNexoC5-eUsf8wekBzPjGj6iswzlzYN88aC7u1zrsTrv9TtlIvOsLsR3uPzDUhh-p6UdA&passive=1209600&flowName=GlifWebSignIn&flowEntry=ServiceLogin line 1331 > injectedScript, line 4137: unreachable code after return statement
JavaScript warning: https://accounts.google.com/v3/signin/identifier?continue=https%3A%2F%2Faccounts.google.com%2F&dsh=S-1020562398%3A1773810925398168&followup=https%3A%2F%2Faccounts.google.com%2F&ifkv=ASfE1-rXRbNexoC5-eUsf8wekBzPjGj6iswzlzYN88aC7u1zrsTrv9TtlIvOsLsR3uPzDUhh-p6UdA&passive=1209600&flowName=GlifWebSignIn&flowEntry=ServiceLogin line 1331 > injectedScript, line 4137: unreachable code after return statement
JavaScript warning: https://accounts.google.com/v3/signin/identifier?continue=https%3A%2F%2Faccounts.google.com%2F&dsh=S-1020562398%3A1773810925398168&followup=https%3A%2F%2Faccounts.google.com%2F&ifkv=ASfE1-rXRbNexoC5-eUsf8wekBzPjGj6iswzlzYN88aC7u1zrsTrv9TtlIvOsLsR3uPzDUhh-p6UdA&passive=1209600&flowName=GlifWebSignIn&flowEntry=ServiceLogin line 1331 > injectedScript, line 4137: unreachable code after return statement
JavaScript warning: https://accounts.google.com/v3/signin/identifier?continue=https%3A%2F%2Faccounts.google.com%2F&dsh=S-1020562398%3A1773810925398168&followup=https%3A%2F%2Faccounts.google.com%2F&ifkv=ASfE1-rXRbNexoC5-eUsf8wekBzPjGj6iswzlzYN88aC7u1zrsTrv9TtlIvOsLsR3uPzDUhh-p6UdA&passive=1209600&flowName=GlifWebSignIn&flowEntry=ServiceLogin line 1331 > injectedScript line 2 > eval, line 4137: unreachable code after return statement
JavaScript warning: https://accounts.google.com/v3/signin/identifier?continue=https%3A%2F%2Faccounts.google.com%2F&dsh=S-1020562398%3A1773810925398168&followup=https%3A%2F%2Faccounts.google.com%2F&ifkv=ASfE1-rXRbNexoC5-eUsf8wekBzPjGj6iswzlzYN88aC7u1zrsTrv9TtlIvOsLsR3uPzDUhh-p6UdA&passive=1209600&flowName=GlifWebSignIn&flowEntry=ServiceLogin line 1331 > injectedScript line 2 > eval, line 4137: unreachable code after return statement
JavaScript warning: https://accounts.google.com/v3/signin/identifier?continue=https%3A%2F%2Faccounts.google.com%2F&dsh=S-1020562398%3A1773810925398168&followup=https%3A%2F%2Faccounts.google.com%2F&ifkv=ASfE1-rXRbNexoC5-eUsf8wekBzPjGj6iswzlzYN88aC7u1zrsTrv9TtlIvOsLsR3uPzDUhh-p6UdA&passive=1209600&flowName=GlifWebSignIn&flowEntry=ServiceLogin line 1331 > injectedScript line 2 > eval, line 4137: unreachable code after return statement
JavaScript warning: https://accounts.google.com/v3/signin/identifier?continue=https%3A%2F%2Faccounts.google.com%2F&dsh=S-1020562398%3A1773810925398168&followup=https%3A%2F%2Faccounts.google.com%2F&ifkv=ASfE1-rXRbNexoC5-eUsf8wekBzPjGj6iswzlzYN88aC7u1zrsTrv9TtlIvOsLsR3uPzDUhh-p6UdA&passive=1209600&flowName=GlifWebSignIn&flowEntry=ServiceLogin line 1331 > injectedScript line 2 > eval, line 4137: unreachable code after return statement
JavaScript warning: https://accounts.google.com/v3/signin/identifier?continue=https%3A%2F%2Faccounts.google.com%2F&dsh=S-1020562398%3A1773810925398168&followup=https%3A%2F%2Faccounts.google.com%2F&ifkv=ASfE1-rXRbNexoC5-eUsf8wekBzPjGj6iswzlzYN88aC7u1zrsTrv9TtlIvOsLsR3uPzDUhh-p6UdA&passive=1209600&flowName=GlifWebSignIn&flowEntry=ServiceLogin line 1331 > injectedScript line 2 > eval line 4137 > eval, line 1: unreachable code after return statement
JavaScript warning: https://accounts.google.com/v3/signin/identifier?continue=https%3A%2F%2Faccounts.google.com%2F&dsh=S-1020562398%3A1773810925398168&followup=https%3A%2F%2Faccounts.google.com%2F&ifkv=ASfE1-rXRbNexoC5-eUsf8wekBzPjGj6iswzlzYN88aC7u1zrsTrv9TtlIvOsLsR3uPzDUhh-p6UdA&passive=1209600&flowName=GlifWebSignIn&flowEntry=ServiceLogin line 1331 > injectedScript line 2 > eval line 4137 > eval line 1 > eval, line 1: unreachable code after return statement
JavaScript warning: https://accounts.google.com/v3/signin/identifier?continue=https%3A%2F%2Faccounts.google.com%2F&dsh=S-1020562398%3A1773810925398168&followup=https%3A%2F%2Faccounts.google.com%2F&ifkv=ASfE1-rXRbNexoC5-eUsf8wekBzPjGj6iswzlzYN88aC7u1zrsTrv9TtlIvOsLsR3uPzDUhh-p6UdA&passive=1209600&flowName=GlifWebSignIn&flowEntry=ServiceLogin line 1331 > injectedScript line 2 > eval line 4137 > eval, line 1: unreachable code after return statement
JavaScript warning: https://accounts.google.com/v3/signin/identifier?continue=https%3A%2F%2Faccounts.google.com%2F&dsh=S-1020562398%3A1773810925398168&followup=https%3A%2F%2Faccounts.google.com%2F&ifkv=ASfE1-rXRbNexoC5-eUsf8wekBzPjGj6iswzlzYN88aC7u1zrsTrv9TtlIvOsLsR3uPzDUhh-p6UdA&passive=1209600&flowName=GlifWebSignIn&flowEntry=ServiceLogin line 1331 > injectedScript line 2 > eval line 4137 > eval line 1 > eval, line 1: unreachable code after return statement
JavaScript warning: https://accounts.google.com/v3/signin/identifier?continue=https%3A%2F%2Faccounts.google.com%2F&dsh=S-1020562398%3A1773810925398168&followup=https%3A%2F%2Faccounts.google.com%2F&ifkv=ASfE1-rXRbNexoC5-eUsf8wekBzPjGj6iswzlzYN88aC7u1zrsTrv9TtlIvOsLsR3uPzDUhh-p6UdA&passive=1209600&flowName=GlifWebSignIn&flowEntry=ServiceLogin line 1331 > injectedScript line 2 > eval, line 4137: unreachable code after return statement
JavaScript warning: https://accounts.google.com/v3/signin/identifier?continue=https%3A%2F%2Faccounts.google.com%2F&dsh=S-1020562398%3A1773810925398168&followup=https%3A%2F%2Faccounts.google.com%2F&ifkv=ASfE1-rXRbNexoC5-eUsf8wekBzPjGj6iswzlzYN88aC7u1zrsTrv9TtlIvOsLsR3uPzDUhh-p6UdA&passive=1209600&flowName=GlifWebSignIn&flowEntry=ServiceLogin line 1331 > injectedScript line 2 > eval line 4137 > eval line 1 > eval, line 1: unreachable code after return statement
JavaScript warning: https://accounts.google.com/v3/signin/identifier?continue=https%3A%2F%2Faccounts.google.com%2F&dsh=S-1020562398%3A1773810925398168&followup=https%3A%2F%2Faccounts.google.com%2F&ifkv=ASfE1-rXRbNexoC5-eUsf8wekBzPjGj6iswzlzYN88aC7u1zrsTrv9TtlIvOsLsR3uPzDUhh-p6UdA&passive=1209600&flowName=GlifWebSignIn&flowEntry=ServiceLogin line 1331 > injectedScript line 2 > eval line 4137 > eval line 1 > eval, line 1: unreachable code after return statement
JavaScript warning: https://accounts.google.com/v3/signin/identifier?continue=https%3A%2F%2Faccounts.google.com%2F&dsh=S-1020562398%3A1773810925398168&followup=https%3A%2F%2Faccounts.google.com%2F&ifkv=ASfE1-rXRbNexoC5-eUsf8wekBzPjGj6iswzlzYN88aC7u1zrsTrv9TtlIvOsLsR3uPzDUhh-p6UdA&passive=1209600&flowName=GlifWebSignIn&flowEntry=ServiceLogin line 1331 > injectedScript line 2 > eval line 4137 > eval line 1 > eval, line 1: unreachable code after return statement
JavaScript warning: https://accounts.google.com/v3/signin/identifier?continue=https%3A%2F%2Faccounts.google.com%2F&dsh=S-1020562398%3A1773810925398168&followup=https%3A%2F%2Faccounts.google.com%2F&ifkv=ASfE1-rXRbNexoC5-eUsf8wekBzPjGj6iswzlzYN88aC7u1zrsTrv9TtlIvOsLsR3uPzDUhh-p6UdA&passive=1209600&flowName=GlifWebSignIn&flowEntry=ServiceLogin line 1331 > injectedScript line 2 > eval line 4137 > eval line 1 > eval line 1 > eval, line 1: unreachable code after return statement
JavaScript warning: https://accounts.google.com/v3/signin/identifier?continue=https%3A%2F%2Faccounts.google.com%2F&dsh=S-1020562398%3A1773810925398168&followup=https%3A%2F%2Faccounts.google.com%2F&ifkv=ASfE1-rXRbNexoC5-eUsf8wekBzPjGj6iswzlzYN88aC7u1zrsTrv9TtlIvOsLsR3uPzDUhh-p6UdA&passive=1209600&flowName=GlifWebSignIn&flowEntry=ServiceLogin line 1331 > injectedScript line 2 > eval line 4137 > eval line 1 > eval line 1 > eval, line 1: unreachable code after return statement
JavaScript warning: https://accounts.google.com/v3/signin/identifier?continue=https%3A%2F%2Faccounts.google.com%2F&dsh=S-1020562398%3A1773810925398168&followup=https%3A%2F%2Faccounts.google.com%2F&ifkv=ASfE1-rXRbNexoC5-eUsf8wekBzPjGj6iswzlzYN88aC7u1zrsTrv9TtlIvOsLsR3uPzDUhh-p6UdA&passive=1209600&flowName=GlifWebSignIn&flowEntry=ServiceLogin line 1331 > injectedScript line 2 > eval line 4137 > eval line 1 > eval line 1 > eval, line 1: unreachable code after return statement
JavaScript warning: https://accounts.google.com/v3/signin/identifier?dsh=S1812718359%3A1773810927561985&ifkv=ASfE1-rGLA5cOZ05bURnljt5MKwvy0ALsJeuNJuGwrr21vKQ7FrPgU9v9AngyECv7GzlqqTYkrOO6g&flowName=GlifWebSignIn&flowEntry=ServiceLogin line 1331 > injectedScript, line 3188: unreachable code after return statement
JavaScript warning: https://accounts.google.com/v3/signin/identifier?dsh=S1812718359%3A1773810927561985&ifkv=ASfE1-rGLA5cOZ05bURnljt5MKwvy0ALsJeuNJuGwrr21vKQ7FrPgU9v9AngyECv7GzlqqTYkrOO6g&flowName=GlifWebSignIn&flowEntry=ServiceLogin line 1331 > injectedScript, line 3188: unreachable code after return statement
JavaScript warning: https://accounts.google.com/v3/signin/identifier?dsh=S1812718359%3A1773810927561985&ifkv=ASfE1-rGLA5cOZ05bURnljt5MKwvy0ALsJeuNJuGwrr21vKQ7FrPgU9v9AngyECv7GzlqqTYkrOO6g&flowName=GlifWebSignIn&flowEntry=ServiceLogin line 1331 > injectedScript, line 3188: unreachable code after return statement
JavaScript warning: https://accounts.google.com/v3/signin/identifier?dsh=S1812718359%3A1773810927561985&ifkv=ASfE1-rGLA5cOZ05bURnljt5MKwvy0ALsJeuNJuGwrr21vKQ7FrPgU9v9AngyECv7GzlqqTYkrOO6g&flowName=GlifWebSignIn&flowEntry=ServiceLogin line 1331 > injectedScript, line 3188: unreachable code after return statement
JavaScript warning: https://accounts.google.com/v3/signin/identifier?dsh=S1812718359%3A1773810927561985&ifkv=ASfE1-rGLA5cOZ05bURnljt5MKwvy0ALsJeuNJuGwrr21vKQ7FrPgU9v9AngyECv7GzlqqTYkrOO6g&flowName=GlifWebSignIn&flowEntry=ServiceLogin line 1331 > injectedScript, line 3188: unreachable code after return statement
JavaScript warning: https://accounts.google.com/v3/signin/identifier?dsh=S1812718359%3A1773810927561985&ifkv=ASfE1-rGLA5cOZ05bURnljt5MKwvy0ALsJeuNJuGwrr21vKQ7FrPgU9v9AngyECv7GzlqqTYkrOO6g&flowName=GlifWebSignIn&flowEntry=ServiceLogin line 1331 > injectedScript, line 3188: unreachable code after return statement
JavaScript warning: https://accounts.google.com/v3/signin/identifier?dsh=S1812718359%3A1773810927561985&ifkv=ASfE1-rGLA5cOZ05bURnljt5MKwvy0ALsJeuNJuGwrr21vKQ7FrPgU9v9AngyECv7GzlqqTYkrOO6g&flowName=GlifWebSignIn&flowEntry=ServiceLogin line 1331 > injectedScript line 2 > eval, line 3188: unreachable code after return statement
JavaScript warning: https://accounts.google.com/v3/signin/identifier?dsh=S1812718359%3A1773810927561985&ifkv=ASfE1-rGLA5cOZ05bURnljt5MKwvy0ALsJeuNJuGwrr21vKQ7FrPgU9v9AngyECv7GzlqqTYkrOO6g&flowName=GlifWebSignIn&flowEntry=ServiceLogin line 1331 > injectedScript line 2 > eval, line 3188: unreachable code after return statement
JavaScript warning: https://accounts.google.com/v3/signin/identifier?dsh=S1812718359%3A1773810927561985&ifkv=ASfE1-rGLA5cOZ05bURnljt5MKwvy0ALsJeuNJuGwrr21vKQ7FrPgU9v9AngyECv7GzlqqTYkrOO6g&flowName=GlifWebSignIn&flowEntry=ServiceLogin line 1331 > injectedScript line 2 > eval, line 3188: unreachable code after return statement
JavaScript warning: https://accounts.google.com/v3/signin/identifier?dsh=S1812718359%3A1773810927561985&ifkv=ASfE1-rGLA5cOZ05bURnljt5MKwvy0ALsJeuNJuGwrr21vKQ7FrPgU9v9AngyECv7GzlqqTYkrOO6g&flowName=GlifWebSignIn&flowEntry=ServiceLogin line 1331 > injectedScript line 2 > eval, line 3188: unreachable code after return statement
JavaScript warning: https://accounts.google.com/v3/signin/identifier?dsh=S1812718359%3A1773810927561985&ifkv=ASfE1-rGLA5cOZ05bURnljt5MKwvy0ALsJeuNJuGwrr21vKQ7FrPgU9v9AngyECv7GzlqqTYkrOO6g&flowName=GlifWebSignIn&flowEntry=ServiceLogin line 1331 > injectedScript line 2 > eval line 3188 > eval, line 1: unreachable code after return statement
JavaScript warning: https://accounts.google.com/v3/signin/identifier?dsh=S1812718359%3A1773810927561985&ifkv=ASfE1-rGLA5cOZ05bURnljt5MKwvy0ALsJeuNJuGwrr21vKQ7FrPgU9v9AngyECv7GzlqqTYkrOO6g&flowName=GlifWebSignIn&flowEntry=ServiceLogin line 1331 > injectedScript line 2 > eval line 3188 > eval line 1 > eval, line 1: unreachable code after return statement
JavaScript warning: https://accounts.google.com/v3/signin/identifier?dsh=S1812718359%3A1773810927561985&ifkv=ASfE1-rGLA5cOZ05bURnljt5MKwvy0ALsJeuNJuGwrr21vKQ7FrPgU9v9AngyECv7GzlqqTYkrOO6g&flowName=GlifWebSignIn&flowEntry=ServiceLogin line 1331 > injectedScript line 2 > eval line 3188 > eval, line 1: unreachable code after return statement
JavaScript warning: https://accounts.google.com/v3/signin/identifier?dsh=S1812718359%3A1773810927561985&ifkv=ASfE1-rGLA5cOZ05bURnljt5MKwvy0ALsJeuNJuGwrr21vKQ7FrPgU9v9AngyECv7GzlqqTYkrOO6g&flowName=GlifWebSignIn&flowEntry=ServiceLogin line 1331 > injectedScript line 2 > eval line 3188 > eval line 1 > eval, line 1: unreachable code after return statement
JavaScript warning: https://accounts.google.com/v3/signin/identifier?dsh=S1812718359%3A1773810927561985&ifkv=ASfE1-rGLA5cOZ05bURnljt5MKwvy0ALsJeuNJuGwrr21vKQ7FrPgU9v9AngyECv7GzlqqTYkrOO6g&flowName=GlifWebSignIn&flowEntry=ServiceLogin line 1331 > injectedScript line 2 > eval, line 3188: unreachable code after return statement
JavaScript warning: https://accounts.google.com/v3/signin/identifier?dsh=S1812718359%3A1773810927561985&ifkv=ASfE1-rGLA5cOZ05bURnljt5MKwvy0ALsJeuNJuGwrr21vKQ7FrPgU9v9AngyECv7GzlqqTYkrOO6g&flowName=GlifWebSignIn&flowEntry=ServiceLogin line 1331 > injectedScript line 2 > eval line 3188 > eval line 1 > eval, line 1: unreachable code after return statement
JavaScript warning: https://accounts.google.com/v3/signin/identifier?dsh=S1812718359%3A1773810927561985&ifkv=ASfE1-rGLA5cOZ05bURnljt5MKwvy0ALsJeuNJuGwrr21vKQ7FrPgU9v9AngyECv7GzlqqTYkrOO6g&flowName=GlifWebSignIn&flowEntry=ServiceLogin line 1331 > injectedScript line 2 > eval line 3188 > eval line 1 > eval, line 1: unreachable code after return statement
JavaScript warning: https://accounts.google.com/v3/signin/identifier?dsh=S1812718359%3A1773810927561985&ifkv=ASfE1-rGLA5cOZ05bURnljt5MKwvy0ALsJeuNJuGwrr21vKQ7FrPgU9v9AngyECv7GzlqqTYkrOO6g&flowName=GlifWebSignIn&flowEntry=ServiceLogin line 1331 > injectedScript line 2 > eval line 3188 > eval line 1 > eval, line 1: unreachable code after return statement
JavaScript warning: https://accounts.google.com/v3/signin/identifier?dsh=S1812718359%3A1773810927561985&ifkv=ASfE1-rGLA5cOZ05bURnljt5MKwvy0ALsJeuNJuGwrr21vKQ7FrPgU9v9AngyECv7GzlqqTYkrOO6g&flowName=GlifWebSignIn&flowEntry=ServiceLogin line 1331 > injectedScript line 2 > eval line 3188 > eval line 1 > eval line 1 > eval, line 1: unreachable code after return statement
JavaScript warning: https://accounts.google.com/v3/signin/identifier?dsh=S1812718359%3A1773810927561985&ifkv=ASfE1-rGLA5cOZ05bURnljt5MKwvy0ALsJeuNJuGwrr21vKQ7FrPgU9v9AngyECv7GzlqqTYkrOO6g&flowName=GlifWebSignIn&flowEntry=ServiceLogin line 1331 > injectedScript line 2 > eval line 3188 > eval line 1 > eval line 1 > eval, line 1: unreachable code after return statement
JavaScript warning: https://accounts.google.com/v3/signin/identifier?dsh=S1812718359%3A1773810927561985&ifkv=ASfE1-rGLA5cOZ05bURnljt5MKwvy0ALsJeuNJuGwrr21vKQ7FrPgU9v9AngyECv7GzlqqTYkrOO6g&flowName=GlifWebSignIn&flowEntry=ServiceLogin line 1331 > injectedScript line 2 > eval line 3188 > eval line 1 > eval line 1 > eval, line 1: unreachable code after return statement
JavaScript warning: https://accounts.google.com/v3/signin/identifier?dsh=S1812718359%3A1773810927561985&ifkv=ASfE1-rGLA5cOZ05bURnljt5MKwvy0ALsJeuNJuGwrr21vKQ7FrPgU9v9AngyECv7GzlqqTYkrOO6g&flowName=GlifWebSignIn&flowEntry=ServiceLogin line 1331 > injectedScript, line 7382: unreachable code after return statement
JavaScript warning: https://accounts.google.com/v3/signin/identifier?dsh=S1812718359%3A1773810927561985&ifkv=ASfE1-rGLA5cOZ05bURnljt5MKwvy0ALsJeuNJuGwrr21vKQ7FrPgU9v9AngyECv7GzlqqTYkrOO6g&flowName=GlifWebSignIn&flowEntry=ServiceLogin line 1331 > injectedScript, line 7382: unreachable code after return statement
JavaScript warning: https://accounts.google.com/v3/signin/identifier?dsh=S1812718359%3A1773810927561985&ifkv=ASfE1-rGLA5cOZ05bURnljt5MKwvy0ALsJeuNJuGwrr21vKQ7FrPgU9v9AngyECv7GzlqqTYkrOO6g&flowName=GlifWebSignIn&flowEntry=ServiceLogin line 1331 > injectedScript, line 7382: unreachable code after return statement
JavaScript warning: https://accounts.google.com/v3/signin/identifier?dsh=S1812718359%3A1773810927561985&ifkv=ASfE1-rGLA5cOZ05bURnljt5MKwvy0ALsJeuNJuGwrr21vKQ7FrPgU9v9AngyECv7GzlqqTYkrOO6g&flowName=GlifWebSignIn&flowEntry=ServiceLogin line 1331 > injectedScript, line 7382: unreachable code after return statement
JavaScript warning: https://accounts.google.com/v3/signin/identifier?dsh=S1812718359%3A1773810927561985&ifkv=ASfE1-rGLA5cOZ05bURnljt5MKwvy0ALsJeuNJuGwrr21vKQ7FrPgU9v9AngyECv7GzlqqTYkrOO6g&flowName=GlifWebSignIn&flowEntry=ServiceLogin line 1331 > injectedScript, line 7382: unreachable code after return statement
JavaScript warning: https://accounts.google.com/v3/signin/identifier?dsh=S1812718359%3A1773810927561985&ifkv=ASfE1-rGLA5cOZ05bURnljt5MKwvy0ALsJeuNJuGwrr21vKQ7FrPgU9v9AngyECv7GzlqqTYkrOO6g&flowName=GlifWebSignIn&flowEntry=ServiceLogin line 1331 > injectedScript, line 7382: unreachable code after return statement
JavaScript warning: https://accounts.google.com/v3/signin/identifier?dsh=S1812718359%3A1773810927561985&ifkv=ASfE1-rGLA5cOZ05bURnljt5MKwvy0ALsJeuNJuGwrr21vKQ7FrPgU9v9AngyECv7GzlqqTYkrOO6g&flowName=GlifWebSignIn&flowEntry=ServiceLogin line 1331 > injectedScript line 2 > eval, line 7382: unreachable code after return statement
JavaScript warning: https://accounts.google.com/v3/signin/identifier?dsh=S1812718359%3A1773810927561985&ifkv=ASfE1-rGLA5cOZ05bURnljt5MKwvy0ALsJeuNJuGwrr21vKQ7FrPgU9v9AngyECv7GzlqqTYkrOO6g&flowName=GlifWebSignIn&flowEntry=ServiceLogin line 1331 > injectedScript line 2 > eval, line 7382: unreachable code after return statement
JavaScript warning: https://accounts.google.com/v3/signin/identifier?dsh=S1812718359%3A1773810927561985&ifkv=ASfE1-rGLA5cOZ05bURnljt5MKwvy0ALsJeuNJuGwrr21vKQ7FrPgU9v9AngyECv7GzlqqTYkrOO6g&flowName=GlifWebSignIn&flowEntry=ServiceLogin line 1331 > injectedScript line 2 > eval, line 7382: unreachable code after return statement
JavaScript warning: https://accounts.google.com/v3/signin/identifier?dsh=S1812718359%3A1773810927561985&ifkv=ASfE1-rGLA5cOZ05bURnljt5MKwvy0ALsJeuNJuGwrr21vKQ7FrPgU9v9AngyECv7GzlqqTYkrOO6g&flowName=GlifWebSignIn&flowEntry=ServiceLogin line 1331 > injectedScript line 2 > eval, line 7382: unreachable code after return statement
JavaScript warning: https://accounts.google.com/v3/signin/identifier?dsh=S1812718359%3A1773810927561985&ifkv=ASfE1-rGLA5cOZ05bURnljt5MKwvy0ALsJeuNJuGwrr21vKQ7FrPgU9v9AngyECv7GzlqqTYkrOO6g&flowName=GlifWebSignIn&flowEntry=ServiceLogin line 1331 > injectedScript line 2 > eval line 7382 > eval, line 1: unreachable code after return statement
JavaScript warning: https://accounts.google.com/v3/signin/identifier?dsh=S1812718359%3A1773810927561985&ifkv=ASfE1-rGLA5cOZ05bURnljt5MKwvy0ALsJeuNJuGwrr21vKQ7FrPgU9v9AngyECv7GzlqqTYkrOO6g&flowName=GlifWebSignIn&flowEntry=ServiceLogin line 1331 > injectedScript line 2 > eval line 7382 > eval line 1 > eval, line 1: unreachable code after return statement
JavaScript warning: https://accounts.google.com/v3/signin/identifier?dsh=S1812718359%3A1773810927561985&ifkv=ASfE1-rGLA5cOZ05bURnljt5MKwvy0ALsJeuNJuGwrr21vKQ7FrPgU9v9AngyECv7GzlqqTYkrOO6g&flowName=GlifWebSignIn&flowEntry=ServiceLogin line 1331 > injectedScript line 2 > eval line 7382 > eval, line 1: unreachable code after return statement
JavaScript warning: https://accounts.google.com/v3/signin/identifier?dsh=S1812718359%3A1773810927561985&ifkv=ASfE1-rGLA5cOZ05bURnljt5MKwvy0ALsJeuNJuGwrr21vKQ7FrPgU9v9AngyECv7GzlqqTYkrOO6g&flowName=GlifWebSignIn&flowEntry=ServiceLogin line 1331 > injectedScript line 2 > eval line 7382 > eval line 1 > eval, line 1: unreachable code after return statement
JavaScript warning: https://accounts.google.com/v3/signin/identifier?dsh=S1812718359%3A1773810927561985&ifkv=ASfE1-rGLA5cOZ05bURnljt5MKwvy0ALsJeuNJuGwrr21vKQ7FrPgU9v9AngyECv7GzlqqTYkrOO6g&flowName=GlifWebSignIn&flowEntry=ServiceLogin line 1331 > injectedScript line 2 > eval, line 7382: unreachable code after return statement
JavaScript warning: https://accounts.google.com/v3/signin/identifier?dsh=S1812718359%3A1773810927561985&ifkv=ASfE1-rGLA5cOZ05bURnljt5MKwvy0ALsJeuNJuGwrr21vKQ7FrPgU9v9AngyECv7GzlqqTYkrOO6g&flowName=GlifWebSignIn&flowEntry=ServiceLogin line 1331 > injectedScript line 2 > eval line 7382 > eval line 1 > eval, line 1: unreachable code after return statement
JavaScript warning: https://accounts.google.com/v3/signin/identifier?dsh=S1812718359%3A1773810927561985&ifkv=ASfE1-rGLA5cOZ05bURnljt5MKwvy0ALsJeuNJuGwrr21vKQ7FrPgU9v9AngyECv7GzlqqTYkrOO6g&flowName=GlifWebSignIn&flowEntry=ServiceLogin line 1331 > injectedScript line 2 > eval line 7382 > eval line 1 > eval, line 1: unreachable code after return statement
JavaScript warning: https://accounts.google.com/v3/signin/identifier?dsh=S1812718359%3A1773810927561985&ifkv=ASfE1-rGLA5cOZ05bURnljt5MKwvy0ALsJeuNJuGwrr21vKQ7FrPgU9v9AngyECv7GzlqqTYkrOO6g&flowName=GlifWebSignIn&flowEntry=ServiceLogin line 1331 > injectedScript line 2 > eval line 7382 > eval line 1 > eval, line 1: unreachable code after return statement
JavaScript warning: https://accounts.google.com/v3/signin/identifier?dsh=S1812718359%3A1773810927561985&ifkv=ASfE1-rGLA5cOZ05bURnljt5MKwvy0ALsJeuNJuGwrr21vKQ7FrPgU9v9AngyECv7GzlqqTYkrOO6g&flowName=GlifWebSignIn&flowEntry=ServiceLogin line 1331 > injectedScript line 2 > eval line 7382 > eval line 1 > eval line 1 > eval, line 1: unreachable code after return statement
JavaScript warning: https://accounts.google.com/v3/signin/identifier?dsh=S1812718359%3A1773810927561985&ifkv=ASfE1-rGLA5cOZ05bURnljt5MKwvy0ALsJeuNJuGwrr21vKQ7FrPgU9v9AngyECv7GzlqqTYkrOO6g&flowName=GlifWebSignIn&flowEntry=ServiceLogin line 1331 > injectedScript line 2 > eval line 7382 > eval line 1 > eval line 1 > eval, line 1: unreachable code after return statement
JavaScript warning: https://accounts.google.com/v3/signin/identifier?dsh=S1812718359%3A1773810927561985&ifkv=ASfE1-rGLA5cOZ05bURnljt5MKwvy0ALsJeuNJuGwrr21vKQ7FrPgU9v9AngyECv7GzlqqTYkrOO6g&flowName=GlifWebSignIn&flowEntry=ServiceLogin line 1331 > injectedScript line 2 > eval line 7382 > eval line 1 > eval line 1 > eval, line 1: unreachable code after return statement
Can't find symbol 'eglSwapBuffersWithDamageEXT'.
1773810935778	Marionette	INFO	Stopped listening on port 62867
[Parent 13480, Gecko_IOThread] WARNING: file /builds/worker/checkouts/gecko/ipc/chromium/src/base/process_util_win.cc, line 166

###!!! [Child][MessageChannel::SendAndWait] Error: Channel error: cannot send/recv

1773810941078	geckodriver	INFO	Listening on 127.0.0.1:62914
1773810944150	mozrunner::runner	INFO	Running command: "C:\\Users\\chipc\\Desktop\\techlaai_automation\\gmail_automation\\FirefoxPortable\\firefox.exe" "--marionette" "-profile" "C:\\Users\\chipc\\Desktop\\techlaai_automation\\gmail_automation\\firefox_profiles\\nguyentrungda615" "--no-sandbox" "--start-maximized" "--disable-dev-shm-usage" "--disable-blink-features=AutomationControlled" "--disable-web-security" "--ignore-certificate-errors" "--disable-notifications" "--disable-infobars" "--disable-extensions" "--remote-debugging-port" "62915" "-no-remote"
Can't find symbol 'eglSwapBuffersWithDamageEXT'.
1773810945537	Marionette	INFO	Listening on port 62925
1773810945711	Marionette	WARN	TLS certificate errors will be ignored for this session
JavaScript warning: https://accounts.google.com/v3/signin/identifier?continue=https%3A%2F%2Faccounts.google.com%2F&dsh=S1678081133%3A1773810945483454&followup=https%3A%2F%2Faccounts.google.com%2F&ifkv=ASfE1-pd7gZZ-z9TILe8LeItRYIaTCJ_Xp9hS97QBM-brikn9EwrBXnacBoojzgB09DCXM6Pt2unxg&passive=1209600&flowName=GlifWebSignIn&flowEntry=ServiceLogin line 1331 > injectedScript, line 5106: unreachable code after return statement
JavaScript warning: https://accounts.google.com/v3/signin/identifier?continue=https%3A%2F%2Faccounts.google.com%2F&dsh=S1678081133%3A1773810945483454&followup=https%3A%2F%2Faccounts.google.com%2F&ifkv=ASfE1-pd7gZZ-z9TILe8LeItRYIaTCJ_Xp9hS97QBM-brikn9EwrBXnacBoojzgB09DCXM6Pt2unxg&passive=1209600&flowName=GlifWebSignIn&flowEntry=ServiceLogin line 1331 > injectedScript, line 5106: unreachable code after return statement
JavaScript warning: https://accounts.google.com/v3/signin/identifier?continue=https%3A%2F%2Faccounts.google.com%2F&dsh=S1678081133%3A1773810945483454&followup=https%3A%2F%2Faccounts.google.com%2F&ifkv=ASfE1-pd7gZZ-z9TILe8LeItRYIaTCJ_Xp9hS97QBM-brikn9EwrBXnacBoojzgB09DCXM6Pt2unxg&passive=1209600&flowName=GlifWebSignIn&flowEntry=ServiceLogin line 1331 > injectedScript, line 5106: unreachable code after return statement
JavaScript warning: https://accounts.google.com/v3/signin/identifier?continue=https%3A%2F%2Faccounts.google.com%2F&dsh=S1678081133%3A1773810945483454&followup=https%3A%2F%2Faccounts.google.com%2F&ifkv=ASfE1-pd7gZZ-z9TILe8LeItRYIaTCJ_Xp9hS97QBM-brikn9EwrBXnacBoojzgB09DCXM6Pt2unxg&passive=1209600&flowName=GlifWebSignIn&flowEntry=ServiceLogin line 1331 > injectedScript, line 5106: unreachable code after return statement
JavaScript warning: https://accounts.google.com/v3/signin/identifier?continue=https%3A%2F%2Faccounts.google.com%2F&dsh=S1678081133%3A1773810945483454&followup=https%3A%2F%2Faccounts.google.com%2F&ifkv=ASfE1-pd7gZZ-z9TILe8LeItRYIaTCJ_Xp9hS97QBM-brikn9EwrBXnacBoojzgB09DCXM6Pt2unxg&passive=1209600&flowName=GlifWebSignIn&flowEntry=ServiceLogin line 1331 > injectedScript, line 5106: unreachable code after return statement
JavaScript warning: https://accounts.google.com/v3/signin/identifier?continue=https%3A%2F%2Faccounts.google.com%2F&dsh=S1678081133%3A1773810945483454&followup=https%3A%2F%2Faccounts.google.com%2F&ifkv=ASfE1-pd7gZZ-z9TILe8LeItRYIaTCJ_Xp9hS97QBM-brikn9EwrBXnacBoojzgB09DCXM6Pt2unxg&passive=1209600&flowName=GlifWebSignIn&flowEntry=ServiceLogin line 1331 > injectedScript, line 5106: unreachable code after return statement
JavaScript warning: https://accounts.google.com/v3/signin/identifier?continue=https%3A%2F%2Faccounts.google.com%2F&dsh=S1678081133%3A1773810945483454&followup=https%3A%2F%2Faccounts.google.com%2F&ifkv=ASfE1-pd7gZZ-z9TILe8LeItRYIaTCJ_Xp9hS97QBM-brikn9EwrBXnacBoojzgB09DCXM6Pt2unxg&passive=1209600&flowName=GlifWebSignIn&flowEntry=ServiceLogin line 1331 > injectedScript line 2 > eval, line 5106: unreachable code after return statement
JavaScript warning: https://accounts.google.com/v3/signin/identifier?continue=https%3A%2F%2Faccounts.google.com%2F&dsh=S1678081133%3A1773810945483454&followup=https%3A%2F%2Faccounts.google.com%2F&ifkv=ASfE1-pd7gZZ-z9TILe8LeItRYIaTCJ_Xp9hS97QBM-brikn9EwrBXnacBoojzgB09DCXM6Pt2unxg&passive=1209600&flowName=GlifWebSignIn&flowEntry=ServiceLogin line 1331 > injectedScript line 2 > eval, line 5106: unreachable code after return statement
JavaScript warning: https://accounts.google.com/v3/signin/identifier?continue=https%3A%2F%2Faccounts.google.com%2F&dsh=S1678081133%3A1773810945483454&followup=https%3A%2F%2Faccounts.google.com%2F&ifkv=ASfE1-pd7gZZ-z9TILe8LeItRYIaTCJ_Xp9hS97QBM-brikn9EwrBXnacBoojzgB09DCXM6Pt2unxg&passive=1209600&flowName=GlifWebSignIn&flowEntry=ServiceLogin line 1331 > injectedScript line 2 > eval, line 5106: unreachable code after return statement
JavaScript warning: https://accounts.google.com/v3/signin/identifier?continue=https%3A%2F%2Faccounts.google.com%2F&dsh=S1678081133%3A1773810945483454&followup=https%3A%2F%2Faccounts.google.com%2F&ifkv=ASfE1-pd7gZZ-z9TILe8LeItRYIaTCJ_Xp9hS97QBM-brikn9EwrBXnacBoojzgB09DCXM6Pt2unxg&passive=1209600&flowName=GlifWebSignIn&flowEntry=ServiceLogin line 1331 > injectedScript line 2 > eval, line 5106: unreachable code after return statement
JavaScript warning: https://accounts.google.com/v3/signin/identifier?continue=https%3A%2F%2Faccounts.google.com%2F&dsh=S1678081133%3A1773810945483454&followup=https%3A%2F%2Faccounts.google.com%2F&ifkv=ASfE1-pd7gZZ-z9TILe8LeItRYIaTCJ_Xp9hS97QBM-brikn9EwrBXnacBoojzgB09DCXM6Pt2unxg&passive=1209600&flowName=GlifWebSignIn&flowEntry=ServiceLogin line 1331 > injectedScript line 2 > eval line 5106 > eval, line 1: unreachable code after return statement
JavaScript warning: https://accounts.google.com/v3/signin/identifier?continue=https%3A%2F%2Faccounts.google.com%2F&dsh=S1678081133%3A1773810945483454&followup=https%3A%2F%2Faccounts.google.com%2F&ifkv=ASfE1-pd7gZZ-z9TILe8LeItRYIaTCJ_Xp9hS97QBM-brikn9EwrBXnacBoojzgB09DCXM6Pt2unxg&passive=1209600&flowName=GlifWebSignIn&flowEntry=ServiceLogin line 1331 > injectedScript line 2 > eval line 5106 > eval line 1 > eval, line 1: unreachable code after return statement
JavaScript warning: https://accounts.google.com/v3/signin/identifier?continue=https%3A%2F%2Faccounts.google.com%2F&dsh=S1678081133%3A1773810945483454&followup=https%3A%2F%2Faccounts.google.com%2F&ifkv=ASfE1-pd7gZZ-z9TILe8LeItRYIaTCJ_Xp9hS97QBM-brikn9EwrBXnacBoojzgB09DCXM6Pt2unxg&passive=1209600&flowName=GlifWebSignIn&flowEntry=ServiceLogin line 1331 > injectedScript line 2 > eval line 5106 > eval, line 1: unreachable code after return statement
JavaScript warning: https://accounts.google.com/v3/signin/identifier?continue=https%3A%2F%2Faccounts.google.com%2F&dsh=S1678081133%3A1773810945483454&followup=https%3A%2F%2Faccounts.google.com%2F&ifkv=ASfE1-pd7gZZ-z9TILe8LeItRYIaTCJ_Xp9hS97QBM-brikn9EwrBXnacBoojzgB09DCXM6Pt2unxg&passive=1209600&flowName=GlifWebSignIn&flowEntry=ServiceLogin line 1331 > injectedScript line 2 > eval line 5106 > eval line 1 > eval, line 1: unreachable code after return statement
JavaScript warning: https://accounts.google.com/v3/signin/identifier?continue=https%3A%2F%2Faccounts.google.com%2F&dsh=S1678081133%3A1773810945483454&followup=https%3A%2F%2Faccounts.google.com%2F&ifkv=ASfE1-pd7gZZ-z9TILe8LeItRYIaTCJ_Xp9hS97QBM-brikn9EwrBXnacBoojzgB09DCXM6Pt2unxg&passive=1209600&flowName=GlifWebSignIn&flowEntry=ServiceLogin line 1331 > injectedScript line 2 > eval, line 5106: unreachable code after return statement
JavaScript warning: https://accounts.google.com/v3/signin/identifier?continue=https%3A%2F%2Faccounts.google.com%2F&dsh=S1678081133%3A1773810945483454&followup=https%3A%2F%2Faccounts.google.com%2F&ifkv=ASfE1-pd7gZZ-z9TILe8LeItRYIaTCJ_Xp9hS97QBM-brikn9EwrBXnacBoojzgB09DCXM6Pt2unxg&passive=1209600&flowName=GlifWebSignIn&flowEntry=ServiceLogin line 1331 > injectedScript line 2 > eval line 5106 > eval line 1 > eval, line 1: unreachable code after return statement
JavaScript warning: https://accounts.google.com/v3/signin/identifier?continue=https%3A%2F%2Faccounts.google.com%2F&dsh=S1678081133%3A1773810945483454&followup=https%3A%2F%2Faccounts.google.com%2F&ifkv=ASfE1-pd7gZZ-z9TILe8LeItRYIaTCJ_Xp9hS97QBM-brikn9EwrBXnacBoojzgB09DCXM6Pt2unxg&passive=1209600&flowName=GlifWebSignIn&flowEntry=ServiceLogin line 1331 > injectedScript line 2 > eval line 5106 > eval line 1 > eval, line 1: unreachable code after return statement
JavaScript warning: https://accounts.google.com/v3/signin/identifier?continue=https%3A%2F%2Faccounts.google.com%2F&dsh=S1678081133%3A1773810945483454&followup=https%3A%2F%2Faccounts.google.com%2F&ifkv=ASfE1-pd7gZZ-z9TILe8LeItRYIaTCJ_Xp9hS97QBM-brikn9EwrBXnacBoojzgB09DCXM6Pt2unxg&passive=1209600&flowName=GlifWebSignIn&flowEntry=ServiceLogin line 1331 > injectedScript line 2 > eval line 5106 > eval line 1 > eval, line 1: unreachable code after return statement
JavaScript warning: https://accounts.google.com/v3/signin/identifier?continue=https%3A%2F%2Faccounts.google.com%2F&dsh=S1678081133%3A1773810945483454&followup=https%3A%2F%2Faccounts.google.com%2F&ifkv=ASfE1-pd7gZZ-z9TILe8LeItRYIaTCJ_Xp9hS97QBM-brikn9EwrBXnacBoojzgB09DCXM6Pt2unxg&passive=1209600&flowName=GlifWebSignIn&flowEntry=ServiceLogin line 1331 > injectedScript line 2 > eval line 5106 > eval line 1 > eval line 1 > eval, line 1: unreachable code after return statement
JavaScript warning: https://accounts.google.com/v3/signin/identifier?continue=https%3A%2F%2Faccounts.google.com%2F&dsh=S1678081133%3A1773810945483454&followup=https%3A%2F%2Faccounts.google.com%2F&ifkv=ASfE1-pd7gZZ-z9TILe8LeItRYIaTCJ_Xp9hS97QBM-brikn9EwrBXnacBoojzgB09DCXM6Pt2unxg&passive=1209600&flowName=GlifWebSignIn&flowEntry=ServiceLogin line 1331 > injectedScript line 2 > eval line 5106 > eval line 1 > eval line 1 > eval, line 1: unreachable code after return statement
JavaScript warning: https://accounts.google.com/v3/signin/identifier?continue=https%3A%2F%2Faccounts.google.com%2F&dsh=S1678081133%3A1773810945483454&followup=https%3A%2F%2Faccounts.google.com%2F&ifkv=ASfE1-pd7gZZ-z9TILe8LeItRYIaTCJ_Xp9hS97QBM-brikn9EwrBXnacBoojzgB09DCXM6Pt2unxg&passive=1209600&flowName=GlifWebSignIn&flowEntry=ServiceLogin line 1331 > injectedScript line 2 > eval line 5106 > eval line 1 > eval line 1 > eval, line 1: unreachable code after return statement
JavaScript warning: https://accounts.google.com/v3/signin/identifier?continue=https%3A%2F%2Faccounts.google.com%2F&dsh=S1678081133%3A1773810945483454&followup=https%3A%2F%2Faccounts.google.com%2F&ifkv=ASfE1-pd7gZZ-z9TILe8LeItRYIaTCJ_Xp9hS97QBM-brikn9EwrBXnacBoojzgB09DCXM6Pt2unxg&passive=1209600&flowName=GlifWebSignIn&flowEntry=ServiceLogin line 1331 > injectedScript, line 2831: unreachable code after return statement
JavaScript warning: https://accounts.google.com/v3/signin/identifier?continue=https%3A%2F%2Faccounts.google.com%2F&dsh=S1678081133%3A1773810945483454&followup=https%3A%2F%2Faccounts.google.com%2F&ifkv=ASfE1-pd7gZZ-z9TILe8LeItRYIaTCJ_Xp9hS97QBM-brikn9EwrBXnacBoojzgB09DCXM6Pt2unxg&passive=1209600&flowName=GlifWebSignIn&flowEntry=ServiceLogin line 1331 > injectedScript, line 2831: unreachable code after return statement
JavaScript warning: https://accounts.google.com/v3/signin/identifier?continue=https%3A%2F%2Faccounts.google.com%2F&dsh=S1678081133%3A1773810945483454&followup=https%3A%2F%2Faccounts.google.com%2F&ifkv=ASfE1-pd7gZZ-z9TILe8LeItRYIaTCJ_Xp9hS97QBM-brikn9EwrBXnacBoojzgB09DCXM6Pt2unxg&passive=1209600&flowName=GlifWebSignIn&flowEntry=ServiceLogin line 1331 > injectedScript, line 2831: unreachable code after return statement
JavaScript warning: https://accounts.google.com/v3/signin/identifier?continue=https%3A%2F%2Faccounts.google.com%2F&dsh=S1678081133%3A1773810945483454&followup=https%3A%2F%2Faccounts.google.com%2F&ifkv=ASfE1-pd7gZZ-z9TILe8LeItRYIaTCJ_Xp9hS97QBM-brikn9EwrBXnacBoojzgB09DCXM6Pt2unxg&passive=1209600&flowName=GlifWebSignIn&flowEntry=ServiceLogin line 1331 > injectedScript, line 2831: unreachable code after return statement
JavaScript warning: https://accounts.google.com/v3/signin/identifier?continue=https%3A%2F%2Faccounts.google.com%2F&dsh=S1678081133%3A1773810945483454&followup=https%3A%2F%2Faccounts.google.com%2F&ifkv=ASfE1-pd7gZZ-z9TILe8LeItRYIaTCJ_Xp9hS97QBM-brikn9EwrBXnacBoojzgB09DCXM6Pt2unxg&passive=1209600&flowName=GlifWebSignIn&flowEntry=ServiceLogin line 1331 > injectedScript, line 2831: unreachable code after return statement
JavaScript warning: https://accounts.google.com/v3/signin/identifier?continue=https%3A%2F%2Faccounts.google.com%2F&dsh=S1678081133%3A1773810945483454&followup=https%3A%2F%2Faccounts.google.com%2F&ifkv=ASfE1-pd7gZZ-z9TILe8LeItRYIaTCJ_Xp9hS97QBM-brikn9EwrBXnacBoojzgB09DCXM6Pt2unxg&passive=1209600&flowName=GlifWebSignIn&flowEntry=ServiceLogin line 1331 > injectedScript, line 2831: unreachable code after return statement
JavaScript warning: https://accounts.google.com/v3/signin/identifier?continue=https%3A%2F%2Faccounts.google.com%2F&dsh=S1678081133%3A1773810945483454&followup=https%3A%2F%2Faccounts.google.com%2F&ifkv=ASfE1-pd7gZZ-z9TILe8LeItRYIaTCJ_Xp9hS97QBM-brikn9EwrBXnacBoojzgB09DCXM6Pt2unxg&passive=1209600&flowName=GlifWebSignIn&flowEntry=ServiceLogin line 1331 > injectedScript line 2 > eval, line 2831: unreachable code after return statement
JavaScript warning: https://accounts.google.com/v3/signin/identifier?continue=https%3A%2F%2Faccounts.google.com%2F&dsh=S1678081133%3A1773810945483454&followup=https%3A%2F%2Faccounts.google.com%2F&ifkv=ASfE1-pd7gZZ-z9TILe8LeItRYIaTCJ_Xp9hS97QBM-brikn9EwrBXnacBoojzgB09DCXM6Pt2unxg&passive=1209600&flowName=GlifWebSignIn&flowEntry=ServiceLogin line 1331 > injectedScript line 2 > eval, line 2831: unreachable code after return statement
JavaScript warning: https://accounts.google.com/v3/signin/identifier?continue=https%3A%2F%2Faccounts.google.com%2F&dsh=S1678081133%3A1773810945483454&followup=https%3A%2F%2Faccounts.google.com%2F&ifkv=ASfE1-pd7gZZ-z9TILe8LeItRYIaTCJ_Xp9hS97QBM-brikn9EwrBXnacBoojzgB09DCXM6Pt2unxg&passive=1209600&flowName=GlifWebSignIn&flowEntry=ServiceLogin line 1331 > injectedScript line 2 > eval, line 2831: unreachable code after return statement
JavaScript warning: https://accounts.google.com/v3/signin/identifier?continue=https%3A%2F%2Faccounts.google.com%2F&dsh=S1678081133%3A1773810945483454&followup=https%3A%2F%2Faccounts.google.com%2F&ifkv=ASfE1-pd7gZZ-z9TILe8LeItRYIaTCJ_Xp9hS97QBM-brikn9EwrBXnacBoojzgB09DCXM6Pt2unxg&passive=1209600&flowName=GlifWebSignIn&flowEntry=ServiceLogin line 1331 > injectedScript line 2 > eval, line 2831: unreachable code after return statement
JavaScript warning: https://accounts.google.com/v3/signin/identifier?continue=https%3A%2F%2Faccounts.google.com%2F&dsh=S1678081133%3A1773810945483454&followup=https%3A%2F%2Faccounts.google.com%2F&ifkv=ASfE1-pd7gZZ-z9TILe8LeItRYIaTCJ_Xp9hS97QBM-brikn9EwrBXnacBoojzgB09DCXM6Pt2unxg&passive=1209600&flowName=GlifWebSignIn&flowEntry=ServiceLogin line 1331 > injectedScript line 2 > eval line 2831 > eval, line 1: unreachable code after return statement
JavaScript warning: https://accounts.google.com/v3/signin/identifier?continue=https%3A%2F%2Faccounts.google.com%2F&dsh=S1678081133%3A1773810945483454&followup=https%3A%2F%2Faccounts.google.com%2F&ifkv=ASfE1-pd7gZZ-z9TILe8LeItRYIaTCJ_Xp9hS97QBM-brikn9EwrBXnacBoojzgB09DCXM6Pt2unxg&passive=1209600&flowName=GlifWebSignIn&flowEntry=ServiceLogin line 1331 > injectedScript line 2 > eval line 2831 > eval line 1 > eval, line 1: unreachable code after return statement
JavaScript warning: https://accounts.google.com/v3/signin/identifier?continue=https%3A%2F%2Faccounts.google.com%2F&dsh=S1678081133%3A1773810945483454&followup=https%3A%2F%2Faccounts.google.com%2F&ifkv=ASfE1-pd7gZZ-z9TILe8LeItRYIaTCJ_Xp9hS97QBM-brikn9EwrBXnacBoojzgB09DCXM6Pt2unxg&passive=1209600&flowName=GlifWebSignIn&flowEntry=ServiceLogin line 1331 > injectedScript line 2 > eval line 2831 > eval, line 1: unreachable code after return statement
JavaScript warning: https://accounts.google.com/v3/signin/identifier?continue=https%3A%2F%2Faccounts.google.com%2F&dsh=S1678081133%3A1773810945483454&followup=https%3A%2F%2Faccounts.google.com%2F&ifkv=ASfE1-pd7gZZ-z9TILe8LeItRYIaTCJ_Xp9hS97QBM-brikn9EwrBXnacBoojzgB09DCXM6Pt2unxg&passive=1209600&flowName=GlifWebSignIn&flowEntry=ServiceLogin line 1331 > injectedScript line 2 > eval line 2831 > eval line 1 > eval, line 1: unreachable code after return statement
JavaScript warning: https://accounts.google.com/v3/signin/identifier?continue=https%3A%2F%2Faccounts.google.com%2F&dsh=S1678081133%3A1773810945483454&followup=https%3A%2F%2Faccounts.google.com%2F&ifkv=ASfE1-pd7gZZ-z9TILe8LeItRYIaTCJ_Xp9hS97QBM-brikn9EwrBXnacBoojzgB09DCXM6Pt2unxg&passive=1209600&flowName=GlifWebSignIn&flowEntry=ServiceLogin line 1331 > injectedScript line 2 > eval, line 2831: unreachable code after return statement
JavaScript warning: https://accounts.google.com/v3/signin/identifier?continue=https%3A%2F%2Faccounts.google.com%2F&dsh=S1678081133%3A1773810945483454&followup=https%3A%2F%2Faccounts.google.com%2F&ifkv=ASfE1-pd7gZZ-z9TILe8LeItRYIaTCJ_Xp9hS97QBM-brikn9EwrBXnacBoojzgB09DCXM6Pt2unxg&passive=1209600&flowName=GlifWebSignIn&flowEntry=ServiceLogin line 1331 > injectedScript line 2 > eval line 2831 > eval line 1 > eval, line 1: unreachable code after return statement
JavaScript warning: https://accounts.google.com/v3/signin/identifier?continue=https%3A%2F%2Faccounts.google.com%2F&dsh=S1678081133%3A1773810945483454&followup=https%3A%2F%2Faccounts.google.com%2F&ifkv=ASfE1-pd7gZZ-z9TILe8LeItRYIaTCJ_Xp9hS97QBM-brikn9EwrBXnacBoojzgB09DCXM6Pt2unxg&passive=1209600&flowName=GlifWebSignIn&flowEntry=ServiceLogin line 1331 > injectedScript line 2 > eval line 2831 > eval line 1 > eval, line 1: unreachable code after return statement
JavaScript warning: https://accounts.google.com/v3/signin/identifier?continue=https%3A%2F%2Faccounts.google.com%2F&dsh=S1678081133%3A1773810945483454&followup=https%3A%2F%2Faccounts.google.com%2F&ifkv=ASfE1-pd7gZZ-z9TILe8LeItRYIaTCJ_Xp9hS97QBM-brikn9EwrBXnacBoojzgB09DCXM6Pt2unxg&passive=1209600&flowName=GlifWebSignIn&flowEntry=ServiceLogin line 1331 > injectedScript line 2 > eval line 2831 > eval line 1 > eval, line 1: unreachable code after return statement
JavaScript warning: https://accounts.google.com/v3/signin/identifier?continue=https%3A%2F%2Faccounts.google.com%2F&dsh=S1678081133%3A1773810945483454&followup=https%3A%2F%2Faccounts.google.com%2F&ifkv=ASfE1-pd7gZZ-z9TILe8LeItRYIaTCJ_Xp9hS97QBM-brikn9EwrBXnacBoojzgB09DCXM6Pt2unxg&passive=1209600&flowName=GlifWebSignIn&flowEntry=ServiceLogin line 1331 > injectedScript line 2 > eval line 2831 > eval line 1 > eval line 1 > eval, line 1: unreachable code after return statement
JavaScript warning: https://accounts.google.com/v3/signin/identifier?continue=https%3A%2F%2Faccounts.google.com%2F&dsh=S1678081133%3A1773810945483454&followup=https%3A%2F%2Faccounts.google.com%2F&ifkv=ASfE1-pd7gZZ-z9TILe8LeItRYIaTCJ_Xp9hS97QBM-brikn9EwrBXnacBoojzgB09DCXM6Pt2unxg&passive=1209600&flowName=GlifWebSignIn&flowEntry=ServiceLogin line 1331 > injectedScript line 2 > eval line 2831 > eval line 1 > eval line 1 > eval, line 1: unreachable code after return statement
JavaScript warning: https://accounts.google.com/v3/signin/identifier?continue=https%3A%2F%2Faccounts.google.com%2F&dsh=S1678081133%3A1773810945483454&followup=https%3A%2F%2Faccounts.google.com%2F&ifkv=ASfE1-pd7gZZ-z9TILe8LeItRYIaTCJ_Xp9hS97QBM-brikn9EwrBXnacBoojzgB09DCXM6Pt2unxg&passive=1209600&flowName=GlifWebSignIn&flowEntry=ServiceLogin line 1331 > injectedScript line 2 > eval line 2831 > eval line 1 > eval line 1 > eval, line 1: unreachable code after return statement
JavaScript warning: https://accounts.google.com/v3/signin/identifier?dsh=S1846660480%3A1773810947674061&ifkv=ASfE1-rzfBZ52vSNeHVez7D8i7doWKyywMha1UyyhowG30Vc8JPhDd31C00IOzs4GmfNXO5zSksmNA&flowName=GlifWebSignIn&flowEntry=ServiceLogin line 1331 > injectedScript, line 2799: unreachable code after return statement
JavaScript warning: https://accounts.google.com/v3/signin/identifier?dsh=S1846660480%3A1773810947674061&ifkv=ASfE1-rzfBZ52vSNeHVez7D8i7doWKyywMha1UyyhowG30Vc8JPhDd31C00IOzs4GmfNXO5zSksmNA&flowName=GlifWebSignIn&flowEntry=ServiceLogin line 1331 > injectedScript, line 2799: unreachable code after return statement
JavaScript warning: https://accounts.google.com/v3/signin/identifier?dsh=S1846660480%3A1773810947674061&ifkv=ASfE1-rzfBZ52vSNeHVez7D8i7doWKyywMha1UyyhowG30Vc8JPhDd31C00IOzs4GmfNXO5zSksmNA&flowName=GlifWebSignIn&flowEntry=ServiceLogin line 1331 > injectedScript, line 2799: unreachable code after return statement
JavaScript warning: https://accounts.google.com/v3/signin/identifier?dsh=S1846660480%3A1773810947674061&ifkv=ASfE1-rzfBZ52vSNeHVez7D8i7doWKyywMha1UyyhowG30Vc8JPhDd31C00IOzs4GmfNXO5zSksmNA&flowName=GlifWebSignIn&flowEntry=ServiceLogin line 1331 > injectedScript, line 2799: unreachable code after return statement
JavaScript warning: https://accounts.google.com/v3/signin/identifier?dsh=S1846660480%3A1773810947674061&ifkv=ASfE1-rzfBZ52vSNeHVez7D8i7doWKyywMha1UyyhowG30Vc8JPhDd31C00IOzs4GmfNXO5zSksmNA&flowName=GlifWebSignIn&flowEntry=ServiceLogin line 1331 > injectedScript, line 2799: unreachable code after return statement
JavaScript warning: https://accounts.google.com/v3/signin/identifier?dsh=S1846660480%3A1773810947674061&ifkv=ASfE1-rzfBZ52vSNeHVez7D8i7doWKyywMha1UyyhowG30Vc8JPhDd31C00IOzs4GmfNXO5zSksmNA&flowName=GlifWebSignIn&flowEntry=ServiceLogin line 1331 > injectedScript, line 2799: unreachable code after return statement
JavaScript warning: https://accounts.google.com/v3/signin/identifier?dsh=S1846660480%3A1773810947674061&ifkv=ASfE1-rzfBZ52vSNeHVez7D8i7doWKyywMha1UyyhowG30Vc8JPhDd31C00IOzs4GmfNXO5zSksmNA&flowName=GlifWebSignIn&flowEntry=ServiceLogin line 1331 > injectedScript line 2 > eval, line 2799: unreachable code after return statement
JavaScript warning: https://accounts.google.com/v3/signin/identifier?dsh=S1846660480%3A1773810947674061&ifkv=ASfE1-rzfBZ52vSNeHVez7D8i7doWKyywMha1UyyhowG30Vc8JPhDd31C00IOzs4GmfNXO5zSksmNA&flowName=GlifWebSignIn&flowEntry=ServiceLogin line 1331 > injectedScript line 2 > eval, line 2799: unreachable code after return statement
JavaScript warning: https://accounts.google.com/v3/signin/identifier?dsh=S1846660480%3A1773810947674061&ifkv=ASfE1-rzfBZ52vSNeHVez7D8i7doWKyywMha1UyyhowG30Vc8JPhDd31C00IOzs4GmfNXO5zSksmNA&flowName=GlifWebSignIn&flowEntry=ServiceLogin line 1331 > injectedScript line 2 > eval, line 2799: unreachable code after return statement
JavaScript warning: https://accounts.google.com/v3/signin/identifier?dsh=S1846660480%3A1773810947674061&ifkv=ASfE1-rzfBZ52vSNeHVez7D8i7doWKyywMha1UyyhowG30Vc8JPhDd31C00IOzs4GmfNXO5zSksmNA&flowName=GlifWebSignIn&flowEntry=ServiceLogin line 1331 > injectedScript line 2 > eval, line 2799: unreachable code after return statement
JavaScript warning: https://accounts.google.com/v3/signin/identifier?dsh=S1846660480%3A1773810947674061&ifkv=ASfE1-rzfBZ52vSNeHVez7D8i7doWKyywMha1UyyhowG30Vc8JPhDd31C00IOzs4GmfNXO5zSksmNA&flowName=GlifWebSignIn&flowEntry=ServiceLogin line 1331 > injectedScript line 2 > eval, line 1: unreachable code after return statement
JavaScript warning: https://accounts.google.com/v3/signin/identifier?dsh=S1846660480%3A1773810947674061&ifkv=ASfE1-rzfBZ52vSNeHVez7D8i7doWKyywMha1UyyhowG30Vc8JPhDd31C00IOzs4GmfNXO5zSksmNA&flowName=GlifWebSignIn&flowEntry=ServiceLogin line 1331 > injectedScript line 2 > eval line 2799 > eval, line 1: unreachable code after return statement
JavaScript warning: https://accounts.google.com/v3/signin/identifier?dsh=S1846660480%3A1773810947674061&ifkv=ASfE1-rzfBZ52vSNeHVez7D8i7doWKyywMha1UyyhowG30Vc8JPhDd31C00IOzs4GmfNXO5zSksmNA&flowName=GlifWebSignIn&flowEntry=ServiceLogin line 1331 > injectedScript line 2 > eval, line 1: unreachable code after return statement
JavaScript warning: https://accounts.google.com/v3/signin/identifier?dsh=S1846660480%3A1773810947674061&ifkv=ASfE1-rzfBZ52vSNeHVez7D8i7doWKyywMha1UyyhowG30Vc8JPhDd31C00IOzs4GmfNXO5zSksmNA&flowName=GlifWebSignIn&flowEntry=ServiceLogin line 1331 > injectedScript line 2 > eval line 2799 > eval, line 1: unreachable code after return statement
JavaScript warning: https://accounts.google.com/v3/signin/identifier?dsh=S1846660480%3A1773810947674061&ifkv=ASfE1-rzfBZ52vSNeHVez7D8i7doWKyywMha1UyyhowG30Vc8JPhDd31C00IOzs4GmfNXO5zSksmNA&flowName=GlifWebSignIn&flowEntry=ServiceLogin line 1331 > injectedScript line 2 > eval, line 2799: unreachable code after return statement
JavaScript warning: https://accounts.google.com/v3/signin/identifier?dsh=S1846660480%3A1773810947674061&ifkv=ASfE1-rzfBZ52vSNeHVez7D8i7doWKyywMha1UyyhowG30Vc8JPhDd31C00IOzs4GmfNXO5zSksmNA&flowName=GlifWebSignIn&flowEntry=ServiceLogin line 1331 > injectedScript line 2 > eval line 2799 > eval line 1 > eval, line 1: unreachable code after return statement
JavaScript warning: https://accounts.google.com/v3/signin/identifier?dsh=S1846660480%3A1773810947674061&ifkv=ASfE1-rzfBZ52vSNeHVez7D8i7doWKyywMha1UyyhowG30Vc8JPhDd31C00IOzs4GmfNXO5zSksmNA&flowName=GlifWebSignIn&flowEntry=ServiceLogin line 1331 > injectedScript line 2 > eval line 2799 > eval line 1 > eval, line 1: unreachable code after return statement
JavaScript warning: https://accounts.google.com/v3/signin/identifier?dsh=S1846660480%3A1773810947674061&ifkv=ASfE1-rzfBZ52vSNeHVez7D8i7doWKyywMha1UyyhowG30Vc8JPhDd31C00IOzs4GmfNXO5zSksmNA&flowName=GlifWebSignIn&flowEntry=ServiceLogin line 1331 > injectedScript line 2 > eval line 2799 > eval line 1 > eval, line 1: unreachable code after return statement
JavaScript warning: https://accounts.google.com/v3/signin/identifier?dsh=S1846660480%3A1773810947674061&ifkv=ASfE1-rzfBZ52vSNeHVez7D8i7doWKyywMha1UyyhowG30Vc8JPhDd31C00IOzs4GmfNXO5zSksmNA&flowName=GlifWebSignIn&flowEntry=ServiceLogin line 1331 > injectedScript line 2 > eval line 2799 > eval line 1 > eval line 1 > eval, line 1: unreachable code after return statement
JavaScript warning: https://accounts.google.com/v3/signin/identifier?dsh=S1846660480%3A1773810947674061&ifkv=ASfE1-rzfBZ52vSNeHVez7D8i7doWKyywMha1UyyhowG30Vc8JPhDd31C00IOzs4GmfNXO5zSksmNA&flowName=GlifWebSignIn&flowEntry=ServiceLogin line 1331 > injectedScript line 2 > eval line 2799 > eval line 1 > eval line 1 > eval, line 1: unreachable code after return statement
JavaScript warning: https://accounts.google.com/v3/signin/identifier?dsh=S1846660480%3A1773810947674061&ifkv=ASfE1-rzfBZ52vSNeHVez7D8i7doWKyywMha1UyyhowG30Vc8JPhDd31C00IOzs4GmfNXO5zSksmNA&flowName=GlifWebSignIn&flowEntry=ServiceLogin line 1331 > injectedScript line 2 > eval line 2799 > eval line 1 > eval line 1 > eval, line 1: unreachable code after return statement
JavaScript warning: https://accounts.google.com/v3/signin/identifier?dsh=S1846660480%3A1773810947674061&ifkv=ASfE1-rzfBZ52vSNeHVez7D8i7doWKyywMha1UyyhowG30Vc8JPhDd31C00IOzs4GmfNXO5zSksmNA&flowName=GlifWebSignIn&flowEntry=ServiceLogin line 1331 > injectedScript, line 1383: unreachable code after return statement
JavaScript warning: https://accounts.google.com/v3/signin/identifier?dsh=S1846660480%3A1773810947674061&ifkv=ASfE1-rzfBZ52vSNeHVez7D8i7doWKyywMha1UyyhowG30Vc8JPhDd31C00IOzs4GmfNXO5zSksmNA&flowName=GlifWebSignIn&flowEntry=ServiceLogin line 1331 > injectedScript, line 1383: unreachable code after return statement
JavaScript warning: https://accounts.google.com/v3/signin/identifier?dsh=S1846660480%3A1773810947674061&ifkv=ASfE1-rzfBZ52vSNeHVez7D8i7doWKyywMha1UyyhowG30Vc8JPhDd31C00IOzs4GmfNXO5zSksmNA&flowName=GlifWebSignIn&flowEntry=ServiceLogin line 1331 > injectedScript, line 1383: unreachable code after return statement
JavaScript warning: https://accounts.google.com/v3/signin/identifier?dsh=S1846660480%3A1773810947674061&ifkv=ASfE1-rzfBZ52vSNeHVez7D8i7doWKyywMha1UyyhowG30Vc8JPhDd31C00IOzs4GmfNXO5zSksmNA&flowName=GlifWebSignIn&flowEntry=ServiceLogin line 1331 > injectedScript, line 1383: unreachable code after return statement
JavaScript warning: https://accounts.google.com/v3/signin/identifier?dsh=S1846660480%3A1773810947674061&ifkv=ASfE1-rzfBZ52vSNeHVez7D8i7doWKyywMha1UyyhowG30Vc8JPhDd31C00IOzs4GmfNXO5zSksmNA&flowName=GlifWebSignIn&flowEntry=ServiceLogin line 1331 > injectedScript, line 1383: unreachable code after return statement
JavaScript warning: https://accounts.google.com/v3/signin/identifier?dsh=S1846660480%3A1773810947674061&ifkv=ASfE1-rzfBZ52vSNeHVez7D8i7doWKyywMha1UyyhowG30Vc8JPhDd31C00IOzs4GmfNXO5zSksmNA&flowName=GlifWebSignIn&flowEntry=ServiceLogin line 1331 > injectedScript, line 1383: unreachable code after return statement
JavaScript warning: https://accounts.google.com/v3/signin/identifier?dsh=S1846660480%3A1773810947674061&ifkv=ASfE1-rzfBZ52vSNeHVez7D8i7doWKyywMha1UyyhowG30Vc8JPhDd31C00IOzs4GmfNXO5zSksmNA&flowName=GlifWebSignIn&flowEntry=ServiceLogin line 1331 > injectedScript line 2 > eval, line 1383: unreachable code after return statement
JavaScript warning: https://accounts.google.com/v3/signin/identifier?dsh=S1846660480%3A1773810947674061&ifkv=ASfE1-rzfBZ52vSNeHVez7D8i7doWKyywMha1UyyhowG30Vc8JPhDd31C00IOzs4GmfNXO5zSksmNA&flowName=GlifWebSignIn&flowEntry=ServiceLogin line 1331 > injectedScript line 2 > eval, line 1383: unreachable code after return statement
JavaScript warning: https://accounts.google.com/v3/signin/identifier?dsh=S1846660480%3A1773810947674061&ifkv=ASfE1-rzfBZ52vSNeHVez7D8i7doWKyywMha1UyyhowG30Vc8JPhDd31C00IOzs4GmfNXO5zSksmNA&flowName=GlifWebSignIn&flowEntry=ServiceLogin line 1331 > injectedScript line 2 > eval, line 1383: unreachable code after return statement
JavaScript warning: https://accounts.google.com/v3/signin/identifier?dsh=S1846660480%3A1773810947674061&ifkv=ASfE1-rzfBZ52vSNeHVez7D8i7doWKyywMha1UyyhowG30Vc8JPhDd31C00IOzs4GmfNXO5zSksmNA&flowName=GlifWebSignIn&flowEntry=ServiceLogin line 1331 > injectedScript line 2 > eval, line 1383: unreachable code after return statement
JavaScript warning: https://accounts.google.com/v3/signin/identifier?dsh=S1846660480%3A1773810947674061&ifkv=ASfE1-rzfBZ52vSNeHVez7D8i7doWKyywMha1UyyhowG30Vc8JPhDd31C00IOzs4GmfNXO5zSksmNA&flowName=GlifWebSignIn&flowEntry=ServiceLogin line 1331 > injectedScript line 2 > eval, line 1: unreachable code after return statement
JavaScript warning: https://accounts.google.com/v3/signin/identifier?dsh=S1846660480%3A1773810947674061&ifkv=ASfE1-rzfBZ52vSNeHVez7D8i7doWKyywMha1UyyhowG30Vc8JPhDd31C00IOzs4GmfNXO5zSksmNA&flowName=GlifWebSignIn&flowEntry=ServiceLogin line 1331 > injectedScript line 2 > eval line 1383 > eval, line 1: unreachable code after return statement
JavaScript warning: https://accounts.google.com/v3/signin/identifier?dsh=S1846660480%3A1773810947674061&ifkv=ASfE1-rzfBZ52vSNeHVez7D8i7doWKyywMha1UyyhowG30Vc8JPhDd31C00IOzs4GmfNXO5zSksmNA&flowName=GlifWebSignIn&flowEntry=ServiceLogin line 1331 > injectedScript line 2 > eval, line 1: unreachable code after return statement
JavaScript warning: https://accounts.google.com/v3/signin/identifier?dsh=S1846660480%3A1773810947674061&ifkv=ASfE1-rzfBZ52vSNeHVez7D8i7doWKyywMha1UyyhowG30Vc8JPhDd31C00IOzs4GmfNXO5zSksmNA&flowName=GlifWebSignIn&flowEntry=ServiceLogin line 1331 > injectedScript line 2 > eval line 1383 > eval, line 1: unreachable code after return statement
JavaScript warning: https://accounts.google.com/v3/signin/identifier?dsh=S1846660480%3A1773810947674061&ifkv=ASfE1-rzfBZ52vSNeHVez7D8i7doWKyywMha1UyyhowG30Vc8JPhDd31C00IOzs4GmfNXO5zSksmNA&flowName=GlifWebSignIn&flowEntry=ServiceLogin line 1331 > injectedScript line 2 > eval, line 1383: unreachable code after return statement
JavaScript warning: https://accounts.google.com/v3/signin/identifier?dsh=S1846660480%3A1773810947674061&ifkv=ASfE1-rzfBZ52vSNeHVez7D8i7doWKyywMha1UyyhowG30Vc8JPhDd31C00IOzs4GmfNXO5zSksmNA&flowName=GlifWebSignIn&flowEntry=ServiceLogin line 1331 > injectedScript line 2 > eval line 1383 > eval line 1 > eval, line 1: unreachable code after return statement
JavaScript warning: https://accounts.google.com/v3/signin/identifier?dsh=S1846660480%3A1773810947674061&ifkv=ASfE1-rzfBZ52vSNeHVez7D8i7doWKyywMha1UyyhowG30Vc8JPhDd31C00IOzs4GmfNXO5zSksmNA&flowName=GlifWebSignIn&flowEntry=ServiceLogin line 1331 > injectedScript line 2 > eval line 1383 > eval line 1 > eval, line 1: unreachable code after return statement
JavaScript warning: https://accounts.google.com/v3/signin/identifier?dsh=S1846660480%3A1773810947674061&ifkv=ASfE1-rzfBZ52vSNeHVez7D8i7doWKyywMha1UyyhowG30Vc8JPhDd31C00IOzs4GmfNXO5zSksmNA&flowName=GlifWebSignIn&flowEntry=ServiceLogin line 1331 > injectedScript line 2 > eval line 1383 > eval line 1 > eval, line 1: unreachable code after return statement
JavaScript warning: https://accounts.google.com/v3/signin/identifier?dsh=S1846660480%3A1773810947674061&ifkv=ASfE1-rzfBZ52vSNeHVez7D8i7doWKyywMha1UyyhowG30Vc8JPhDd31C00IOzs4GmfNXO5zSksmNA&flowName=GlifWebSignIn&flowEntry=ServiceLogin line 1331 > injectedScript line 2 > eval line 1383 > eval line 1 > eval line 1 > eval, line 1: unreachable code after return statement
JavaScript warning: https://accounts.google.com/v3/signin/identifier?dsh=S1846660480%3A1773810947674061&ifkv=ASfE1-rzfBZ52vSNeHVez7D8i7doWKyywMha1UyyhowG30Vc8JPhDd31C00IOzs4GmfNXO5zSksmNA&flowName=GlifWebSignIn&flowEntry=ServiceLogin line 1331 > injectedScript line 2 > eval line 1383 > eval line 1 > eval line 1 > eval, line 1: unreachable code after return statement
JavaScript warning: https://accounts.google.com/v3/signin/identifier?dsh=S1846660480%3A1773810947674061&ifkv=ASfE1-rzfBZ52vSNeHVez7D8i7doWKyywMha1UyyhowG30Vc8JPhDd31C00IOzs4GmfNXO5zSksmNA&flowName=GlifWebSignIn&flowEntry=ServiceLogin line 1331 > injectedScript line 2 > eval line 1383 > eval line 1 > eval line 1 > eval, line 1: unreachable code after return statement
Can't find symbol 'eglSwapBuffersWithDamageEXT'.
1773810955597	Marionette	INFO	Stopped listening on port 62925
[Parent 11740, Gecko_IOThread] WARNING: file /builds/worker/checkouts/gecko/ipc/chromium/src/base/process_util_win.cc, line 166

###!!! [Child][RunMessage] Error: Channel closing: too late to send/recv, messages will be lost


###!!! [Child][MessageChannel::SendAndWait] Error: Channel error: cannot send/recv

1773811031701	geckodriver	INFO	Listening on 127.0.0.1:53411
1773811034754	mozrunner::runner	INFO	Running command: "C:\\Users\\chipc\\Desktop\\techlaai_automation\\gmail_automation\\FirefoxPortable\\firefox.exe" "--marionette" "-profile" "C:\\Users\\chipc\\Desktop\\techlaai_automation\\gmail_automation\\firefox_profiles\\nguyentrungda615" "--no-sandbox" "--start-maximized" "--disable-dev-shm-usage" "--disable-blink-features=AutomationControlled" "--disable-web-security" "--ignore-certificate-errors" "--disable-notifications" "--disable-infobars" "--disable-extensions" "--remote-debugging-port" "53412" "-no-remote"
Can't find symbol 'eglSwapBuffersWithDamageEXT'.
1773811036160	Marionette	INFO	Listening on port 53428
1773811036302	Marionette	WARN	TLS certificate errors will be ignored for this session
JavaScript warning: https://accounts.google.com/v3/signin/identifier?continue=https%3A%2F%2Faccounts.google.com%2F&dsh=S1678081133%3A1773811036020060&followup=https%3A%2F%2Faccounts.google.com%2F&ifkv=ASfE1-qPAhfdFUKo_sPzbQqYLagDCJs-hlSOmK1zoxY_nWW0laCZnqdFmnY-daTieqntWj15ZJUU&passive=1209600&flowName=GlifWebSignIn&flowEntry=ServiceLogin line 1331 > injectedScript, line 244: unreachable code after return statement
JavaScript warning: https://accounts.google.com/v3/signin/identifier?continue=https%3A%2F%2Faccounts.google.com%2F&dsh=S1678081133%3A1773811036020060&followup=https%3A%2F%2Faccounts.google.com%2F&ifkv=ASfE1-qPAhfdFUKo_sPzbQqYLagDCJs-hlSOmK1zoxY_nWW0laCZnqdFmnY-daTieqntWj15ZJUU&passive=1209600&flowName=GlifWebSignIn&flowEntry=ServiceLogin line 1331 > injectedScript, line 244: unreachable code after return statement
JavaScript warning: https://accounts.google.com/v3/signin/identifier?continue=https%3A%2F%2Faccounts.google.com%2F&dsh=S1678081133%3A1773811036020060&followup=https%3A%2F%2Faccounts.google.com%2F&ifkv=ASfE1-qPAhfdFUKo_sPzbQqYLagDCJs-hlSOmK1zoxY_nWW0laCZnqdFmnY-daTieqntWj15ZJUU&passive=1209600&flowName=GlifWebSignIn&flowEntry=ServiceLogin line 1331 > injectedScript, line 244: unreachable code after return statement
JavaScript warning: https://accounts.google.com/v3/signin/identifier?continue=https%3A%2F%2Faccounts.google.com%2F&dsh=S1678081133%3A1773811036020060&followup=https%3A%2F%2Faccounts.google.com%2F&ifkv=ASfE1-qPAhfdFUKo_sPzbQqYLagDCJs-hlSOmK1zoxY_nWW0laCZnqdFmnY-daTieqntWj15ZJUU&passive=1209600&flowName=GlifWebSignIn&flowEntry=ServiceLogin line 1331 > injectedScript, line 244: unreachable code after return statement
JavaScript warning: https://accounts.google.com/v3/signin/identifier?continue=https%3A%2F%2Faccounts.google.com%2F&dsh=S1678081133%3A1773811036020060&followup=https%3A%2F%2Faccounts.google.com%2F&ifkv=ASfE1-qPAhfdFUKo_sPzbQqYLagDCJs-hlSOmK1zoxY_nWW0laCZnqdFmnY-daTieqntWj15ZJUU&passive=1209600&flowName=GlifWebSignIn&flowEntry=ServiceLogin line 1331 > injectedScript, line 244: unreachable code after return statement
JavaScript warning: https://accounts.google.com/v3/signin/identifier?continue=https%3A%2F%2Faccounts.google.com%2F&dsh=S1678081133%3A1773811036020060&followup=https%3A%2F%2Faccounts.google.com%2F&ifkv=ASfE1-qPAhfdFUKo_sPzbQqYLagDCJs-hlSOmK1zoxY_nWW0laCZnqdFmnY-daTieqntWj15ZJUU&passive=1209600&flowName=GlifWebSignIn&flowEntry=ServiceLogin line 1331 > injectedScript, line 244: unreachable code after return statement
JavaScript warning: https://accounts.google.com/v3/signin/identifier?continue=https%3A%2F%2Faccounts.google.com%2F&dsh=S1678081133%3A1773811036020060&followup=https%3A%2F%2Faccounts.google.com%2F&ifkv=ASfE1-qPAhfdFUKo_sPzbQqYLagDCJs-hlSOmK1zoxY_nWW0laCZnqdFmnY-daTieqntWj15ZJUU&passive=1209600&flowName=GlifWebSignIn&flowEntry=ServiceLogin line 1331 > injectedScript line 2 > eval, line 244: unreachable code after return statement
JavaScript warning: https://accounts.google.com/v3/signin/identifier?continue=https%3A%2F%2Faccounts.google.com%2F&dsh=S1678081133%3A1773811036020060&followup=https%3A%2F%2Faccounts.google.com%2F&ifkv=ASfE1-qPAhfdFUKo_sPzbQqYLagDCJs-hlSOmK1zoxY_nWW0laCZnqdFmnY-daTieqntWj15ZJUU&passive=1209600&flowName=GlifWebSignIn&flowEntry=ServiceLogin line 1331 > injectedScript line 2 > eval, line 244: unreachable code after return statement
JavaScript warning: https://accounts.google.com/v3/signin/identifier?continue=https%3A%2F%2Faccounts.google.com%2F&dsh=S1678081133%3A1773811036020060&followup=https%3A%2F%2Faccounts.google.com%2F&ifkv=ASfE1-qPAhfdFUKo_sPzbQqYLagDCJs-hlSOmK1zoxY_nWW0laCZnqdFmnY-daTieqntWj15ZJUU&passive=1209600&flowName=GlifWebSignIn&flowEntry=ServiceLogin line 1331 > injectedScript line 2 > eval, line 244: unreachable code after return statement
JavaScript warning: https://accounts.google.com/v3/signin/identifier?continue=https%3A%2F%2Faccounts.google.com%2F&dsh=S1678081133%3A1773811036020060&followup=https%3A%2F%2Faccounts.google.com%2F&ifkv=ASfE1-qPAhfdFUKo_sPzbQqYLagDCJs-hlSOmK1zoxY_nWW0laCZnqdFmnY-daTieqntWj15ZJUU&passive=1209600&flowName=GlifWebSignIn&flowEntry=ServiceLogin line 1331 > injectedScript line 2 > eval, line 244: unreachable code after return statement
JavaScript warning: https://accounts.google.com/v3/signin/identifier?continue=https%3A%2F%2Faccounts.google.com%2F&dsh=S1678081133%3A1773811036020060&followup=https%3A%2F%2Faccounts.google.com%2F&ifkv=ASfE1-qPAhfdFUKo_sPzbQqYLagDCJs-hlSOmK1zoxY_nWW0laCZnqdFmnY-daTieqntWj15ZJUU&passive=1209600&flowName=GlifWebSignIn&flowEntry=ServiceLogin line 1331 > injectedScript line 2 > eval, line 1: unreachable code after return statement
JavaScript warning: https://accounts.google.com/v3/signin/identifier?continue=https%3A%2F%2Faccounts.google.com%2F&dsh=S1678081133%3A1773811036020060&followup=https%3A%2F%2Faccounts.google.com%2F&ifkv=ASfE1-qPAhfdFUKo_sPzbQqYLagDCJs-hlSOmK1zoxY_nWW0laCZnqdFmnY-daTieqntWj15ZJUU&passive=1209600&flowName=GlifWebSignIn&flowEntry=ServiceLogin line 1331 > injectedScript line 2 > eval line 244 > eval, line 1: unreachable code after return statement
JavaScript warning: https://accounts.google.com/v3/signin/identifier?continue=https%3A%2F%2Faccounts.google.com%2F&dsh=S1678081133%3A1773811036020060&followup=https%3A%2F%2Faccounts.google.com%2F&ifkv=ASfE1-qPAhfdFUKo_sPzbQqYLagDCJs-hlSOmK1zoxY_nWW0laCZnqdFmnY-daTieqntWj15ZJUU&passive=1209600&flowName=GlifWebSignIn&flowEntry=ServiceLogin line 1331 > injectedScript line 2 > eval line 244 > eval, line 1: unreachable code after return statement
JavaScript warning: https://accounts.google.com/v3/signin/identifier?continue=https%3A%2F%2Faccounts.google.com%2F&dsh=S1678081133%3A1773811036020060&followup=https%3A%2F%2Faccounts.google.com%2F&ifkv=ASfE1-qPAhfdFUKo_sPzbQqYLagDCJs-hlSOmK1zoxY_nWW0laCZnqdFmnY-daTieqntWj15ZJUU&passive=1209600&flowName=GlifWebSignIn&flowEntry=ServiceLogin line 1331 > injectedScript line 2 > eval line 244 > eval line 1 > eval, line 1: unreachable code after return statement
JavaScript warning: https://accounts.google.com/v3/signin/identifier?continue=https%3A%2F%2Faccounts.google.com%2F&dsh=S1678081133%3A1773811036020060&followup=https%3A%2F%2Faccounts.google.com%2F&ifkv=ASfE1-qPAhfdFUKo_sPzbQqYLagDCJs-hlSOmK1zoxY_nWW0laCZnqdFmnY-daTieqntWj15ZJUU&passive=1209600&flowName=GlifWebSignIn&flowEntry=ServiceLogin line 1331 > injectedScript line 2 > eval, line 244: unreachable code after return statement
JavaScript warning: https://accounts.google.com/v3/signin/identifier?continue=https%3A%2F%2Faccounts.google.com%2F&dsh=S1678081133%3A1773811036020060&followup=https%3A%2F%2Faccounts.google.com%2F&ifkv=ASfE1-qPAhfdFUKo_sPzbQqYLagDCJs-hlSOmK1zoxY_nWW0laCZnqdFmnY-daTieqntWj15ZJUU&passive=1209600&flowName=GlifWebSignIn&flowEntry=ServiceLogin line 1331 > injectedScript line 2 > eval line 244 > eval line 1 > eval, line 1: unreachable code after return statement
JavaScript warning: https://accounts.google.com/v3/signin/identifier?continue=https%3A%2F%2Faccounts.google.com%2F&dsh=S1678081133%3A1773811036020060&followup=https%3A%2F%2Faccounts.google.com%2F&ifkv=ASfE1-qPAhfdFUKo_sPzbQqYLagDCJs-hlSOmK1zoxY_nWW0laCZnqdFmnY-daTieqntWj15ZJUU&passive=1209600&flowName=GlifWebSignIn&flowEntry=ServiceLogin line 1331 > injectedScript line 2 > eval line 244 > eval line 1 > eval, line 1: unreachable code after return statement
JavaScript warning: https://accounts.google.com/v3/signin/identifier?continue=https%3A%2F%2Faccounts.google.com%2F&dsh=S1678081133%3A1773811036020060&followup=https%3A%2F%2Faccounts.google.com%2F&ifkv=ASfE1-qPAhfdFUKo_sPzbQqYLagDCJs-hlSOmK1zoxY_nWW0laCZnqdFmnY-daTieqntWj15ZJUU&passive=1209600&flowName=GlifWebSignIn&flowEntry=ServiceLogin line 1331 > injectedScript line 2 > eval line 244 > eval line 1 > eval, line 1: unreachable code after return statement
JavaScript warning: https://accounts.google.com/v3/signin/identifier?continue=https%3A%2F%2Faccounts.google.com%2F&dsh=S1678081133%3A1773811036020060&followup=https%3A%2F%2Faccounts.google.com%2F&ifkv=ASfE1-qPAhfdFUKo_sPzbQqYLagDCJs-hlSOmK1zoxY_nWW0laCZnqdFmnY-daTieqntWj15ZJUU&passive=1209600&flowName=GlifWebSignIn&flowEntry=ServiceLogin line 1331 > injectedScript line 2 > eval line 244 > eval line 1 > eval line 1 > eval, line 1: unreachable code after return statement
JavaScript warning: https://accounts.google.com/v3/signin/identifier?continue=https%3A%2F%2Faccounts.google.com%2F&dsh=S1678081133%3A1773811036020060&followup=https%3A%2F%2Faccounts.google.com%2F&ifkv=ASfE1-qPAhfdFUKo_sPzbQqYLagDCJs-hlSOmK1zoxY_nWW0laCZnqdFmnY-daTieqntWj15ZJUU&passive=1209600&flowName=GlifWebSignIn&flowEntry=ServiceLogin line 1331 > injectedScript line 2 > eval line 244 > eval line 1 > eval line 1 > eval, line 1: unreachable code after return statement
JavaScript warning: https://accounts.google.com/v3/signin/identifier?continue=https%3A%2F%2Faccounts.google.com%2F&dsh=S1678081133%3A1773811036020060&followup=https%3A%2F%2Faccounts.google.com%2F&ifkv=ASfE1-qPAhfdFUKo_sPzbQqYLagDCJs-hlSOmK1zoxY_nWW0laCZnqdFmnY-daTieqntWj15ZJUU&passive=1209600&flowName=GlifWebSignIn&flowEntry=ServiceLogin line 1331 > injectedScript line 2 > eval line 244 > eval line 1 > eval line 1 > eval, line 1: unreachable code after return statement
JavaScript warning: https://accounts.google.com/v3/signin/identifier?continue=https%3A%2F%2Faccounts.google.com%2F&dsh=S1678081133%3A1773811036020060&followup=https%3A%2F%2Faccounts.google.com%2F&ifkv=ASfE1-qPAhfdFUKo_sPzbQqYLagDCJs-hlSOmK1zoxY_nWW0laCZnqdFmnY-daTieqntWj15ZJUU&passive=1209600&flowName=GlifWebSignIn&flowEntry=ServiceLogin line 1331 > injectedScript, line 3839: unreachable code after return statement
JavaScript warning: https://accounts.google.com/v3/signin/identifier?continue=https%3A%2F%2Faccounts.google.com%2F&dsh=S1678081133%3A1773811036020060&followup=https%3A%2F%2Faccounts.google.com%2F&ifkv=ASfE1-qPAhfdFUKo_sPzbQqYLagDCJs-hlSOmK1zoxY_nWW0laCZnqdFmnY-daTieqntWj15ZJUU&passive=1209600&flowName=GlifWebSignIn&flowEntry=ServiceLogin line 1331 > injectedScript, line 3839: unreachable code after return statement
JavaScript warning: https://accounts.google.com/v3/signin/identifier?continue=https%3A%2F%2Faccounts.google.com%2F&dsh=S1678081133%3A1773811036020060&followup=https%3A%2F%2Faccounts.google.com%2F&ifkv=ASfE1-qPAhfdFUKo_sPzbQqYLagDCJs-hlSOmK1zoxY_nWW0laCZnqdFmnY-daTieqntWj15ZJUU&passive=1209600&flowName=GlifWebSignIn&flowEntry=ServiceLogin line 1331 > injectedScript, line 3839: unreachable code after return statement
JavaScript warning: https://accounts.google.com/v3/signin/identifier?continue=https%3A%2F%2Faccounts.google.com%2F&dsh=S1678081133%3A1773811036020060&followup=https%3A%2F%2Faccounts.google.com%2F&ifkv=ASfE1-qPAhfdFUKo_sPzbQqYLagDCJs-hlSOmK1zoxY_nWW0laCZnqdFmnY-daTieqntWj15ZJUU&passive=1209600&flowName=GlifWebSignIn&flowEntry=ServiceLogin line 1331 > injectedScript, line 3839: unreachable code after return statement
JavaScript warning: https://accounts.google.com/v3/signin/identifier?continue=https%3A%2F%2Faccounts.google.com%2F&dsh=S1678081133%3A1773811036020060&followup=https%3A%2F%2Faccounts.google.com%2F&ifkv=ASfE1-qPAhfdFUKo_sPzbQqYLagDCJs-hlSOmK1zoxY_nWW0laCZnqdFmnY-daTieqntWj15ZJUU&passive=1209600&flowName=GlifWebSignIn&flowEntry=ServiceLogin line 1331 > injectedScript, line 3839: unreachable code after return statement
JavaScript warning: https://accounts.google.com/v3/signin/identifier?continue=https%3A%2F%2Faccounts.google.com%2F&dsh=S1678081133%3A1773811036020060&followup=https%3A%2F%2Faccounts.google.com%2F&ifkv=ASfE1-qPAhfdFUKo_sPzbQqYLagDCJs-hlSOmK1zoxY_nWW0laCZnqdFmnY-daTieqntWj15ZJUU&passive=1209600&flowName=GlifWebSignIn&flowEntry=ServiceLogin line 1331 > injectedScript, line 3839: unreachable code after return statement
JavaScript warning: https://accounts.google.com/v3/signin/identifier?continue=https%3A%2F%2Faccounts.google.com%2F&dsh=S1678081133%3A1773811036020060&followup=https%3A%2F%2Faccounts.google.com%2F&ifkv=ASfE1-qPAhfdFUKo_sPzbQqYLagDCJs-hlSOmK1zoxY_nWW0laCZnqdFmnY-daTieqntWj15ZJUU&passive=1209600&flowName=GlifWebSignIn&flowEntry=ServiceLogin line 1331 > injectedScript line 2 > eval, line 3839: unreachable code after return statement
JavaScript warning: https://accounts.google.com/v3/signin/identifier?continue=https%3A%2F%2Faccounts.google.com%2F&dsh=S1678081133%3A1773811036020060&followup=https%3A%2F%2Faccounts.google.com%2F&ifkv=ASfE1-qPAhfdFUKo_sPzbQqYLagDCJs-hlSOmK1zoxY_nWW0laCZnqdFmnY-daTieqntWj15ZJUU&passive=1209600&flowName=GlifWebSignIn&flowEntry=ServiceLogin line 1331 > injectedScript line 2 > eval, line 3839: unreachable code after return statement
JavaScript warning: https://accounts.google.com/v3/signin/identifier?continue=https%3A%2F%2Faccounts.google.com%2F&dsh=S1678081133%3A1773811036020060&followup=https%3A%2F%2Faccounts.google.com%2F&ifkv=ASfE1-qPAhfdFUKo_sPzbQqYLagDCJs-hlSOmK1zoxY_nWW0laCZnqdFmnY-daTieqntWj15ZJUU&passive=1209600&flowName=GlifWebSignIn&flowEntry=ServiceLogin line 1331 > injectedScript line 2 > eval, line 3839: unreachable code after return statement
JavaScript warning: https://accounts.google.com/v3/signin/identifier?continue=https%3A%2F%2Faccounts.google.com%2F&dsh=S1678081133%3A1773811036020060&followup=https%3A%2F%2Faccounts.google.com%2F&ifkv=ASfE1-qPAhfdFUKo_sPzbQqYLagDCJs-hlSOmK1zoxY_nWW0laCZnqdFmnY-daTieqntWj15ZJUU&passive=1209600&flowName=GlifWebSignIn&flowEntry=ServiceLogin line 1331 > injectedScript line 2 > eval, line 3839: unreachable code after return statement
JavaScript warning: https://accounts.google.com/v3/signin/identifier?continue=https%3A%2F%2Faccounts.google.com%2F&dsh=S1678081133%3A1773811036020060&followup=https%3A%2F%2Faccounts.google.com%2F&ifkv=ASfE1-qPAhfdFUKo_sPzbQqYLagDCJs-hlSOmK1zoxY_nWW0laCZnqdFmnY-daTieqntWj15ZJUU&passive=1209600&flowName=GlifWebSignIn&flowEntry=ServiceLogin line 1331 > injectedScript line 2 > eval, line 1: unreachable code after return statement
JavaScript warning: https://accounts.google.com/v3/signin/identifier?continue=https%3A%2F%2Faccounts.google.com%2F&dsh=S1678081133%3A1773811036020060&followup=https%3A%2F%2Faccounts.google.com%2F&ifkv=ASfE1-qPAhfdFUKo_sPzbQqYLagDCJs-hlSOmK1zoxY_nWW0laCZnqdFmnY-daTieqntWj15ZJUU&passive=1209600&flowName=GlifWebSignIn&flowEntry=ServiceLogin line 1331 > injectedScript line 2 > eval line 3839 > eval, line 1: unreachable code after return statement
JavaScript warning: https://accounts.google.com/v3/signin/identifier?continue=https%3A%2F%2Faccounts.google.com%2F&dsh=S1678081133%3A1773811036020060&followup=https%3A%2F%2Faccounts.google.com%2F&ifkv=ASfE1-qPAhfdFUKo_sPzbQqYLagDCJs-hlSOmK1zoxY_nWW0laCZnqdFmnY-daTieqntWj15ZJUU&passive=1209600&flowName=GlifWebSignIn&flowEntry=ServiceLogin line 1331 > injectedScript line 2 > eval line 3839 > eval, line 1: unreachable code after return statement
JavaScript warning: https://accounts.google.com/v3/signin/identifier?continue=https%3A%2F%2Faccounts.google.com%2F&dsh=S1678081133%3A1773811036020060&followup=https%3A%2F%2Faccounts.google.com%2F&ifkv=ASfE1-qPAhfdFUKo_sPzbQqYLagDCJs-hlSOmK1zoxY_nWW0laCZnqdFmnY-daTieqntWj15ZJUU&passive=1209600&flowName=GlifWebSignIn&flowEntry=ServiceLogin line 1331 > injectedScript line 2 > eval line 3839 > eval line 1 > eval, line 1: unreachable code after return statement
JavaScript warning: https://accounts.google.com/v3/signin/identifier?continue=https%3A%2F%2Faccounts.google.com%2F&dsh=S1678081133%3A1773811036020060&followup=https%3A%2F%2Faccounts.google.com%2F&ifkv=ASfE1-qPAhfdFUKo_sPzbQqYLagDCJs-hlSOmK1zoxY_nWW0laCZnqdFmnY-daTieqntWj15ZJUU&passive=1209600&flowName=GlifWebSignIn&flowEntry=ServiceLogin line 1331 > injectedScript line 2 > eval, line 3839: unreachable code after return statement
JavaScript warning: https://accounts.google.com/v3/signin/identifier?continue=https%3A%2F%2Faccounts.google.com%2F&dsh=S1678081133%3A1773811036020060&followup=https%3A%2F%2Faccounts.google.com%2F&ifkv=ASfE1-qPAhfdFUKo_sPzbQqYLagDCJs-hlSOmK1zoxY_nWW0laCZnqdFmnY-daTieqntWj15ZJUU&passive=1209600&flowName=GlifWebSignIn&flowEntry=ServiceLogin line 1331 > injectedScript line 2 > eval line 3839 > eval line 1 > eval, line 1: unreachable code after return statement
JavaScript warning: https://accounts.google.com/v3/signin/identifier?continue=https%3A%2F%2Faccounts.google.com%2F&dsh=S1678081133%3A1773811036020060&followup=https%3A%2F%2Faccounts.google.com%2F&ifkv=ASfE1-qPAhfdFUKo_sPzbQqYLagDCJs-hlSOmK1zoxY_nWW0laCZnqdFmnY-daTieqntWj15ZJUU&passive=1209600&flowName=GlifWebSignIn&flowEntry=ServiceLogin line 1331 > injectedScript line 2 > eval line 3839 > eval line 1 > eval, line 1: unreachable code after return statement
JavaScript warning: https://accounts.google.com/v3/signin/identifier?continue=https%3A%2F%2Faccounts.google.com%2F&dsh=S1678081133%3A1773811036020060&followup=https%3A%2F%2Faccounts.google.com%2F&ifkv=ASfE1-qPAhfdFUKo_sPzbQqYLagDCJs-hlSOmK1zoxY_nWW0laCZnqdFmnY-daTieqntWj15ZJUU&passive=1209600&flowName=GlifWebSignIn&flowEntry=ServiceLogin line 1331 > injectedScript line 2 > eval line 3839 > eval line 1 > eval, line 1: unreachable code after return statement
JavaScript warning: https://accounts.google.com/v3/signin/identifier?continue=https%3A%2F%2Faccounts.google.com%2F&dsh=S1678081133%3A1773811036020060&followup=https%3A%2F%2Faccounts.google.com%2F&ifkv=ASfE1-qPAhfdFUKo_sPzbQqYLagDCJs-hlSOmK1zoxY_nWW0laCZnqdFmnY-daTieqntWj15ZJUU&passive=1209600&flowName=GlifWebSignIn&flowEntry=ServiceLogin line 1331 > injectedScript line 2 > eval line 3839 > eval line 1 > eval line 1 > eval, line 1: unreachable code after return statement
JavaScript warning: https://accounts.google.com/v3/signin/identifier?continue=https%3A%2F%2Faccounts.google.com%2F&dsh=S1678081133%3A1773811036020060&followup=https%3A%2F%2Faccounts.google.com%2F&ifkv=ASfE1-qPAhfdFUKo_sPzbQqYLagDCJs-hlSOmK1zoxY_nWW0laCZnqdFmnY-daTieqntWj15ZJUU&passive=1209600&flowName=GlifWebSignIn&flowEntry=ServiceLogin line 1331 > injectedScript line 2 > eval line 3839 > eval line 1 > eval line 1 > eval, line 1: unreachable code after return statement
JavaScript warning: https://accounts.google.com/v3/signin/identifier?continue=https%3A%2F%2Faccounts.google.com%2F&dsh=S1678081133%3A1773811036020060&followup=https%3A%2F%2Faccounts.google.com%2F&ifkv=ASfE1-qPAhfdFUKo_sPzbQqYLagDCJs-hlSOmK1zoxY_nWW0laCZnqdFmnY-daTieqntWj15ZJUU&passive=1209600&flowName=GlifWebSignIn&flowEntry=ServiceLogin line 1331 > injectedScript line 2 > eval line 3839 > eval line 1 > eval line 1 > eval, line 1: unreachable code after return statement
JavaScript warning: https://accounts.google.com/v3/signin/identifier?dsh=S-1893388100%3A1773811038114777&ifkv=ASfE1-obSZnkb-TC_M9hYw_JPIn-II6HmDRVVE_mfzu0r9kuhcS0zzBqZju8PEdrEu97iR4LL10f&flowName=GlifWebSignIn&flowEntry=ServiceLogin line 1331 > injectedScript, line 7048: unreachable code after return statement
JavaScript warning: https://accounts.google.com/v3/signin/identifier?dsh=S-1893388100%3A1773811038114777&ifkv=ASfE1-obSZnkb-TC_M9hYw_JPIn-II6HmDRVVE_mfzu0r9kuhcS0zzBqZju8PEdrEu97iR4LL10f&flowName=GlifWebSignIn&flowEntry=ServiceLogin line 1331 > injectedScript, line 7048: unreachable code after return statement
JavaScript warning: https://accounts.google.com/v3/signin/identifier?dsh=S-1893388100%3A1773811038114777&ifkv=ASfE1-obSZnkb-TC_M9hYw_JPIn-II6HmDRVVE_mfzu0r9kuhcS0zzBqZju8PEdrEu97iR4LL10f&flowName=GlifWebSignIn&flowEntry=ServiceLogin line 1331 > injectedScript, line 7048: unreachable code after return statement
JavaScript warning: https://accounts.google.com/v3/signin/identifier?dsh=S-1893388100%3A1773811038114777&ifkv=ASfE1-obSZnkb-TC_M9hYw_JPIn-II6HmDRVVE_mfzu0r9kuhcS0zzBqZju8PEdrEu97iR4LL10f&flowName=GlifWebSignIn&flowEntry=ServiceLogin line 1331 > injectedScript, line 7048: unreachable code after return statement
JavaScript warning: https://accounts.google.com/v3/signin/identifier?dsh=S-1893388100%3A1773811038114777&ifkv=ASfE1-obSZnkb-TC_M9hYw_JPIn-II6HmDRVVE_mfzu0r9kuhcS0zzBqZju8PEdrEu97iR4LL10f&flowName=GlifWebSignIn&flowEntry=ServiceLogin line 1331 > injectedScript, line 7048: unreachable code after return statement
JavaScript warning: https://accounts.google.com/v3/signin/identifier?dsh=S-1893388100%3A1773811038114777&ifkv=ASfE1-obSZnkb-TC_M9hYw_JPIn-II6HmDRVVE_mfzu0r9kuhcS0zzBqZju8PEdrEu97iR4LL10f&flowName=GlifWebSignIn&flowEntry=ServiceLogin line 1331 > injectedScript, line 7048: unreachable code after return statement
JavaScript warning: https://accounts.google.com/v3/signin/identifier?dsh=S-1893388100%3A1773811038114777&ifkv=ASfE1-obSZnkb-TC_M9hYw_JPIn-II6HmDRVVE_mfzu0r9kuhcS0zzBqZju8PEdrEu97iR4LL10f&flowName=GlifWebSignIn&flowEntry=ServiceLogin line 1331 > injectedScript line 2 > eval, line 7048: unreachable code after return statement
JavaScript warning: https://accounts.google.com/v3/signin/identifier?dsh=S-1893388100%3A1773811038114777&ifkv=ASfE1-obSZnkb-TC_M9hYw_JPIn-II6HmDRVVE_mfzu0r9kuhcS0zzBqZju8PEdrEu97iR4LL10f&flowName=GlifWebSignIn&flowEntry=ServiceLogin line 1331 > injectedScript line 2 > eval, line 7048: unreachable code after return statement
JavaScript warning: https://accounts.google.com/v3/signin/identifier?dsh=S-1893388100%3A1773811038114777&ifkv=ASfE1-obSZnkb-TC_M9hYw_JPIn-II6HmDRVVE_mfzu0r9kuhcS0zzBqZju8PEdrEu97iR4LL10f&flowName=GlifWebSignIn&flowEntry=ServiceLogin line 1331 > injectedScript line 2 > eval, line 7048: unreachable code after return statement
JavaScript warning: https://accounts.google.com/v3/signin/identifier?dsh=S-1893388100%3A1773811038114777&ifkv=ASfE1-obSZnkb-TC_M9hYw_JPIn-II6HmDRVVE_mfzu0r9kuhcS0zzBqZju8PEdrEu97iR4LL10f&flowName=GlifWebSignIn&flowEntry=ServiceLogin line 1331 > injectedScript line 2 > eval, line 7048: unreachable code after return statement
JavaScript warning: https://accounts.google.com/v3/signin/identifier?dsh=S-1893388100%3A1773811038114777&ifkv=ASfE1-obSZnkb-TC_M9hYw_JPIn-II6HmDRVVE_mfzu0r9kuhcS0zzBqZju8PEdrEu97iR4LL10f&flowName=GlifWebSignIn&flowEntry=ServiceLogin line 1331 > injectedScript line 2 > eval, line 1: unreachable code after return statement
JavaScript warning: https://accounts.google.com/v3/signin/identifier?dsh=S-1893388100%3A1773811038114777&ifkv=ASfE1-obSZnkb-TC_M9hYw_JPIn-II6HmDRVVE_mfzu0r9kuhcS0zzBqZju8PEdrEu97iR4LL10f&flowName=GlifWebSignIn&flowEntry=ServiceLogin line 1331 > injectedScript line 2 > eval line 7048 > eval, line 1: unreachable code after return statement
JavaScript warning: https://accounts.google.com/v3/signin/identifier?dsh=S-1893388100%3A1773811038114777&ifkv=ASfE1-obSZnkb-TC_M9hYw_JPIn-II6HmDRVVE_mfzu0r9kuhcS0zzBqZju8PEdrEu97iR4LL10f&flowName=GlifWebSignIn&flowEntry=ServiceLogin line 1331 > injectedScript line 2 > eval, line 1: unreachable code after return statement
JavaScript warning: https://accounts.google.com/v3/signin/identifier?dsh=S-1893388100%3A1773811038114777&ifkv=ASfE1-obSZnkb-TC_M9hYw_JPIn-II6HmDRVVE_mfzu0r9kuhcS0zzBqZju8PEdrEu97iR4LL10f&flowName=GlifWebSignIn&flowEntry=ServiceLogin line 1331 > injectedScript line 2 > eval line 7048 > eval, line 1: unreachable code after return statement
JavaScript warning: https://accounts.google.com/v3/signin/identifier?dsh=S-1893388100%3A1773811038114777&ifkv=ASfE1-obSZnkb-TC_M9hYw_JPIn-II6HmDRVVE_mfzu0r9kuhcS0zzBqZju8PEdrEu97iR4LL10f&flowName=GlifWebSignIn&flowEntry=ServiceLogin line 1331 > injectedScript line 2 > eval, line 7048: unreachable code after return statement
JavaScript warning: https://accounts.google.com/v3/signin/identifier?dsh=S-1893388100%3A1773811038114777&ifkv=ASfE1-obSZnkb-TC_M9hYw_JPIn-II6HmDRVVE_mfzu0r9kuhcS0zzBqZju8PEdrEu97iR4LL10f&flowName=GlifWebSignIn&flowEntry=ServiceLogin line 1331 > injectedScript line 2 > eval line 7048 > eval line 1 > eval, line 1: unreachable code after return statement
JavaScript warning: https://accounts.google.com/v3/signin/identifier?dsh=S-1893388100%3A1773811038114777&ifkv=ASfE1-obSZnkb-TC_M9hYw_JPIn-II6HmDRVVE_mfzu0r9kuhcS0zzBqZju8PEdrEu97iR4LL10f&flowName=GlifWebSignIn&flowEntry=ServiceLogin line 1331 > injectedScript line 2 > eval line 7048 > eval line 1 > eval, line 1: unreachable code after return statement
JavaScript warning: https://accounts.google.com/v3/signin/identifier?dsh=S-1893388100%3A1773811038114777&ifkv=ASfE1-obSZnkb-TC_M9hYw_JPIn-II6HmDRVVE_mfzu0r9kuhcS0zzBqZju8PEdrEu97iR4LL10f&flowName=GlifWebSignIn&flowEntry=ServiceLogin line 1331 > injectedScript line 2 > eval line 7048 > eval line 1 > eval, line 1: unreachable code after return statement
JavaScript warning: https://accounts.google.com/v3/signin/identifier?dsh=S-1893388100%3A1773811038114777&ifkv=ASfE1-obSZnkb-TC_M9hYw_JPIn-II6HmDRVVE_mfzu0r9kuhcS0zzBqZju8PEdrEu97iR4LL10f&flowName=GlifWebSignIn&flowEntry=ServiceLogin line 1331 > injectedScript line 2 > eval line 7048 > eval line 1 > eval line 1 > eval, line 1: unreachable code after return statement
JavaScript warning: https://accounts.google.com/v3/signin/identifier?dsh=S-1893388100%3A1773811038114777&ifkv=ASfE1-obSZnkb-TC_M9hYw_JPIn-II6HmDRVVE_mfzu0r9kuhcS0zzBqZju8PEdrEu97iR4LL10f&flowName=GlifWebSignIn&flowEntry=ServiceLogin line 1331 > injectedScript line 2 > eval line 7048 > eval line 1 > eval line 1 > eval, line 1: unreachable code after return statement
JavaScript warning: https://accounts.google.com/v3/signin/identifier?dsh=S-1893388100%3A1773811038114777&ifkv=ASfE1-obSZnkb-TC_M9hYw_JPIn-II6HmDRVVE_mfzu0r9kuhcS0zzBqZju8PEdrEu97iR4LL10f&flowName=GlifWebSignIn&flowEntry=ServiceLogin line 1331 > injectedScript line 2 > eval line 7048 > eval line 1 > eval line 1 > eval, line 1: unreachable code after return statement
JavaScript warning: https://accounts.google.com/v3/signin/identifier?dsh=S-1893388100%3A1773811038114777&ifkv=ASfE1-obSZnkb-TC_M9hYw_JPIn-II6HmDRVVE_mfzu0r9kuhcS0zzBqZju8PEdrEu97iR4LL10f&flowName=GlifWebSignIn&flowEntry=ServiceLogin line 1331 > injectedScript, line 1332: unreachable code after return statement
JavaScript warning: https://accounts.google.com/v3/signin/identifier?dsh=S-1893388100%3A1773811038114777&ifkv=ASfE1-obSZnkb-TC_M9hYw_JPIn-II6HmDRVVE_mfzu0r9kuhcS0zzBqZju8PEdrEu97iR4LL10f&flowName=GlifWebSignIn&flowEntry=ServiceLogin line 1331 > injectedScript, line 1332: unreachable code after return statement
JavaScript warning: https://accounts.google.com/v3/signin/identifier?dsh=S-1893388100%3A1773811038114777&ifkv=ASfE1-obSZnkb-TC_M9hYw_JPIn-II6HmDRVVE_mfzu0r9kuhcS0zzBqZju8PEdrEu97iR4LL10f&flowName=GlifWebSignIn&flowEntry=ServiceLogin line 1331 > injectedScript, line 1332: unreachable code after return statement
JavaScript warning: https://accounts.google.com/v3/signin/identifier?dsh=S-1893388100%3A1773811038114777&ifkv=ASfE1-obSZnkb-TC_M9hYw_JPIn-II6HmDRVVE_mfzu0r9kuhcS0zzBqZju8PEdrEu97iR4LL10f&flowName=GlifWebSignIn&flowEntry=ServiceLogin line 1331 > injectedScript, line 1332: unreachable code after return statement
JavaScript warning: https://accounts.google.com/v3/signin/identifier?dsh=S-1893388100%3A1773811038114777&ifkv=ASfE1-obSZnkb-TC_M9hYw_JPIn-II6HmDRVVE_mfzu0r9kuhcS0zzBqZju8PEdrEu97iR4LL10f&flowName=GlifWebSignIn&flowEntry=ServiceLogin line 1331 > injectedScript, line 1332: unreachable code after return statement
JavaScript warning: https://accounts.google.com/v3/signin/identifier?dsh=S-1893388100%3A1773811038114777&ifkv=ASfE1-obSZnkb-TC_M9hYw_JPIn-II6HmDRVVE_mfzu0r9kuhcS0zzBqZju8PEdrEu97iR4LL10f&flowName=GlifWebSignIn&flowEntry=ServiceLogin line 1331 > injectedScript, line 1332: unreachable code after return statement
JavaScript warning: https://accounts.google.com/v3/signin/identifier?dsh=S-1893388100%3A1773811038114777&ifkv=ASfE1-obSZnkb-TC_M9hYw_JPIn-II6HmDRVVE_mfzu0r9kuhcS0zzBqZju8PEdrEu97iR4LL10f&flowName=GlifWebSignIn&flowEntry=ServiceLogin line 1331 > injectedScript line 2 > eval, line 1332: unreachable code after return statement
JavaScript warning: https://accounts.google.com/v3/signin/identifier?dsh=S-1893388100%3A1773811038114777&ifkv=ASfE1-obSZnkb-TC_M9hYw_JPIn-II6HmDRVVE_mfzu0r9kuhcS0zzBqZju8PEdrEu97iR4LL10f&flowName=GlifWebSignIn&flowEntry=ServiceLogin line 1331 > injectedScript line 2 > eval, line 1332: unreachable code after return statement
JavaScript warning: https://accounts.google.com/v3/signin/identifier?dsh=S-1893388100%3A1773811038114777&ifkv=ASfE1-obSZnkb-TC_M9hYw_JPIn-II6HmDRVVE_mfzu0r9kuhcS0zzBqZju8PEdrEu97iR4LL10f&flowName=GlifWebSignIn&flowEntry=ServiceLogin line 1331 > injectedScript line 2 > eval, line 1332: unreachable code after return statement
JavaScript warning: https://accounts.google.com/v3/signin/identifier?dsh=S-1893388100%3A1773811038114777&ifkv=ASfE1-obSZnkb-TC_M9hYw_JPIn-II6HmDRVVE_mfzu0r9kuhcS0zzBqZju8PEdrEu97iR4LL10f&flowName=GlifWebSignIn&flowEntry=ServiceLogin line 1331 > injectedScript line 2 > eval, line 1332: unreachable code after return statement
JavaScript warning: https://accounts.google.com/v3/signin/identifier?dsh=S-1893388100%3A1773811038114777&ifkv=ASfE1-obSZnkb-TC_M9hYw_JPIn-II6HmDRVVE_mfzu0r9kuhcS0zzBqZju8PEdrEu97iR4LL10f&flowName=GlifWebSignIn&flowEntry=ServiceLogin line 1331 > injectedScript line 2 > eval, line 1: unreachable code after return statement
JavaScript warning: https://accounts.google.com/v3/signin/identifier?dsh=S-1893388100%3A1773811038114777&ifkv=ASfE1-obSZnkb-TC_M9hYw_JPIn-II6HmDRVVE_mfzu0r9kuhcS0zzBqZju8PEdrEu97iR4LL10f&flowName=GlifWebSignIn&flowEntry=ServiceLogin line 1331 > injectedScript line 2 > eval line 1332 > eval, line 1: unreachable code after return statement
JavaScript warning: https://accounts.google.com/v3/signin/identifier?dsh=S-1893388100%3A1773811038114777&ifkv=ASfE1-obSZnkb-TC_M9hYw_JPIn-II6HmDRVVE_mfzu0r9kuhcS0zzBqZju8PEdrEu97iR4LL10f&flowName=GlifWebSignIn&flowEntry=ServiceLogin line 1331 > injectedScript line 2 > eval, line 1: unreachable code after return statement
JavaScript warning: https://accounts.google.com/v3/signin/identifier?dsh=S-1893388100%3A1773811038114777&ifkv=ASfE1-obSZnkb-TC_M9hYw_JPIn-II6HmDRVVE_mfzu0r9kuhcS0zzBqZju8PEdrEu97iR4LL10f&flowName=GlifWebSignIn&flowEntry=ServiceLogin line 1331 > injectedScript line 2 > eval line 1332 > eval, line 1: unreachable code after return statement
JavaScript warning: https://accounts.google.com/v3/signin/identifier?dsh=S-1893388100%3A1773811038114777&ifkv=ASfE1-obSZnkb-TC_M9hYw_JPIn-II6HmDRVVE_mfzu0r9kuhcS0zzBqZju8PEdrEu97iR4LL10f&flowName=GlifWebSignIn&flowEntry=ServiceLogin line 1331 > injectedScript line 2 > eval, line 1332: unreachable code after return statement
JavaScript warning: https://accounts.google.com/v3/signin/identifier?dsh=S-1893388100%3A1773811038114777&ifkv=ASfE1-obSZnkb-TC_M9hYw_JPIn-II6HmDRVVE_mfzu0r9kuhcS0zzBqZju8PEdrEu97iR4LL10f&flowName=GlifWebSignIn&flowEntry=ServiceLogin line 1331 > injectedScript line 2 > eval line 1332 > eval line 1 > eval, line 1: unreachable code after return statement
JavaScript warning: https://accounts.google.com/v3/signin/identifier?dsh=S-1893388100%3A1773811038114777&ifkv=ASfE1-obSZnkb-TC_M9hYw_JPIn-II6HmDRVVE_mfzu0r9kuhcS0zzBqZju8PEdrEu97iR4LL10f&flowName=GlifWebSignIn&flowEntry=ServiceLogin line 1331 > injectedScript line 2 > eval line 1332 > eval line 1 > eval, line 1: unreachable code after return statement
JavaScript warning: https://accounts.google.com/v3/signin/identifier?dsh=S-1893388100%3A1773811038114777&ifkv=ASfE1-obSZnkb-TC_M9hYw_JPIn-II6HmDRVVE_mfzu0r9kuhcS0zzBqZju8PEdrEu97iR4LL10f&flowName=GlifWebSignIn&flowEntry=ServiceLogin line 1331 > injectedScript line 2 > eval line 1332 > eval line 1 > eval, line 1: unreachable code after return statement
JavaScript warning: https://accounts.google.com/v3/signin/identifier?dsh=S-1893388100%3A1773811038114777&ifkv=ASfE1-obSZnkb-TC_M9hYw_JPIn-II6HmDRVVE_mfzu0r9kuhcS0zzBqZju8PEdrEu97iR4LL10f&flowName=GlifWebSignIn&flowEntry=ServiceLogin line 1331 > injectedScript line 2 > eval line 1332 > eval line 1 > eval line 1 > eval, line 1: unreachable code after return statement
JavaScript warning: https://accounts.google.com/v3/signin/identifier?dsh=S-1893388100%3A1773811038114777&ifkv=ASfE1-obSZnkb-TC_M9hYw_JPIn-II6HmDRVVE_mfzu0r9kuhcS0zzBqZju8PEdrEu97iR4LL10f&flowName=GlifWebSignIn&flowEntry=ServiceLogin line 1331 > injectedScript line 2 > eval line 1332 > eval line 1 > eval line 1 > eval, line 1: unreachable code after return statement
JavaScript warning: https://accounts.google.com/v3/signin/identifier?dsh=S-1893388100%3A1773811038114777&ifkv=ASfE1-obSZnkb-TC_M9hYw_JPIn-II6HmDRVVE_mfzu0r9kuhcS0zzBqZju8PEdrEu97iR4LL10f&flowName=GlifWebSignIn&flowEntry=ServiceLogin line 1331 > injectedScript line 2 > eval line 1332 > eval line 1 > eval line 1 > eval, line 1: unreachable code after return statement
Can't find symbol 'eglSwapBuffersWithDamageEXT'.
1773811045452	Marionette	INFO	Stopped listening on port 53428
[Parent 7220, Gecko_IOThread] WARNING: file /builds/worker/checkouts/gecko/ipc/chromium/src/base/process_util_win.cc, line 166

###!!! [Child][RunMessage] Error: Channel closing: too late to send/recv, messages will be lost


###!!! [Child][MessageChannel::SendAndWait] Error: Channel error: cannot send/recv

1773811069521	geckodriver	INFO	Listening on 127.0.0.1:49446
1773811072585	mozrunner::runner	INFO	Running command: "C:\\Users\\chipc\\Desktop\\techlaai_automation\\gmail_automation\\FirefoxPortable\\firefox.exe" "--marionette" "-profile" "C:\\Users\\chipc\\Desktop\\techlaai_automation\\gmail_automation\\firefox_profiles\\nguyentrungda615" "--no-sandbox" "--start-maximized" "--disable-dev-shm-usage" "--disable-blink-features=AutomationControlled" "--disable-web-security" "--ignore-certificate-errors" "--disable-notifications" "--disable-infobars" "--disable-extensions" "--remote-debugging-port" "49447" "-no-remote"
Can't find symbol 'eglSwapBuffersWithDamageEXT'.
1773811074129	Marionette	INFO	Listening on port 49480
1773811074640	Marionette	WARN	TLS certificate errors will be ignored for this session
JavaScript warning: https://accounts.google.com/v3/signin/identifier?continue=https%3A%2F%2Faccounts.google.com%2F&dsh=S-366994598%3A1773811074354335&followup=https%3A%2F%2Faccounts.google.com%2F&ifkv=ASfE1-qoGp2t8itfncLIXWIo-RgJzu6N0jROdyYpLekaUGzYRLyFu9g8h5ApqpPgf9wDtyt868dHqQ&passive=1209600&flowName=GlifWebSignIn&flowEntry=ServiceLogin line 1331 > injectedScript, line 2815: unreachable code after return statement
JavaScript warning: https://accounts.google.com/v3/signin/identifier?continue=https%3A%2F%2Faccounts.google.com%2F&dsh=S-366994598%3A1773811074354335&followup=https%3A%2F%2Faccounts.google.com%2F&ifkv=ASfE1-qoGp2t8itfncLIXWIo-RgJzu6N0jROdyYpLekaUGzYRLyFu9g8h5ApqpPgf9wDtyt868dHqQ&passive=1209600&flowName=GlifWebSignIn&flowEntry=ServiceLogin line 1331 > injectedScript, line 2815: unreachable code after return statement
JavaScript warning: https://accounts.google.com/v3/signin/identifier?continue=https%3A%2F%2Faccounts.google.com%2F&dsh=S-366994598%3A1773811074354335&followup=https%3A%2F%2Faccounts.google.com%2F&ifkv=ASfE1-qoGp2t8itfncLIXWIo-RgJzu6N0jROdyYpLekaUGzYRLyFu9g8h5ApqpPgf9wDtyt868dHqQ&passive=1209600&flowName=GlifWebSignIn&flowEntry=ServiceLogin line 1331 > injectedScript, line 2815: unreachable code after return statement
JavaScript warning: https://accounts.google.com/v3/signin/identifier?continue=https%3A%2F%2Faccounts.google.com%2F&dsh=S-366994598%3A1773811074354335&followup=https%3A%2F%2Faccounts.google.com%2F&ifkv=ASfE1-qoGp2t8itfncLIXWIo-RgJzu6N0jROdyYpLekaUGzYRLyFu9g8h5ApqpPgf9wDtyt868dHqQ&passive=1209600&flowName=GlifWebSignIn&flowEntry=ServiceLogin line 1331 > injectedScript, line 2815: unreachable code after return statement
JavaScript warning: https://accounts.google.com/v3/signin/identifier?continue=https%3A%2F%2Faccounts.google.com%2F&dsh=S-366994598%3A1773811074354335&followup=https%3A%2F%2Faccounts.google.com%2F&ifkv=ASfE1-qoGp2t8itfncLIXWIo-RgJzu6N0jROdyYpLekaUGzYRLyFu9g8h5ApqpPgf9wDtyt868dHqQ&passive=1209600&flowName=GlifWebSignIn&flowEntry=ServiceLogin line 1331 > injectedScript, line 2815: unreachable code after return statement
JavaScript warning: https://accounts.google.com/v3/signin/identifier?continue=https%3A%2F%2Faccounts.google.com%2F&dsh=S-366994598%3A1773811074354335&followup=https%3A%2F%2Faccounts.google.com%2F&ifkv=ASfE1-qoGp2t8itfncLIXWIo-RgJzu6N0jROdyYpLekaUGzYRLyFu9g8h5ApqpPgf9wDtyt868dHqQ&passive=1209600&flowName=GlifWebSignIn&flowEntry=ServiceLogin line 1331 > injectedScript, line 2815: unreachable code after return statement
JavaScript warning: https://accounts.google.com/v3/signin/identifier?continue=https%3A%2F%2Faccounts.google.com%2F&dsh=S-366994598%3A1773811074354335&followup=https%3A%2F%2Faccounts.google.com%2F&ifkv=ASfE1-qoGp2t8itfncLIXWIo-RgJzu6N0jROdyYpLekaUGzYRLyFu9g8h5ApqpPgf9wDtyt868dHqQ&passive=1209600&flowName=GlifWebSignIn&flowEntry=ServiceLogin line 1331 > injectedScript line 2 > eval, line 2815: unreachable code after return statement
JavaScript warning: https://accounts.google.com/v3/signin/identifier?continue=https%3A%2F%2Faccounts.google.com%2F&dsh=S-366994598%3A1773811074354335&followup=https%3A%2F%2Faccounts.google.com%2F&ifkv=ASfE1-qoGp2t8itfncLIXWIo-RgJzu6N0jROdyYpLekaUGzYRLyFu9g8h5ApqpPgf9wDtyt868dHqQ&passive=1209600&flowName=GlifWebSignIn&flowEntry=ServiceLogin line 1331 > injectedScript line 2 > eval, line 2815: unreachable code after return statement
JavaScript warning: https://accounts.google.com/v3/signin/identifier?continue=https%3A%2F%2Faccounts.google.com%2F&dsh=S-366994598%3A1773811074354335&followup=https%3A%2F%2Faccounts.google.com%2F&ifkv=ASfE1-qoGp2t8itfncLIXWIo-RgJzu6N0jROdyYpLekaUGzYRLyFu9g8h5ApqpPgf9wDtyt868dHqQ&passive=1209600&flowName=GlifWebSignIn&flowEntry=ServiceLogin line 1331 > injectedScript line 2 > eval, line 2815: unreachable code after return statement
JavaScript warning: https://accounts.google.com/v3/signin/identifier?continue=https%3A%2F%2Faccounts.google.com%2F&dsh=S-366994598%3A1773811074354335&followup=https%3A%2F%2Faccounts.google.com%2F&ifkv=ASfE1-qoGp2t8itfncLIXWIo-RgJzu6N0jROdyYpLekaUGzYRLyFu9g8h5ApqpPgf9wDtyt868dHqQ&passive=1209600&flowName=GlifWebSignIn&flowEntry=ServiceLogin line 1331 > injectedScript line 2 > eval, line 2815: unreachable code after return statement
JavaScript warning: https://accounts.google.com/v3/signin/identifier?continue=https%3A%2F%2Faccounts.google.com%2F&dsh=S-366994598%3A1773811074354335&followup=https%3A%2F%2Faccounts.google.com%2F&ifkv=ASfE1-qoGp2t8itfncLIXWIo-RgJzu6N0jROdyYpLekaUGzYRLyFu9g8h5ApqpPgf9wDtyt868dHqQ&passive=1209600&flowName=GlifWebSignIn&flowEntry=ServiceLogin line 1331 > injectedScript line 2 > eval, line 1: unreachable code after return statement
JavaScript warning: https://accounts.google.com/v3/signin/identifier?continue=https%3A%2F%2Faccounts.google.com%2F&dsh=S-366994598%3A1773811074354335&followup=https%3A%2F%2Faccounts.google.com%2F&ifkv=ASfE1-qoGp2t8itfncLIXWIo-RgJzu6N0jROdyYpLekaUGzYRLyFu9g8h5ApqpPgf9wDtyt868dHqQ&passive=1209600&flowName=GlifWebSignIn&flowEntry=ServiceLogin line 1331 > injectedScript line 2 > eval line 2815 > eval, line 1: unreachable code after return statement
JavaScript warning: https://accounts.google.com/v3/signin/identifier?continue=https%3A%2F%2Faccounts.google.com%2F&dsh=S-366994598%3A1773811074354335&followup=https%3A%2F%2Faccounts.google.com%2F&ifkv=ASfE1-qoGp2t8itfncLIXWIo-RgJzu6N0jROdyYpLekaUGzYRLyFu9g8h5ApqpPgf9wDtyt868dHqQ&passive=1209600&flowName=GlifWebSignIn&flowEntry=ServiceLogin line 1331 > injectedScript line 2 > eval, line 1: unreachable code after return statement
JavaScript warning: https://accounts.google.com/v3/signin/identifier?continue=https%3A%2F%2Faccounts.google.com%2F&dsh=S-366994598%3A1773811074354335&followup=https%3A%2F%2Faccounts.google.com%2F&ifkv=ASfE1-qoGp2t8itfncLIXWIo-RgJzu6N0jROdyYpLekaUGzYRLyFu9g8h5ApqpPgf9wDtyt868dHqQ&passive=1209600&flowName=GlifWebSignIn&flowEntry=ServiceLogin line 1331 > injectedScript line 2 > eval line 2815 > eval, line 1: unreachable code after return statement
JavaScript warning: https://accounts.google.com/v3/signin/identifier?continue=https%3A%2F%2Faccounts.google.com%2F&dsh=S-366994598%3A1773811074354335&followup=https%3A%2F%2Faccounts.google.com%2F&ifkv=ASfE1-qoGp2t8itfncLIXWIo-RgJzu6N0jROdyYpLekaUGzYRLyFu9g8h5ApqpPgf9wDtyt868dHqQ&passive=1209600&flowName=GlifWebSignIn&flowEntry=ServiceLogin line 1331 > injectedScript line 2 > eval, line 2815: unreachable code after return statement
JavaScript warning: https://accounts.google.com/v3/signin/identifier?continue=https%3A%2F%2Faccounts.google.com%2F&dsh=S-366994598%3A1773811074354335&followup=https%3A%2F%2Faccounts.google.com%2F&ifkv=ASfE1-qoGp2t8itfncLIXWIo-RgJzu6N0jROdyYpLekaUGzYRLyFu9g8h5ApqpPgf9wDtyt868dHqQ&passive=1209600&flowName=GlifWebSignIn&flowEntry=ServiceLogin line 1331 > injectedScript line 2 > eval line 2815 > eval line 1 > eval, line 1: unreachable code after return statement
JavaScript warning: https://accounts.google.com/v3/signin/identifier?continue=https%3A%2F%2Faccounts.google.com%2F&dsh=S-366994598%3A1773811074354335&followup=https%3A%2F%2Faccounts.google.com%2F&ifkv=ASfE1-qoGp2t8itfncLIXWIo-RgJzu6N0jROdyYpLekaUGzYRLyFu9g8h5ApqpPgf9wDtyt868dHqQ&passive=1209600&flowName=GlifWebSignIn&flowEntry=ServiceLogin line 1331 > injectedScript line 2 > eval line 2815 > eval line 1 > eval, line 1: unreachable code after return statement
JavaScript warning: https://accounts.google.com/v3/signin/identifier?continue=https%3A%2F%2Faccounts.google.com%2F&dsh=S-366994598%3A1773811074354335&followup=https%3A%2F%2Faccounts.google.com%2F&ifkv=ASfE1-qoGp2t8itfncLIXWIo-RgJzu6N0jROdyYpLekaUGzYRLyFu9g8h5ApqpPgf9wDtyt868dHqQ&passive=1209600&flowName=GlifWebSignIn&flowEntry=ServiceLogin line 1331 > injectedScript line 2 > eval line 2815 > eval line 1 > eval, line 1: unreachable code after return statement
JavaScript warning: https://accounts.google.com/v3/signin/identifier?continue=https%3A%2F%2Faccounts.google.com%2F&dsh=S-366994598%3A1773811074354335&followup=https%3A%2F%2Faccounts.google.com%2F&ifkv=ASfE1-qoGp2t8itfncLIXWIo-RgJzu6N0jROdyYpLekaUGzYRLyFu9g8h5ApqpPgf9wDtyt868dHqQ&passive=1209600&flowName=GlifWebSignIn&flowEntry=ServiceLogin line 1331 > injectedScript line 2 > eval line 2815 > eval line 1 > eval line 1 > eval, line 1: unreachable code after return statement
JavaScript warning: https://accounts.google.com/v3/signin/identifier?continue=https%3A%2F%2Faccounts.google.com%2F&dsh=S-366994598%3A1773811074354335&followup=https%3A%2F%2Faccounts.google.com%2F&ifkv=ASfE1-qoGp2t8itfncLIXWIo-RgJzu6N0jROdyYpLekaUGzYRLyFu9g8h5ApqpPgf9wDtyt868dHqQ&passive=1209600&flowName=GlifWebSignIn&flowEntry=ServiceLogin line 1331 > injectedScript line 2 > eval line 2815 > eval line 1 > eval line 1 > eval, line 1: unreachable code after return statement
JavaScript warning: https://accounts.google.com/v3/signin/identifier?continue=https%3A%2F%2Faccounts.google.com%2F&dsh=S-366994598%3A1773811074354335&followup=https%3A%2F%2Faccounts.google.com%2F&ifkv=ASfE1-qoGp2t8itfncLIXWIo-RgJzu6N0jROdyYpLekaUGzYRLyFu9g8h5ApqpPgf9wDtyt868dHqQ&passive=1209600&flowName=GlifWebSignIn&flowEntry=ServiceLogin line 1331 > injectedScript line 2 > eval line 2815 > eval line 1 > eval line 1 > eval, line 1: unreachable code after return statement
JavaScript warning: https://accounts.google.com/v3/signin/identifier?continue=https%3A%2F%2Faccounts.google.com%2F&dsh=S-366994598%3A1773811074354335&followup=https%3A%2F%2Faccounts.google.com%2F&ifkv=ASfE1-qoGp2t8itfncLIXWIo-RgJzu6N0jROdyYpLekaUGzYRLyFu9g8h5ApqpPgf9wDtyt868dHqQ&passive=1209600&flowName=GlifWebSignIn&flowEntry=ServiceLogin line 1331 > injectedScript, line 30: unreachable code after return statement
JavaScript warning: https://accounts.google.com/v3/signin/identifier?continue=https%3A%2F%2Faccounts.google.com%2F&dsh=S-366994598%3A1773811074354335&followup=https%3A%2F%2Faccounts.google.com%2F&ifkv=ASfE1-qoGp2t8itfncLIXWIo-RgJzu6N0jROdyYpLekaUGzYRLyFu9g8h5ApqpPgf9wDtyt868dHqQ&passive=1209600&flowName=GlifWebSignIn&flowEntry=ServiceLogin line 1331 > injectedScript, line 30: unreachable code after return statement
JavaScript warning: https://accounts.google.com/v3/signin/identifier?continue=https%3A%2F%2Faccounts.google.com%2F&dsh=S-366994598%3A1773811074354335&followup=https%3A%2F%2Faccounts.google.com%2F&ifkv=ASfE1-qoGp2t8itfncLIXWIo-RgJzu6N0jROdyYpLekaUGzYRLyFu9g8h5ApqpPgf9wDtyt868dHqQ&passive=1209600&flowName=GlifWebSignIn&flowEntry=ServiceLogin line 1331 > injectedScript, line 30: unreachable code after return statement
JavaScript warning: https://accounts.google.com/v3/signin/identifier?continue=https%3A%2F%2Faccounts.google.com%2F&dsh=S-366994598%3A1773811074354335&followup=https%3A%2F%2Faccounts.google.com%2F&ifkv=ASfE1-qoGp2t8itfncLIXWIo-RgJzu6N0jROdyYpLekaUGzYRLyFu9g8h5ApqpPgf9wDtyt868dHqQ&passive=1209600&flowName=GlifWebSignIn&flowEntry=ServiceLogin line 1331 > injectedScript, line 30: unreachable code after return statement
JavaScript warning: https://accounts.google.com/v3/signin/identifier?continue=https%3A%2F%2Faccounts.google.com%2F&dsh=S-366994598%3A1773811074354335&followup=https%3A%2F%2Faccounts.google.com%2F&ifkv=ASfE1-qoGp2t8itfncLIXWIo-RgJzu6N0jROdyYpLekaUGzYRLyFu9g8h5ApqpPgf9wDtyt868dHqQ&passive=1209600&flowName=GlifWebSignIn&flowEntry=ServiceLogin line 1331 > injectedScript, line 30: unreachable code after return statement
JavaScript warning: https://accounts.google.com/v3/signin/identifier?continue=https%3A%2F%2Faccounts.google.com%2F&dsh=S-366994598%3A1773811074354335&followup=https%3A%2F%2Faccounts.google.com%2F&ifkv=ASfE1-qoGp2t8itfncLIXWIo-RgJzu6N0jROdyYpLekaUGzYRLyFu9g8h5ApqpPgf9wDtyt868dHqQ&passive=1209600&flowName=GlifWebSignIn&flowEntry=ServiceLogin line 1331 > injectedScript, line 30: unreachable code after return statement
JavaScript warning: https://accounts.google.com/v3/signin/identifier?continue=https%3A%2F%2Faccounts.google.com%2F&dsh=S-366994598%3A1773811074354335&followup=https%3A%2F%2Faccounts.google.com%2F&ifkv=ASfE1-qoGp2t8itfncLIXWIo-RgJzu6N0jROdyYpLekaUGzYRLyFu9g8h5ApqpPgf9wDtyt868dHqQ&passive=1209600&flowName=GlifWebSignIn&flowEntry=ServiceLogin line 1331 > injectedScript line 2 > eval, line 30: unreachable code after return statement
JavaScript warning: https://accounts.google.com/v3/signin/identifier?continue=https%3A%2F%2Faccounts.google.com%2F&dsh=S-366994598%3A1773811074354335&followup=https%3A%2F%2Faccounts.google.com%2F&ifkv=ASfE1-qoGp2t8itfncLIXWIo-RgJzu6N0jROdyYpLekaUGzYRLyFu9g8h5ApqpPgf9wDtyt868dHqQ&passive=1209600&flowName=GlifWebSignIn&flowEntry=ServiceLogin line 1331 > injectedScript line 2 > eval, line 30: unreachable code after return statement
JavaScript warning: https://accounts.google.com/v3/signin/identifier?continue=https%3A%2F%2Faccounts.google.com%2F&dsh=S-366994598%3A1773811074354335&followup=https%3A%2F%2Faccounts.google.com%2F&ifkv=ASfE1-qoGp2t8itfncLIXWIo-RgJzu6N0jROdyYpLekaUGzYRLyFu9g8h5ApqpPgf9wDtyt868dHqQ&passive=1209600&flowName=GlifWebSignIn&flowEntry=ServiceLogin line 1331 > injectedScript line 2 > eval, line 30: unreachable code after return statement
JavaScript warning: https://accounts.google.com/v3/signin/identifier?continue=https%3A%2F%2Faccounts.google.com%2F&dsh=S-366994598%3A1773811074354335&followup=https%3A%2F%2Faccounts.google.com%2F&ifkv=ASfE1-qoGp2t8itfncLIXWIo-RgJzu6N0jROdyYpLekaUGzYRLyFu9g8h5ApqpPgf9wDtyt868dHqQ&passive=1209600&flowName=GlifWebSignIn&flowEntry=ServiceLogin line 1331 > injectedScript line 2 > eval, line 30: unreachable code after return statement
JavaScript warning: https://accounts.google.com/v3/signin/identifier?continue=https%3A%2F%2Faccounts.google.com%2F&dsh=S-366994598%3A1773811074354335&followup=https%3A%2F%2Faccounts.google.com%2F&ifkv=ASfE1-qoGp2t8itfncLIXWIo-RgJzu6N0jROdyYpLekaUGzYRLyFu9g8h5ApqpPgf9wDtyt868dHqQ&passive=1209600&flowName=GlifWebSignIn&flowEntry=ServiceLogin line 1331 > injectedScript line 2 > eval, line 1: unreachable code after return statement
JavaScript warning: https://accounts.google.com/v3/signin/identifier?continue=https%3A%2F%2Faccounts.google.com%2F&dsh=S-366994598%3A1773811074354335&followup=https%3A%2F%2Faccounts.google.com%2F&ifkv=ASfE1-qoGp2t8itfncLIXWIo-RgJzu6N0jROdyYpLekaUGzYRLyFu9g8h5ApqpPgf9wDtyt868dHqQ&passive=1209600&flowName=GlifWebSignIn&flowEntry=ServiceLogin line 1331 > injectedScript line 2 > eval line 30 > eval, line 1: unreachable code after return statement
JavaScript warning: https://accounts.google.com/v3/signin/identifier?continue=https%3A%2F%2Faccounts.google.com%2F&dsh=S-366994598%3A1773811074354335&followup=https%3A%2F%2Faccounts.google.com%2F&ifkv=ASfE1-qoGp2t8itfncLIXWIo-RgJzu6N0jROdyYpLekaUGzYRLyFu9g8h5ApqpPgf9wDtyt868dHqQ&passive=1209600&flowName=GlifWebSignIn&flowEntry=ServiceLogin line 1331 > injectedScript line 2 > eval, line 1: unreachable code after return statement
JavaScript warning: https://accounts.google.com/v3/signin/identifier?continue=https%3A%2F%2Faccounts.google.com%2F&dsh=S-366994598%3A1773811074354335&followup=https%3A%2F%2Faccounts.google.com%2F&ifkv=ASfE1-qoGp2t8itfncLIXWIo-RgJzu6N0jROdyYpLekaUGzYRLyFu9g8h5ApqpPgf9wDtyt868dHqQ&passive=1209600&flowName=GlifWebSignIn&flowEntry=ServiceLogin line 1331 > injectedScript line 2 > eval line 30 > eval, line 1: unreachable code after return statement
JavaScript warning: https://accounts.google.com/v3/signin/identifier?continue=https%3A%2F%2Faccounts.google.com%2F&dsh=S-366994598%3A1773811074354335&followup=https%3A%2F%2Faccounts.google.com%2F&ifkv=ASfE1-qoGp2t8itfncLIXWIo-RgJzu6N0jROdyYpLekaUGzYRLyFu9g8h5ApqpPgf9wDtyt868dHqQ&passive=1209600&flowName=GlifWebSignIn&flowEntry=ServiceLogin line 1331 > injectedScript line 2 > eval, line 30: unreachable code after return statement
JavaScript warning: https://accounts.google.com/v3/signin/identifier?continue=https%3A%2F%2Faccounts.google.com%2F&dsh=S-366994598%3A1773811074354335&followup=https%3A%2F%2Faccounts.google.com%2F&ifkv=ASfE1-qoGp2t8itfncLIXWIo-RgJzu6N0jROdyYpLekaUGzYRLyFu9g8h5ApqpPgf9wDtyt868dHqQ&passive=1209600&flowName=GlifWebSignIn&flowEntry=ServiceLogin line 1331 > injectedScript line 2 > eval line 30 > eval line 1 > eval, line 1: unreachable code after return statement
JavaScript warning: https://accounts.google.com/v3/signin/identifier?continue=https%3A%2F%2Faccounts.google.com%2F&dsh=S-366994598%3A1773811074354335&followup=https%3A%2F%2Faccounts.google.com%2F&ifkv=ASfE1-qoGp2t8itfncLIXWIo-RgJzu6N0jROdyYpLekaUGzYRLyFu9g8h5ApqpPgf9wDtyt868dHqQ&passive=1209600&flowName=GlifWebSignIn&flowEntry=ServiceLogin line 1331 > injectedScript line 2 > eval line 30 > eval line 1 > eval, line 1: unreachable code after return statement
JavaScript warning: https://accounts.google.com/v3/signin/identifier?continue=https%3A%2F%2Faccounts.google.com%2F&dsh=S-366994598%3A1773811074354335&followup=https%3A%2F%2Faccounts.google.com%2F&ifkv=ASfE1-qoGp2t8itfncLIXWIo-RgJzu6N0jROdyYpLekaUGzYRLyFu9g8h5ApqpPgf9wDtyt868dHqQ&passive=1209600&flowName=GlifWebSignIn&flowEntry=ServiceLogin line 1331 > injectedScript line 2 > eval line 30 > eval line 1 > eval, line 1: unreachable code after return statement
JavaScript warning: https://accounts.google.com/v3/signin/identifier?continue=https%3A%2F%2Faccounts.google.com%2F&dsh=S-366994598%3A1773811074354335&followup=https%3A%2F%2Faccounts.google.com%2F&ifkv=ASfE1-qoGp2t8itfncLIXWIo-RgJzu6N0jROdyYpLekaUGzYRLyFu9g8h5ApqpPgf9wDtyt868dHqQ&passive=1209600&flowName=GlifWebSignIn&flowEntry=ServiceLogin line 1331 > injectedScript line 2 > eval line 30 > eval line 1 > eval line 1 > eval, line 1: unreachable code after return statement
JavaScript warning: https://accounts.google.com/v3/signin/identifier?continue=https%3A%2F%2Faccounts.google.com%2F&dsh=S-366994598%3A1773811074354335&followup=https%3A%2F%2Faccounts.google.com%2F&ifkv=ASfE1-qoGp2t8itfncLIXWIo-RgJzu6N0jROdyYpLekaUGzYRLyFu9g8h5ApqpPgf9wDtyt868dHqQ&passive=1209600&flowName=GlifWebSignIn&flowEntry=ServiceLogin line 1331 > injectedScript line 2 > eval line 30 > eval line 1 > eval line 1 > eval, line 1: unreachable code after return statement
JavaScript warning: https://accounts.google.com/v3/signin/identifier?continue=https%3A%2F%2Faccounts.google.com%2F&dsh=S-366994598%3A1773811074354335&followup=https%3A%2F%2Faccounts.google.com%2F&ifkv=ASfE1-qoGp2t8itfncLIXWIo-RgJzu6N0jROdyYpLekaUGzYRLyFu9g8h5ApqpPgf9wDtyt868dHqQ&passive=1209600&flowName=GlifWebSignIn&flowEntry=ServiceLogin line 1331 > injectedScript line 2 > eval line 30 > eval line 1 > eval line 1 > eval, line 1: unreachable code after return statement
JavaScript warning: https://accounts.google.com/v3/signin/identifier?dsh=S-1204580319%3A1773811076495750&ifkv=ASfE1-ozGOx9CbpMG-h9tqi_rbwns8eFRAmV0KJRmK_1u4ZbjfU-ipdHHho17q3K_PELhz4T7Rc9Sw&flowName=GlifWebSignIn&flowEntry=ServiceLogin line 1331 > injectedScript, line 4853: unreachable code after return statement
JavaScript warning: https://accounts.google.com/v3/signin/identifier?dsh=S-1204580319%3A1773811076495750&ifkv=ASfE1-ozGOx9CbpMG-h9tqi_rbwns8eFRAmV0KJRmK_1u4ZbjfU-ipdHHho17q3K_PELhz4T7Rc9Sw&flowName=GlifWebSignIn&flowEntry=ServiceLogin line 1331 > injectedScript, line 4853: unreachable code after return statement
JavaScript warning: https://accounts.google.com/v3/signin/identifier?dsh=S-1204580319%3A1773811076495750&ifkv=ASfE1-ozGOx9CbpMG-h9tqi_rbwns8eFRAmV0KJRmK_1u4ZbjfU-ipdHHho17q3K_PELhz4T7Rc9Sw&flowName=GlifWebSignIn&flowEntry=ServiceLogin line 1331 > injectedScript, line 4853: unreachable code after return statement
JavaScript warning: https://accounts.google.com/v3/signin/identifier?dsh=S-1204580319%3A1773811076495750&ifkv=ASfE1-ozGOx9CbpMG-h9tqi_rbwns8eFRAmV0KJRmK_1u4ZbjfU-ipdHHho17q3K_PELhz4T7Rc9Sw&flowName=GlifWebSignIn&flowEntry=ServiceLogin line 1331 > injectedScript, line 4853: unreachable code after return statement
JavaScript warning: https://accounts.google.com/v3/signin/identifier?dsh=S-1204580319%3A1773811076495750&ifkv=ASfE1-ozGOx9CbpMG-h9tqi_rbwns8eFRAmV0KJRmK_1u4ZbjfU-ipdHHho17q3K_PELhz4T7Rc9Sw&flowName=GlifWebSignIn&flowEntry=ServiceLogin line 1331 > injectedScript, line 4853: unreachable code after return statement
JavaScript warning: https://accounts.google.com/v3/signin/identifier?dsh=S-1204580319%3A1773811076495750&ifkv=ASfE1-ozGOx9CbpMG-h9tqi_rbwns8eFRAmV0KJRmK_1u4ZbjfU-ipdHHho17q3K_PELhz4T7Rc9Sw&flowName=GlifWebSignIn&flowEntry=ServiceLogin line 1331 > injectedScript, line 4853: unreachable code after return statement
JavaScript warning: https://accounts.google.com/v3/signin/identifier?dsh=S-1204580319%3A1773811076495750&ifkv=ASfE1-ozGOx9CbpMG-h9tqi_rbwns8eFRAmV0KJRmK_1u4ZbjfU-ipdHHho17q3K_PELhz4T7Rc9Sw&flowName=GlifWebSignIn&flowEntry=ServiceLogin line 1331 > injectedScript line 2 > eval, line 4853: unreachable code after return statement
JavaScript warning: https://accounts.google.com/v3/signin/identifier?dsh=S-1204580319%3A1773811076495750&ifkv=ASfE1-ozGOx9CbpMG-h9tqi_rbwns8eFRAmV0KJRmK_1u4ZbjfU-ipdHHho17q3K_PELhz4T7Rc9Sw&flowName=GlifWebSignIn&flowEntry=ServiceLogin line 1331 > injectedScript line 2 > eval, line 4853: unreachable code after return statement
JavaScript warning: https://accounts.google.com/v3/signin/identifier?dsh=S-1204580319%3A1773811076495750&ifkv=ASfE1-ozGOx9CbpMG-h9tqi_rbwns8eFRAmV0KJRmK_1u4ZbjfU-ipdHHho17q3K_PELhz4T7Rc9Sw&flowName=GlifWebSignIn&flowEntry=ServiceLogin line 1331 > injectedScript line 2 > eval, line 4853: unreachable code after return statement
JavaScript warning: https://accounts.google.com/v3/signin/identifier?dsh=S-1204580319%3A1773811076495750&ifkv=ASfE1-ozGOx9CbpMG-h9tqi_rbwns8eFRAmV0KJRmK_1u4ZbjfU-ipdHHho17q3K_PELhz4T7Rc9Sw&flowName=GlifWebSignIn&flowEntry=ServiceLogin line 1331 > injectedScript line 2 > eval, line 4853: unreachable code after return statement
JavaScript warning: https://accounts.google.com/v3/signin/identifier?dsh=S-1204580319%3A1773811076495750&ifkv=ASfE1-ozGOx9CbpMG-h9tqi_rbwns8eFRAmV0KJRmK_1u4ZbjfU-ipdHHho17q3K_PELhz4T7Rc9Sw&flowName=GlifWebSignIn&flowEntry=ServiceLogin line 1331 > injectedScript line 2 > eval, line 1: unreachable code after return statement
JavaScript warning: https://accounts.google.com/v3/signin/identifier?dsh=S-1204580319%3A1773811076495750&ifkv=ASfE1-ozGOx9CbpMG-h9tqi_rbwns8eFRAmV0KJRmK_1u4ZbjfU-ipdHHho17q3K_PELhz4T7Rc9Sw&flowName=GlifWebSignIn&flowEntry=ServiceLogin line 1331 > injectedScript line 2 > eval line 4853 > eval, line 1: unreachable code after return statement
JavaScript warning: https://accounts.google.com/v3/signin/identifier?dsh=S-1204580319%3A1773811076495750&ifkv=ASfE1-ozGOx9CbpMG-h9tqi_rbwns8eFRAmV0KJRmK_1u4ZbjfU-ipdHHho17q3K_PELhz4T7Rc9Sw&flowName=GlifWebSignIn&flowEntry=ServiceLogin line 1331 > injectedScript line 2 > eval, line 1: unreachable code after return statement
JavaScript warning: https://accounts.google.com/v3/signin/identifier?dsh=S-1204580319%3A1773811076495750&ifkv=ASfE1-ozGOx9CbpMG-h9tqi_rbwns8eFRAmV0KJRmK_1u4ZbjfU-ipdHHho17q3K_PELhz4T7Rc9Sw&flowName=GlifWebSignIn&flowEntry=ServiceLogin line 1331 > injectedScript line 2 > eval line 4853 > eval, line 1: unreachable code after return statement
JavaScript warning: https://accounts.google.com/v3/signin/identifier?dsh=S-1204580319%3A1773811076495750&ifkv=ASfE1-ozGOx9CbpMG-h9tqi_rbwns8eFRAmV0KJRmK_1u4ZbjfU-ipdHHho17q3K_PELhz4T7Rc9Sw&flowName=GlifWebSignIn&flowEntry=ServiceLogin line 1331 > injectedScript line 2 > eval, line 4853: unreachable code after return statement
JavaScript warning: https://accounts.google.com/v3/signin/identifier?dsh=S-1204580319%3A1773811076495750&ifkv=ASfE1-ozGOx9CbpMG-h9tqi_rbwns8eFRAmV0KJRmK_1u4ZbjfU-ipdHHho17q3K_PELhz4T7Rc9Sw&flowName=GlifWebSignIn&flowEntry=ServiceLogin line 1331 > injectedScript line 2 > eval line 4853 > eval line 1 > eval, line 1: unreachable code after return statement
JavaScript warning: https://accounts.google.com/v3/signin/identifier?dsh=S-1204580319%3A1773811076495750&ifkv=ASfE1-ozGOx9CbpMG-h9tqi_rbwns8eFRAmV0KJRmK_1u4ZbjfU-ipdHHho17q3K_PELhz4T7Rc9Sw&flowName=GlifWebSignIn&flowEntry=ServiceLogin line 1331 > injectedScript line 2 > eval line 4853 > eval line 1 > eval, line 1: unreachable code after return statement
JavaScript warning: https://accounts.google.com/v3/signin/identifier?dsh=S-1204580319%3A1773811076495750&ifkv=ASfE1-ozGOx9CbpMG-h9tqi_rbwns8eFRAmV0KJRmK_1u4ZbjfU-ipdHHho17q3K_PELhz4T7Rc9Sw&flowName=GlifWebSignIn&flowEntry=ServiceLogin line 1331 > injectedScript line 2 > eval line 4853 > eval line 1 > eval, line 1: unreachable code after return statement
JavaScript warning: https://accounts.google.com/v3/signin/identifier?dsh=S-1204580319%3A1773811076495750&ifkv=ASfE1-ozGOx9CbpMG-h9tqi_rbwns8eFRAmV0KJRmK_1u4ZbjfU-ipdHHho17q3K_PELhz4T7Rc9Sw&flowName=GlifWebSignIn&flowEntry=ServiceLogin line 1331 > injectedScript line 2 > eval line 4853 > eval line 1 > eval line 1 > eval, line 1: unreachable code after return statement
JavaScript warning: https://accounts.google.com/v3/signin/identifier?dsh=S-1204580319%3A1773811076495750&ifkv=ASfE1-ozGOx9CbpMG-h9tqi_rbwns8eFRAmV0KJRmK_1u4ZbjfU-ipdHHho17q3K_PELhz4T7Rc9Sw&flowName=GlifWebSignIn&flowEntry=ServiceLogin line 1331 > injectedScript line 2 > eval line 4853 > eval line 1 > eval line 1 > eval, line 1: unreachable code after return statement
JavaScript warning: https://accounts.google.com/v3/signin/identifier?dsh=S-1204580319%3A1773811076495750&ifkv=ASfE1-ozGOx9CbpMG-h9tqi_rbwns8eFRAmV0KJRmK_1u4ZbjfU-ipdHHho17q3K_PELhz4T7Rc9Sw&flowName=GlifWebSignIn&flowEntry=ServiceLogin line 1331 > injectedScript line 2 > eval line 4853 > eval line 1 > eval line 1 > eval, line 1: unreachable code after return statement
JavaScript warning: https://accounts.google.com/v3/signin/identifier?dsh=S-1204580319%3A1773811076495750&ifkv=ASfE1-ozGOx9CbpMG-h9tqi_rbwns8eFRAmV0KJRmK_1u4ZbjfU-ipdHHho17q3K_PELhz4T7Rc9Sw&flowName=GlifWebSignIn&flowEntry=ServiceLogin line 1331 > injectedScript, line 4693: unreachable code after return statement
JavaScript warning: https://accounts.google.com/v3/signin/identifier?dsh=S-1204580319%3A1773811076495750&ifkv=ASfE1-ozGOx9CbpMG-h9tqi_rbwns8eFRAmV0KJRmK_1u4ZbjfU-ipdHHho17q3K_PELhz4T7Rc9Sw&flowName=GlifWebSignIn&flowEntry=ServiceLogin line 1331 > injectedScript, line 4693: unreachable code after return statement
JavaScript warning: https://accounts.google.com/v3/signin/identifier?dsh=S-1204580319%3A1773811076495750&ifkv=ASfE1-ozGOx9CbpMG-h9tqi_rbwns8eFRAmV0KJRmK_1u4ZbjfU-ipdHHho17q3K_PELhz4T7Rc9Sw&flowName=GlifWebSignIn&flowEntry=ServiceLogin line 1331 > injectedScript, line 4693: unreachable code after return statement
JavaScript warning: https://accounts.google.com/v3/signin/identifier?dsh=S-1204580319%3A1773811076495750&ifkv=ASfE1-ozGOx9CbpMG-h9tqi_rbwns8eFRAmV0KJRmK_1u4ZbjfU-ipdHHho17q3K_PELhz4T7Rc9Sw&flowName=GlifWebSignIn&flowEntry=ServiceLogin line 1331 > injectedScript, line 4693: unreachable code after return statement
JavaScript warning: https://accounts.google.com/v3/signin/identifier?dsh=S-1204580319%3A1773811076495750&ifkv=ASfE1-ozGOx9CbpMG-h9tqi_rbwns8eFRAmV0KJRmK_1u4ZbjfU-ipdHHho17q3K_PELhz4T7Rc9Sw&flowName=GlifWebSignIn&flowEntry=ServiceLogin line 1331 > injectedScript, line 4693: unreachable code after return statement
JavaScript warning: https://accounts.google.com/v3/signin/identifier?dsh=S-1204580319%3A1773811076495750&ifkv=ASfE1-ozGOx9CbpMG-h9tqi_rbwns8eFRAmV0KJRmK_1u4ZbjfU-ipdHHho17q3K_PELhz4T7Rc9Sw&flowName=GlifWebSignIn&flowEntry=ServiceLogin line 1331 > injectedScript, line 4693: unreachable code after return statement
JavaScript warning: https://accounts.google.com/v3/signin/identifier?dsh=S-1204580319%3A1773811076495750&ifkv=ASfE1-ozGOx9CbpMG-h9tqi_rbwns8eFRAmV0KJRmK_1u4ZbjfU-ipdHHho17q3K_PELhz4T7Rc9Sw&flowName=GlifWebSignIn&flowEntry=ServiceLogin line 1331 > injectedScript line 2 > eval, line 4693: unreachable code after return statement
JavaScript warning: https://accounts.google.com/v3/signin/identifier?dsh=S-1204580319%3A1773811076495750&ifkv=ASfE1-ozGOx9CbpMG-h9tqi_rbwns8eFRAmV0KJRmK_1u4ZbjfU-ipdHHho17q3K_PELhz4T7Rc9Sw&flowName=GlifWebSignIn&flowEntry=ServiceLogin line 1331 > injectedScript line 2 > eval, line 4693: unreachable code after return statement
JavaScript warning: https://accounts.google.com/v3/signin/identifier?dsh=S-1204580319%3A1773811076495750&ifkv=ASfE1-ozGOx9CbpMG-h9tqi_rbwns8eFRAmV0KJRmK_1u4ZbjfU-ipdHHho17q3K_PELhz4T7Rc9Sw&flowName=GlifWebSignIn&flowEntry=ServiceLogin line 1331 > injectedScript line 2 > eval, line 4693: unreachable code after return statement
JavaScript warning: https://accounts.google.com/v3/signin/identifier?dsh=S-1204580319%3A1773811076495750&ifkv=ASfE1-ozGOx9CbpMG-h9tqi_rbwns8eFRAmV0KJRmK_1u4ZbjfU-ipdHHho17q3K_PELhz4T7Rc9Sw&flowName=GlifWebSignIn&flowEntry=ServiceLogin line 1331 > injectedScript line 2 > eval, line 4693: unreachable code after return statement
JavaScript warning: https://accounts.google.com/v3/signin/identifier?dsh=S-1204580319%3A1773811076495750&ifkv=ASfE1-ozGOx9CbpMG-h9tqi_rbwns8eFRAmV0KJRmK_1u4ZbjfU-ipdHHho17q3K_PELhz4T7Rc9Sw&flowName=GlifWebSignIn&flowEntry=ServiceLogin line 1331 > injectedScript line 2 > eval, line 1: unreachable code after return statement
JavaScript warning: https://accounts.google.com/v3/signin/identifier?dsh=S-1204580319%3A1773811076495750&ifkv=ASfE1-ozGOx9CbpMG-h9tqi_rbwns8eFRAmV0KJRmK_1u4ZbjfU-ipdHHho17q3K_PELhz4T7Rc9Sw&flowName=GlifWebSignIn&flowEntry=ServiceLogin line 1331 > injectedScript line 2 > eval line 4693 > eval, line 1: unreachable code after return statement
JavaScript warning: https://accounts.google.com/v3/signin/identifier?dsh=S-1204580319%3A1773811076495750&ifkv=ASfE1-ozGOx9CbpMG-h9tqi_rbwns8eFRAmV0KJRmK_1u4ZbjfU-ipdHHho17q3K_PELhz4T7Rc9Sw&flowName=GlifWebSignIn&flowEntry=ServiceLogin line 1331 > injectedScript line 2 > eval, line 1: unreachable code after return statement
JavaScript warning: https://accounts.google.com/v3/signin/identifier?dsh=S-1204580319%3A1773811076495750&ifkv=ASfE1-ozGOx9CbpMG-h9tqi_rbwns8eFRAmV0KJRmK_1u4ZbjfU-ipdHHho17q3K_PELhz4T7Rc9Sw&flowName=GlifWebSignIn&flowEntry=ServiceLogin line 1331 > injectedScript line 2 > eval line 4693 > eval, line 1: unreachable code after return statement
JavaScript warning: https://accounts.google.com/v3/signin/identifier?dsh=S-1204580319%3A1773811076495750&ifkv=ASfE1-ozGOx9CbpMG-h9tqi_rbwns8eFRAmV0KJRmK_1u4ZbjfU-ipdHHho17q3K_PELhz4T7Rc9Sw&flowName=GlifWebSignIn&flowEntry=ServiceLogin line 1331 > injectedScript line 2 > eval, line 4693: unreachable code after return statement
JavaScript warning: https://accounts.google.com/v3/signin/identifier?dsh=S-1204580319%3A1773811076495750&ifkv=ASfE1-ozGOx9CbpMG-h9tqi_rbwns8eFRAmV0KJRmK_1u4ZbjfU-ipdHHho17q3K_PELhz4T7Rc9Sw&flowName=GlifWebSignIn&flowEntry=ServiceLogin line 1331 > injectedScript line 2 > eval line 4693 > eval line 1 > eval, line 1: unreachable code after return statement
JavaScript warning: https://accounts.google.com/v3/signin/identifier?dsh=S-1204580319%3A1773811076495750&ifkv=ASfE1-ozGOx9CbpMG-h9tqi_rbwns8eFRAmV0KJRmK_1u4ZbjfU-ipdHHho17q3K_PELhz4T7Rc9Sw&flowName=GlifWebSignIn&flowEntry=ServiceLogin line 1331 > injectedScript line 2 > eval line 4693 > eval line 1 > eval, line 1: unreachable code after return statement
JavaScript warning: https://accounts.google.com/v3/signin/identifier?dsh=S-1204580319%3A1773811076495750&ifkv=ASfE1-ozGOx9CbpMG-h9tqi_rbwns8eFRAmV0KJRmK_1u4ZbjfU-ipdHHho17q3K_PELhz4T7Rc9Sw&flowName=GlifWebSignIn&flowEntry=ServiceLogin line 1331 > injectedScript line 2 > eval line 4693 > eval line 1 > eval, line 1: unreachable code after return statement
JavaScript warning: https://accounts.google.com/v3/signin/identifier?dsh=S-1204580319%3A1773811076495750&ifkv=ASfE1-ozGOx9CbpMG-h9tqi_rbwns8eFRAmV0KJRmK_1u4ZbjfU-ipdHHho17q3K_PELhz4T7Rc9Sw&flowName=GlifWebSignIn&flowEntry=ServiceLogin line 1331 > injectedScript line 2 > eval line 4693 > eval line 1 > eval line 1 > eval, line 1: unreachable code after return statement
JavaScript warning: https://accounts.google.com/v3/signin/identifier?dsh=S-1204580319%3A1773811076495750&ifkv=ASfE1-ozGOx9CbpMG-h9tqi_rbwns8eFRAmV0KJRmK_1u4ZbjfU-ipdHHho17q3K_PELhz4T7Rc9Sw&flowName=GlifWebSignIn&flowEntry=ServiceLogin line 1331 > injectedScript line 2 > eval line 4693 > eval line 1 > eval line 1 > eval, line 1: unreachable code after return statement
JavaScript warning: https://accounts.google.com/v3/signin/identifier?dsh=S-1204580319%3A1773811076495750&ifkv=ASfE1-ozGOx9CbpMG-h9tqi_rbwns8eFRAmV0KJRmK_1u4ZbjfU-ipdHHho17q3K_PELhz4T7Rc9Sw&flowName=GlifWebSignIn&flowEntry=ServiceLogin line 1331 > injectedScript line 2 > eval line 4693 > eval line 1 > eval line 1 > eval, line 1: unreachable code after return statement
Can't find symbol 'eglSwapBuffersWithDamageEXT'.
JavaScript warning: https://accounts.google.com/v3/signin/identifier?dsh=S-1204580319%3A1773811076495750&ifkv=ASfE1-ozGOx9CbpMG-h9tqi_rbwns8eFRAmV0KJRmK_1u4ZbjfU-ipdHHho17q3K_PELhz4T7Rc9Sw&flowName=GlifWebSignIn&flowEntry=ServiceLogin line 1331 > injectedScript, line 7634: unreachable code after return statement
JavaScript warning: https://accounts.google.com/v3/signin/identifier?dsh=S-1204580319%3A1773811076495750&ifkv=ASfE1-ozGOx9CbpMG-h9tqi_rbwns8eFRAmV0KJRmK_1u4ZbjfU-ipdHHho17q3K_PELhz4T7Rc9Sw&flowName=GlifWebSignIn&flowEntry=ServiceLogin line 1331 > injectedScript, line 7634: unreachable code after return statement
JavaScript warning: https://accounts.google.com/v3/signin/identifier?dsh=S-1204580319%3A1773811076495750&ifkv=ASfE1-ozGOx9CbpMG-h9tqi_rbwns8eFRAmV0KJRmK_1u4ZbjfU-ipdHHho17q3K_PELhz4T7Rc9Sw&flowName=GlifWebSignIn&flowEntry=ServiceLogin line 1331 > injectedScript, line 7634: unreachable code after return statement
JavaScript warning: https://accounts.google.com/v3/signin/identifier?dsh=S-1204580319%3A1773811076495750&ifkv=ASfE1-ozGOx9CbpMG-h9tqi_rbwns8eFRAmV0KJRmK_1u4ZbjfU-ipdHHho17q3K_PELhz4T7Rc9Sw&flowName=GlifWebSignIn&flowEntry=ServiceLogin line 1331 > injectedScript, line 7634: unreachable code after return statement
JavaScript warning: https://accounts.google.com/v3/signin/identifier?dsh=S-1204580319%3A1773811076495750&ifkv=ASfE1-ozGOx9CbpMG-h9tqi_rbwns8eFRAmV0KJRmK_1u4ZbjfU-ipdHHho17q3K_PELhz4T7Rc9Sw&flowName=GlifWebSignIn&flowEntry=ServiceLogin line 1331 > injectedScript, line 7634: unreachable code after return statement
JavaScript warning: https://accounts.google.com/v3/signin/identifier?dsh=S-1204580319%3A1773811076495750&ifkv=ASfE1-ozGOx9CbpMG-h9tqi_rbwns8eFRAmV0KJRmK_1u4ZbjfU-ipdHHho17q3K_PELhz4T7Rc9Sw&flowName=GlifWebSignIn&flowEntry=ServiceLogin line 1331 > injectedScript, line 7634: unreachable code after return statement
JavaScript warning: https://accounts.google.com/v3/signin/identifier?dsh=S-1204580319%3A1773811076495750&ifkv=ASfE1-ozGOx9CbpMG-h9tqi_rbwns8eFRAmV0KJRmK_1u4ZbjfU-ipdHHho17q3K_PELhz4T7Rc9Sw&flowName=GlifWebSignIn&flowEntry=ServiceLogin line 1331 > injectedScript line 2 > eval, line 7634: unreachable code after return statement
JavaScript warning: https://accounts.google.com/v3/signin/identifier?dsh=S-1204580319%3A1773811076495750&ifkv=ASfE1-ozGOx9CbpMG-h9tqi_rbwns8eFRAmV0KJRmK_1u4ZbjfU-ipdHHho17q3K_PELhz4T7Rc9Sw&flowName=GlifWebSignIn&flowEntry=ServiceLogin line 1331 > injectedScript line 2 > eval, line 7634: unreachable code after return statement
JavaScript warning: https://accounts.google.com/v3/signin/identifier?dsh=S-1204580319%3A1773811076495750&ifkv=ASfE1-ozGOx9CbpMG-h9tqi_rbwns8eFRAmV0KJRmK_1u4ZbjfU-ipdHHho17q3K_PELhz4T7Rc9Sw&flowName=GlifWebSignIn&flowEntry=ServiceLogin line 1331 > injectedScript line 2 > eval, line 7634: unreachable code after return statement
JavaScript warning: https://accounts.google.com/v3/signin/identifier?dsh=S-1204580319%3A1773811076495750&ifkv=ASfE1-ozGOx9CbpMG-h9tqi_rbwns8eFRAmV0KJRmK_1u4ZbjfU-ipdHHho17q3K_PELhz4T7Rc9Sw&flowName=GlifWebSignIn&flowEntry=ServiceLogin line 1331 > injectedScript line 2 > eval, line 7634: unreachable code after return statement
JavaScript warning: https://accounts.google.com/v3/signin/identifier?dsh=S-1204580319%3A1773811076495750&ifkv=ASfE1-ozGOx9CbpMG-h9tqi_rbwns8eFRAmV0KJRmK_1u4ZbjfU-ipdHHho17q3K_PELhz4T7Rc9Sw&flowName=GlifWebSignIn&flowEntry=ServiceLogin line 1331 > injectedScript line 2 > eval, line 1: unreachable code after return statement
JavaScript warning: https://accounts.google.com/v3/signin/identifier?dsh=S-1204580319%3A1773811076495750&ifkv=ASfE1-ozGOx9CbpMG-h9tqi_rbwns8eFRAmV0KJRmK_1u4ZbjfU-ipdHHho17q3K_PELhz4T7Rc9Sw&flowName=GlifWebSignIn&flowEntry=ServiceLogin line 1331 > injectedScript line 2 > eval line 7634 > eval, line 1: unreachable code after return statement
JavaScript warning: https://accounts.google.com/v3/signin/identifier?dsh=S-1204580319%3A1773811076495750&ifkv=ASfE1-ozGOx9CbpMG-h9tqi_rbwns8eFRAmV0KJRmK_1u4ZbjfU-ipdHHho17q3K_PELhz4T7Rc9Sw&flowName=GlifWebSignIn&flowEntry=ServiceLogin line 1331 > injectedScript line 2 > eval, line 1: unreachable code after return statement
JavaScript warning: https://accounts.google.com/v3/signin/identifier?dsh=S-1204580319%3A1773811076495750&ifkv=ASfE1-ozGOx9CbpMG-h9tqi_rbwns8eFRAmV0KJRmK_1u4ZbjfU-ipdHHho17q3K_PELhz4T7Rc9Sw&flowName=GlifWebSignIn&flowEntry=ServiceLogin line 1331 > injectedScript line 2 > eval line 7634 > eval, line 1: unreachable code after return statement
JavaScript warning: https://accounts.google.com/v3/signin/identifier?dsh=S-1204580319%3A1773811076495750&ifkv=ASfE1-ozGOx9CbpMG-h9tqi_rbwns8eFRAmV0KJRmK_1u4ZbjfU-ipdHHho17q3K_PELhz4T7Rc9Sw&flowName=GlifWebSignIn&flowEntry=ServiceLogin line 1331 > injectedScript line 2 > eval, line 7634: unreachable code after return statement
JavaScript warning: https://accounts.google.com/v3/signin/identifier?dsh=S-1204580319%3A1773811076495750&ifkv=ASfE1-ozGOx9CbpMG-h9tqi_rbwns8eFRAmV0KJRmK_1u4ZbjfU-ipdHHho17q3K_PELhz4T7Rc9Sw&flowName=GlifWebSignIn&flowEntry=ServiceLogin line 1331 > injectedScript line 2 > eval line 7634 > eval line 1 > eval, line 1: unreachable code after return statement
JavaScript warning: https://accounts.google.com/v3/signin/identifier?dsh=S-1204580319%3A1773811076495750&ifkv=ASfE1-ozGOx9CbpMG-h9tqi_rbwns8eFRAmV0KJRmK_1u4ZbjfU-ipdHHho17q3K_PELhz4T7Rc9Sw&flowName=GlifWebSignIn&flowEntry=ServiceLogin line 1331 > injectedScript line 2 > eval line 7634 > eval line 1 > eval, line 1: unreachable code after return statement
JavaScript warning: https://accounts.google.com/v3/signin/identifier?dsh=S-1204580319%3A1773811076495750&ifkv=ASfE1-ozGOx9CbpMG-h9tqi_rbwns8eFRAmV0KJRmK_1u4ZbjfU-ipdHHho17q3K_PELhz4T7Rc9Sw&flowName=GlifWebSignIn&flowEntry=ServiceLogin line 1331 > injectedScript line 2 > eval line 7634 > eval line 1 > eval, line 1: unreachable code after return statement
JavaScript warning: https://accounts.google.com/v3/signin/identifier?dsh=S-1204580319%3A1773811076495750&ifkv=ASfE1-ozGOx9CbpMG-h9tqi_rbwns8eFRAmV0KJRmK_1u4ZbjfU-ipdHHho17q3K_PELhz4T7Rc9Sw&flowName=GlifWebSignIn&flowEntry=ServiceLogin line 1331 > injectedScript line 2 > eval line 7634 > eval line 1 > eval line 1 > eval, line 1: unreachable code after return statement
JavaScript warning: https://accounts.google.com/v3/signin/identifier?dsh=S-1204580319%3A1773811076495750&ifkv=ASfE1-ozGOx9CbpMG-h9tqi_rbwns8eFRAmV0KJRmK_1u4ZbjfU-ipdHHho17q3K_PELhz4T7Rc9Sw&flowName=GlifWebSignIn&flowEntry=ServiceLogin line 1331 > injectedScript line 2 > eval line 7634 > eval line 1 > eval line 1 > eval, line 1: unreachable code after return statement
JavaScript warning: https://accounts.google.com/v3/signin/identifier?dsh=S-1204580319%3A1773811076495750&ifkv=ASfE1-ozGOx9CbpMG-h9tqi_rbwns8eFRAmV0KJRmK_1u4ZbjfU-ipdHHho17q3K_PELhz4T7Rc9Sw&flowName=GlifWebSignIn&flowEntry=ServiceLogin line 1331 > injectedScript line 2 > eval line 7634 > eval line 1 > eval line 1 > eval, line 1: unreachable code after return statement
1773811093720	Marionette	INFO	Stopped listening on port 49480

###!!! [Child][RunMessage] Error: Channel closing: too late to send/recv, messages will be lost


###!!! [Child][MessageChannel::SendAndWait] Error: Channel error: cannot send/recv

1773811096154	geckodriver	INFO	Listening on 127.0.0.1:49641
1773811099225	mozrunner::runner	INFO	Running command: "C:\\Users\\chipc\\Desktop\\techlaai_automation\\gmail_automation\\FirefoxPortable\\firefox.exe" "--marionette" "-profile" "C:\\Users\\chipc\\Desktop\\techlaai_automation\\gmail_automation\\firefox_profiles\\nguyentrungda615" "--no-sandbox" "--start-maximized" "--disable-dev-shm-usage" "--disable-blink-features=AutomationControlled" "--disable-web-security" "--ignore-certificate-errors" "--disable-notifications" "--disable-infobars" "--disable-extensions" "--remote-debugging-port" "49642" "-no-remote"
Can't find symbol 'eglSwapBuffersWithDamageEXT'.
1773811100697	Marionette	INFO	Listening on port 49651
1773811100785	Marionette	WARN	TLS certificate errors will be ignored for this session
JavaScript warning: https://accounts.google.com/v3/signin/identifier?continue=https%3A%2F%2Faccounts.google.com%2F&dsh=S1812718359%3A1773811100564086&followup=https%3A%2F%2Faccounts.google.com%2F&ifkv=ASfE1-rgjHni1CDQewEsxLDUwKtIXVBJw_HEB-PprEaU0SPwEV056G1UqwzFX7LFb2vyYEmwzmuYHQ&passive=1209600&flowName=GlifWebSignIn&flowEntry=ServiceLogin line 1331 > injectedScript, line 2002: unreachable code after return statement
JavaScript warning: https://accounts.google.com/v3/signin/identifier?continue=https%3A%2F%2Faccounts.google.com%2F&dsh=S1812718359%3A1773811100564086&followup=https%3A%2F%2Faccounts.google.com%2F&ifkv=ASfE1-rgjHni1CDQewEsxLDUwKtIXVBJw_HEB-PprEaU0SPwEV056G1UqwzFX7LFb2vyYEmwzmuYHQ&passive=1209600&flowName=GlifWebSignIn&flowEntry=ServiceLogin line 1331 > injectedScript, line 2002: unreachable code after return statement
JavaScript warning: https://accounts.google.com/v3/signin/identifier?continue=https%3A%2F%2Faccounts.google.com%2F&dsh=S1812718359%3A1773811100564086&followup=https%3A%2F%2Faccounts.google.com%2F&ifkv=ASfE1-rgjHni1CDQewEsxLDUwKtIXVBJw_HEB-PprEaU0SPwEV056G1UqwzFX7LFb2vyYEmwzmuYHQ&passive=1209600&flowName=GlifWebSignIn&flowEntry=ServiceLogin line 1331 > injectedScript, line 2002: unreachable code after return statement
JavaScript warning: https://accounts.google.com/v3/signin/identifier?continue=https%3A%2F%2Faccounts.google.com%2F&dsh=S1812718359%3A1773811100564086&followup=https%3A%2F%2Faccounts.google.com%2F&ifkv=ASfE1-rgjHni1CDQewEsxLDUwKtIXVBJw_HEB-PprEaU0SPwEV056G1UqwzFX7LFb2vyYEmwzmuYHQ&passive=1209600&flowName=GlifWebSignIn&flowEntry=ServiceLogin line 1331 > injectedScript, line 2002: unreachable code after return statement
JavaScript warning: https://accounts.google.com/v3/signin/identifier?continue=https%3A%2F%2Faccounts.google.com%2F&dsh=S1812718359%3A1773811100564086&followup=https%3A%2F%2Faccounts.google.com%2F&ifkv=ASfE1-rgjHni1CDQewEsxLDUwKtIXVBJw_HEB-PprEaU0SPwEV056G1UqwzFX7LFb2vyYEmwzmuYHQ&passive=1209600&flowName=GlifWebSignIn&flowEntry=ServiceLogin line 1331 > injectedScript, line 2002: unreachable code after return statement
JavaScript warning: https://accounts.google.com/v3/signin/identifier?continue=https%3A%2F%2Faccounts.google.com%2F&dsh=S1812718359%3A1773811100564086&followup=https%3A%2F%2Faccounts.google.com%2F&ifkv=ASfE1-rgjHni1CDQewEsxLDUwKtIXVBJw_HEB-PprEaU0SPwEV056G1UqwzFX7LFb2vyYEmwzmuYHQ&passive=1209600&flowName=GlifWebSignIn&flowEntry=ServiceLogin line 1331 > injectedScript, line 2002: unreachable code after return statement
JavaScript warning: https://accounts.google.com/v3/signin/identifier?continue=https%3A%2F%2Faccounts.google.com%2F&dsh=S1812718359%3A1773811100564086&followup=https%3A%2F%2Faccounts.google.com%2F&ifkv=ASfE1-rgjHni1CDQewEsxLDUwKtIXVBJw_HEB-PprEaU0SPwEV056G1UqwzFX7LFb2vyYEmwzmuYHQ&passive=1209600&flowName=GlifWebSignIn&flowEntry=ServiceLogin line 1331 > injectedScript line 2 > eval, line 2002: unreachable code after return statement
JavaScript warning: https://accounts.google.com/v3/signin/identifier?continue=https%3A%2F%2Faccounts.google.com%2F&dsh=S1812718359%3A1773811100564086&followup=https%3A%2F%2Faccounts.google.com%2F&ifkv=ASfE1-rgjHni1CDQewEsxLDUwKtIXVBJw_HEB-PprEaU0SPwEV056G1UqwzFX7LFb2vyYEmwzmuYHQ&passive=1209600&flowName=GlifWebSignIn&flowEntry=ServiceLogin line 1331 > injectedScript line 2 > eval, line 2002: unreachable code after return statement
JavaScript warning: https://accounts.google.com/v3/signin/identifier?continue=https%3A%2F%2Faccounts.google.com%2F&dsh=S1812718359%3A1773811100564086&followup=https%3A%2F%2Faccounts.google.com%2F&ifkv=ASfE1-rgjHni1CDQewEsxLDUwKtIXVBJw_HEB-PprEaU0SPwEV056G1UqwzFX7LFb2vyYEmwzmuYHQ&passive=1209600&flowName=GlifWebSignIn&flowEntry=ServiceLogin line 1331 > injectedScript line 2 > eval, line 2002: unreachable code after return statement
JavaScript warning: https://accounts.google.com/v3/signin/identifier?continue=https%3A%2F%2Faccounts.google.com%2F&dsh=S1812718359%3A1773811100564086&followup=https%3A%2F%2Faccounts.google.com%2F&ifkv=ASfE1-rgjHni1CDQewEsxLDUwKtIXVBJw_HEB-PprEaU0SPwEV056G1UqwzFX7LFb2vyYEmwzmuYHQ&passive=1209600&flowName=GlifWebSignIn&flowEntry=ServiceLogin line 1331 > injectedScript line 2 > eval, line 2002: unreachable code after return statement
JavaScript warning: https://accounts.google.com/v3/signin/identifier?continue=https%3A%2F%2Faccounts.google.com%2F&dsh=S1812718359%3A1773811100564086&followup=https%3A%2F%2Faccounts.google.com%2F&ifkv=ASfE1-rgjHni1CDQewEsxLDUwKtIXVBJw_HEB-PprEaU0SPwEV056G1UqwzFX7LFb2vyYEmwzmuYHQ&passive=1209600&flowName=GlifWebSignIn&flowEntry=ServiceLogin line 1331 > injectedScript line 2 > eval, line 1: unreachable code after return statement
JavaScript warning: https://accounts.google.com/v3/signin/identifier?continue=https%3A%2F%2Faccounts.google.com%2F&dsh=S1812718359%3A1773811100564086&followup=https%3A%2F%2Faccounts.google.com%2F&ifkv=ASfE1-rgjHni1CDQewEsxLDUwKtIXVBJw_HEB-PprEaU0SPwEV056G1UqwzFX7LFb2vyYEmwzmuYHQ&passive=1209600&flowName=GlifWebSignIn&flowEntry=ServiceLogin line 1331 > injectedScript line 2 > eval line 2002 > eval, line 1: unreachable code after return statement
JavaScript warning: https://accounts.google.com/v3/signin/identifier?continue=https%3A%2F%2Faccounts.google.com%2F&dsh=S1812718359%3A1773811100564086&followup=https%3A%2F%2Faccounts.google.com%2F&ifkv=ASfE1-rgjHni1CDQewEsxLDUwKtIXVBJw_HEB-PprEaU0SPwEV056G1UqwzFX7LFb2vyYEmwzmuYHQ&passive=1209600&flowName=GlifWebSignIn&flowEntry=ServiceLogin line 1331 > injectedScript line 2 > eval, line 1: unreachable code after return statement
JavaScript warning: https://accounts.google.com/v3/signin/identifier?continue=https%3A%2F%2Faccounts.google.com%2F&dsh=S1812718359%3A1773811100564086&followup=https%3A%2F%2Faccounts.google.com%2F&ifkv=ASfE1-rgjHni1CDQewEsxLDUwKtIXVBJw_HEB-PprEaU0SPwEV056G1UqwzFX7LFb2vyYEmwzmuYHQ&passive=1209600&flowName=GlifWebSignIn&flowEntry=ServiceLogin line 1331 > injectedScript line 2 > eval line 2002 > eval, line 1: unreachable code after return statement
JavaScript warning: https://accounts.google.com/v3/signin/identifier?continue=https%3A%2F%2Faccounts.google.com%2F&dsh=S1812718359%3A1773811100564086&followup=https%3A%2F%2Faccounts.google.com%2F&ifkv=ASfE1-rgjHni1CDQewEsxLDUwKtIXVBJw_HEB-PprEaU0SPwEV056G1UqwzFX7LFb2vyYEmwzmuYHQ&passive=1209600&flowName=GlifWebSignIn&flowEntry=ServiceLogin line 1331 > injectedScript line 2 > eval, line 2002: unreachable code after return statement
JavaScript warning: https://accounts.google.com/v3/signin/identifier?continue=https%3A%2F%2Faccounts.google.com%2F&dsh=S1812718359%3A1773811100564086&followup=https%3A%2F%2Faccounts.google.com%2F&ifkv=ASfE1-rgjHni1CDQewEsxLDUwKtIXVBJw_HEB-PprEaU0SPwEV056G1UqwzFX7LFb2vyYEmwzmuYHQ&passive=1209600&flowName=GlifWebSignIn&flowEntry=ServiceLogin line 1331 > injectedScript line 2 > eval line 2002 > eval line 1 > eval, line 1: unreachable code after return statement
JavaScript warning: https://accounts.google.com/v3/signin/identifier?continue=https%3A%2F%2Faccounts.google.com%2F&dsh=S1812718359%3A1773811100564086&followup=https%3A%2F%2Faccounts.google.com%2F&ifkv=ASfE1-rgjHni1CDQewEsxLDUwKtIXVBJw_HEB-PprEaU0SPwEV056G1UqwzFX7LFb2vyYEmwzmuYHQ&passive=1209600&flowName=GlifWebSignIn&flowEntry=ServiceLogin line 1331 > injectedScript line 2 > eval line 2002 > eval line 1 > eval, line 1: unreachable code after return statement
JavaScript warning: https://accounts.google.com/v3/signin/identifier?continue=https%3A%2F%2Faccounts.google.com%2F&dsh=S1812718359%3A1773811100564086&followup=https%3A%2F%2Faccounts.google.com%2F&ifkv=ASfE1-rgjHni1CDQewEsxLDUwKtIXVBJw_HEB-PprEaU0SPwEV056G1UqwzFX7LFb2vyYEmwzmuYHQ&passive=1209600&flowName=GlifWebSignIn&flowEntry=ServiceLogin line 1331 > injectedScript line 2 > eval line 2002 > eval line 1 > eval, line 1: unreachable code after return statement
JavaScript warning: https://accounts.google.com/v3/signin/identifier?continue=https%3A%2F%2Faccounts.google.com%2F&dsh=S1812718359%3A1773811100564086&followup=https%3A%2F%2Faccounts.google.com%2F&ifkv=ASfE1-rgjHni1CDQewEsxLDUwKtIXVBJw_HEB-PprEaU0SPwEV056G1UqwzFX7LFb2vyYEmwzmuYHQ&passive=1209600&flowName=GlifWebSignIn&flowEntry=ServiceLogin line 1331 > injectedScript line 2 > eval line 2002 > eval line 1 > eval line 1 > eval, line 1: unreachable code after return statement
JavaScript warning: https://accounts.google.com/v3/signin/identifier?continue=https%3A%2F%2Faccounts.google.com%2F&dsh=S1812718359%3A1773811100564086&followup=https%3A%2F%2Faccounts.google.com%2F&ifkv=ASfE1-rgjHni1CDQewEsxLDUwKtIXVBJw_HEB-PprEaU0SPwEV056G1UqwzFX7LFb2vyYEmwzmuYHQ&passive=1209600&flowName=GlifWebSignIn&flowEntry=ServiceLogin line 1331 > injectedScript line 2 > eval line 2002 > eval line 1 > eval line 1 > eval, line 1: unreachable code after return statement
JavaScript warning: https://accounts.google.com/v3/signin/identifier?continue=https%3A%2F%2Faccounts.google.com%2F&dsh=S1812718359%3A1773811100564086&followup=https%3A%2F%2Faccounts.google.com%2F&ifkv=ASfE1-rgjHni1CDQewEsxLDUwKtIXVBJw_HEB-PprEaU0SPwEV056G1UqwzFX7LFb2vyYEmwzmuYHQ&passive=1209600&flowName=GlifWebSignIn&flowEntry=ServiceLogin line 1331 > injectedScript line 2 > eval line 2002 > eval line 1 > eval line 1 > eval, line 1: unreachable code after return statement
JavaScript warning: https://accounts.google.com/v3/signin/identifier?continue=https%3A%2F%2Faccounts.google.com%2F&dsh=S1812718359%3A1773811100564086&followup=https%3A%2F%2Faccounts.google.com%2F&ifkv=ASfE1-rgjHni1CDQewEsxLDUwKtIXVBJw_HEB-PprEaU0SPwEV056G1UqwzFX7LFb2vyYEmwzmuYHQ&passive=1209600&flowName=GlifWebSignIn&flowEntry=ServiceLogin line 1331 > injectedScript, line 6617: unreachable code after return statement
JavaScript warning: https://accounts.google.com/v3/signin/identifier?continue=https%3A%2F%2Faccounts.google.com%2F&dsh=S1812718359%3A1773811100564086&followup=https%3A%2F%2Faccounts.google.com%2F&ifkv=ASfE1-rgjHni1CDQewEsxLDUwKtIXVBJw_HEB-PprEaU0SPwEV056G1UqwzFX7LFb2vyYEmwzmuYHQ&passive=1209600&flowName=GlifWebSignIn&flowEntry=ServiceLogin line 1331 > injectedScript, line 6617: unreachable code after return statement
JavaScript warning: https://accounts.google.com/v3/signin/identifier?continue=https%3A%2F%2Faccounts.google.com%2F&dsh=S1812718359%3A1773811100564086&followup=https%3A%2F%2Faccounts.google.com%2F&ifkv=ASfE1-rgjHni1CDQewEsxLDUwKtIXVBJw_HEB-PprEaU0SPwEV056G1UqwzFX7LFb2vyYEmwzmuYHQ&passive=1209600&flowName=GlifWebSignIn&flowEntry=ServiceLogin line 1331 > injectedScript, line 6617: unreachable code after return statement
JavaScript warning: https://accounts.google.com/v3/signin/identifier?continue=https%3A%2F%2Faccounts.google.com%2F&dsh=S1812718359%3A1773811100564086&followup=https%3A%2F%2Faccounts.google.com%2F&ifkv=ASfE1-rgjHni1CDQewEsxLDUwKtIXVBJw_HEB-PprEaU0SPwEV056G1UqwzFX7LFb2vyYEmwzmuYHQ&passive=1209600&flowName=GlifWebSignIn&flowEntry=ServiceLogin line 1331 > injectedScript, line 6617: unreachable code after return statement
JavaScript warning: https://accounts.google.com/v3/signin/identifier?continue=https%3A%2F%2Faccounts.google.com%2F&dsh=S1812718359%3A1773811100564086&followup=https%3A%2F%2Faccounts.google.com%2F&ifkv=ASfE1-rgjHni1CDQewEsxLDUwKtIXVBJw_HEB-PprEaU0SPwEV056G1UqwzFX7LFb2vyYEmwzmuYHQ&passive=1209600&flowName=GlifWebSignIn&flowEntry=ServiceLogin line 1331 > injectedScript, line 6617: unreachable code after return statement
JavaScript warning: https://accounts.google.com/v3/signin/identifier?continue=https%3A%2F%2Faccounts.google.com%2F&dsh=S1812718359%3A1773811100564086&followup=https%3A%2F%2Faccounts.google.com%2F&ifkv=ASfE1-rgjHni1CDQewEsxLDUwKtIXVBJw_HEB-PprEaU0SPwEV056G1UqwzFX7LFb2vyYEmwzmuYHQ&passive=1209600&flowName=GlifWebSignIn&flowEntry=ServiceLogin line 1331 > injectedScript, line 6617: unreachable code after return statement
JavaScript warning: https://accounts.google.com/v3/signin/identifier?continue=https%3A%2F%2Faccounts.google.com%2F&dsh=S1812718359%3A1773811100564086&followup=https%3A%2F%2Faccounts.google.com%2F&ifkv=ASfE1-rgjHni1CDQewEsxLDUwKtIXVBJw_HEB-PprEaU0SPwEV056G1UqwzFX7LFb2vyYEmwzmuYHQ&passive=1209600&flowName=GlifWebSignIn&flowEntry=ServiceLogin line 1331 > injectedScript line 2 > eval, line 6617: unreachable code after return statement
JavaScript warning: https://accounts.google.com/v3/signin/identifier?continue=https%3A%2F%2Faccounts.google.com%2F&dsh=S1812718359%3A1773811100564086&followup=https%3A%2F%2Faccounts.google.com%2F&ifkv=ASfE1-rgjHni1CDQewEsxLDUwKtIXVBJw_HEB-PprEaU0SPwEV056G1UqwzFX7LFb2vyYEmwzmuYHQ&passive=1209600&flowName=GlifWebSignIn&flowEntry=ServiceLogin line 1331 > injectedScript line 2 > eval, line 6617: unreachable code after return statement
JavaScript warning: https://accounts.google.com/v3/signin/identifier?continue=https%3A%2F%2Faccounts.google.com%2F&dsh=S1812718359%3A1773811100564086&followup=https%3A%2F%2Faccounts.google.com%2F&ifkv=ASfE1-rgjHni1CDQewEsxLDUwKtIXVBJw_HEB-PprEaU0SPwEV056G1UqwzFX7LFb2vyYEmwzmuYHQ&passive=1209600&flowName=GlifWebSignIn&flowEntry=ServiceLogin line 1331 > injectedScript line 2 > eval, line 6617: unreachable code after return statement
JavaScript warning: https://accounts.google.com/v3/signin/identifier?continue=https%3A%2F%2Faccounts.google.com%2F&dsh=S1812718359%3A1773811100564086&followup=https%3A%2F%2Faccounts.google.com%2F&ifkv=ASfE1-rgjHni1CDQewEsxLDUwKtIXVBJw_HEB-PprEaU0SPwEV056G1UqwzFX7LFb2vyYEmwzmuYHQ&passive=1209600&flowName=GlifWebSignIn&flowEntry=ServiceLogin line 1331 > injectedScript line 2 > eval, line 6617: unreachable code after return statement
JavaScript warning: https://accounts.google.com/v3/signin/identifier?continue=https%3A%2F%2Faccounts.google.com%2F&dsh=S1812718359%3A1773811100564086&followup=https%3A%2F%2Faccounts.google.com%2F&ifkv=ASfE1-rgjHni1CDQewEsxLDUwKtIXVBJw_HEB-PprEaU0SPwEV056G1UqwzFX7LFb2vyYEmwzmuYHQ&passive=1209600&flowName=GlifWebSignIn&flowEntry=ServiceLogin line 1331 > injectedScript line 2 > eval, line 1: unreachable code after return statement
JavaScript warning: https://accounts.google.com/v3/signin/identifier?continue=https%3A%2F%2Faccounts.google.com%2F&dsh=S1812718359%3A1773811100564086&followup=https%3A%2F%2Faccounts.google.com%2F&ifkv=ASfE1-rgjHni1CDQewEsxLDUwKtIXVBJw_HEB-PprEaU0SPwEV056G1UqwzFX7LFb2vyYEmwzmuYHQ&passive=1209600&flowName=GlifWebSignIn&flowEntry=ServiceLogin line 1331 > injectedScript line 2 > eval line 6617 > eval, line 1: unreachable code after return statement
JavaScript warning: https://accounts.google.com/v3/signin/identifier?continue=https%3A%2F%2Faccounts.google.com%2F&dsh=S1812718359%3A1773811100564086&followup=https%3A%2F%2Faccounts.google.com%2F&ifkv=ASfE1-rgjHni1CDQewEsxLDUwKtIXVBJw_HEB-PprEaU0SPwEV056G1UqwzFX7LFb2vyYEmwzmuYHQ&passive=1209600&flowName=GlifWebSignIn&flowEntry=ServiceLogin line 1331 > injectedScript line 2 > eval, line 1: unreachable code after return statement
JavaScript warning: https://accounts.google.com/v3/signin/identifier?continue=https%3A%2F%2Faccounts.google.com%2F&dsh=S1812718359%3A1773811100564086&followup=https%3A%2F%2Faccounts.google.com%2F&ifkv=ASfE1-rgjHni1CDQewEsxLDUwKtIXVBJw_HEB-PprEaU0SPwEV056G1UqwzFX7LFb2vyYEmwzmuYHQ&passive=1209600&flowName=GlifWebSignIn&flowEntry=ServiceLogin line 1331 > injectedScript line 2 > eval line 6617 > eval, line 1: unreachable code after return statement
JavaScript warning: https://accounts.google.com/v3/signin/identifier?continue=https%3A%2F%2Faccounts.google.com%2F&dsh=S1812718359%3A1773811100564086&followup=https%3A%2F%2Faccounts.google.com%2F&ifkv=ASfE1-rgjHni1CDQewEsxLDUwKtIXVBJw_HEB-PprEaU0SPwEV056G1UqwzFX7LFb2vyYEmwzmuYHQ&passive=1209600&flowName=GlifWebSignIn&flowEntry=ServiceLogin line 1331 > injectedScript line 2 > eval, line 6617: unreachable code after return statement
JavaScript warning: https://accounts.google.com/v3/signin/identifier?continue=https%3A%2F%2Faccounts.google.com%2F&dsh=S1812718359%3A1773811100564086&followup=https%3A%2F%2Faccounts.google.com%2F&ifkv=ASfE1-rgjHni1CDQewEsxLDUwKtIXVBJw_HEB-PprEaU0SPwEV056G1UqwzFX7LFb2vyYEmwzmuYHQ&passive=1209600&flowName=GlifWebSignIn&flowEntry=ServiceLogin line 1331 > injectedScript line 2 > eval line 6617 > eval line 1 > eval, line 1: unreachable code after return statement
JavaScript warning: https://accounts.google.com/v3/signin/identifier?continue=https%3A%2F%2Faccounts.google.com%2F&dsh=S1812718359%3A1773811100564086&followup=https%3A%2F%2Faccounts.google.com%2F&ifkv=ASfE1-rgjHni1CDQewEsxLDUwKtIXVBJw_HEB-PprEaU0SPwEV056G1UqwzFX7LFb2vyYEmwzmuYHQ&passive=1209600&flowName=GlifWebSignIn&flowEntry=ServiceLogin line 1331 > injectedScript line 2 > eval line 6617 > eval line 1 > eval, line 1: unreachable code after return statement
JavaScript warning: https://accounts.google.com/v3/signin/identifier?continue=https%3A%2F%2Faccounts.google.com%2F&dsh=S1812718359%3A1773811100564086&followup=https%3A%2F%2Faccounts.google.com%2F&ifkv=ASfE1-rgjHni1CDQewEsxLDUwKtIXVBJw_HEB-PprEaU0SPwEV056G1UqwzFX7LFb2vyYEmwzmuYHQ&passive=1209600&flowName=GlifWebSignIn&flowEntry=ServiceLogin line 1331 > injectedScript line 2 > eval line 6617 > eval line 1 > eval, line 1: unreachable code after return statement
JavaScript warning: https://accounts.google.com/v3/signin/identifier?continue=https%3A%2F%2Faccounts.google.com%2F&dsh=S1812718359%3A1773811100564086&followup=https%3A%2F%2Faccounts.google.com%2F&ifkv=ASfE1-rgjHni1CDQewEsxLDUwKtIXVBJw_HEB-PprEaU0SPwEV056G1UqwzFX7LFb2vyYEmwzmuYHQ&passive=1209600&flowName=GlifWebSignIn&flowEntry=ServiceLogin line 1331 > injectedScript line 2 > eval line 6617 > eval line 1 > eval line 1 > eval, line 1: unreachable code after return statement
JavaScript warning: https://accounts.google.com/v3/signin/identifier?continue=https%3A%2F%2Faccounts.google.com%2F&dsh=S1812718359%3A1773811100564086&followup=https%3A%2F%2Faccounts.google.com%2F&ifkv=ASfE1-rgjHni1CDQewEsxLDUwKtIXVBJw_HEB-PprEaU0SPwEV056G1UqwzFX7LFb2vyYEmwzmuYHQ&passive=1209600&flowName=GlifWebSignIn&flowEntry=ServiceLogin line 1331 > injectedScript line 2 > eval line 6617 > eval line 1 > eval line 1 > eval, line 1: unreachable code after return statement
JavaScript warning: https://accounts.google.com/v3/signin/identifier?continue=https%3A%2F%2Faccounts.google.com%2F&dsh=S1812718359%3A1773811100564086&followup=https%3A%2F%2Faccounts.google.com%2F&ifkv=ASfE1-rgjHni1CDQewEsxLDUwKtIXVBJw_HEB-PprEaU0SPwEV056G1UqwzFX7LFb2vyYEmwzmuYHQ&passive=1209600&flowName=GlifWebSignIn&flowEntry=ServiceLogin line 1331 > injectedScript line 2 > eval line 6617 > eval line 1 > eval line 1 > eval, line 1: unreachable code after return statement
JavaScript warning: https://accounts.google.com/v3/signin/identifier?dsh=S1846660480%3A1773811102878628&ifkv=ASfE1-pZvi4vYZodB70awPxtAywOKPsp3ZTEkXK2AO9ycDM8LcHU5gs0LLLM51Kx5QEA52fGGd8YdQ&flowName=GlifWebSignIn&flowEntry=ServiceLogin line 1331 > injectedScript, line 1498: unreachable code after return statement
JavaScript warning: https://accounts.google.com/v3/signin/identifier?dsh=S1846660480%3A1773811102878628&ifkv=ASfE1-pZvi4vYZodB70awPxtAywOKPsp3ZTEkXK2AO9ycDM8LcHU5gs0LLLM51Kx5QEA52fGGd8YdQ&flowName=GlifWebSignIn&flowEntry=ServiceLogin line 1331 > injectedScript, line 1498: unreachable code after return statement
JavaScript warning: https://accounts.google.com/v3/signin/identifier?dsh=S1846660480%3A1773811102878628&ifkv=ASfE1-pZvi4vYZodB70awPxtAywOKPsp3ZTEkXK2AO9ycDM8LcHU5gs0LLLM51Kx5QEA52fGGd8YdQ&flowName=GlifWebSignIn&flowEntry=ServiceLogin line 1331 > injectedScript, line 1498: unreachable code after return statement
JavaScript warning: https://accounts.google.com/v3/signin/identifier?dsh=S1846660480%3A1773811102878628&ifkv=ASfE1-pZvi4vYZodB70awPxtAywOKPsp3ZTEkXK2AO9ycDM8LcHU5gs0LLLM51Kx5QEA52fGGd8YdQ&flowName=GlifWebSignIn&flowEntry=ServiceLogin line 1331 > injectedScript, line 1498: unreachable code after return statement
JavaScript warning: https://accounts.google.com/v3/signin/identifier?dsh=S1846660480%3A1773811102878628&ifkv=ASfE1-pZvi4vYZodB70awPxtAywOKPsp3ZTEkXK2AO9ycDM8LcHU5gs0LLLM51Kx5QEA52fGGd8YdQ&flowName=GlifWebSignIn&flowEntry=ServiceLogin line 1331 > injectedScript, line 1498: unreachable code after return statement
JavaScript warning: https://accounts.google.com/v3/signin/identifier?dsh=S1846660480%3A1773811102878628&ifkv=ASfE1-pZvi4vYZodB70awPxtAywOKPsp3ZTEkXK2AO9ycDM8LcHU5gs0LLLM51Kx5QEA52fGGd8YdQ&flowName=GlifWebSignIn&flowEntry=ServiceLogin line 1331 > injectedScript, line 1498: unreachable code after return statement
JavaScript warning: https://accounts.google.com/v3/signin/identifier?dsh=S1846660480%3A1773811102878628&ifkv=ASfE1-pZvi4vYZodB70awPxtAywOKPsp3ZTEkXK2AO9ycDM8LcHU5gs0LLLM51Kx5QEA52fGGd8YdQ&flowName=GlifWebSignIn&flowEntry=ServiceLogin line 1331 > injectedScript line 2 > eval, line 1498: unreachable code after return statement
JavaScript warning: https://accounts.google.com/v3/signin/identifier?dsh=S1846660480%3A1773811102878628&ifkv=ASfE1-pZvi4vYZodB70awPxtAywOKPsp3ZTEkXK2AO9ycDM8LcHU5gs0LLLM51Kx5QEA52fGGd8YdQ&flowName=GlifWebSignIn&flowEntry=ServiceLogin line 1331 > injectedScript line 2 > eval, line 1498: unreachable code after return statement
JavaScript warning: https://accounts.google.com/v3/signin/identifier?dsh=S1846660480%3A1773811102878628&ifkv=ASfE1-pZvi4vYZodB70awPxtAywOKPsp3ZTEkXK2AO9ycDM8LcHU5gs0LLLM51Kx5QEA52fGGd8YdQ&flowName=GlifWebSignIn&flowEntry=ServiceLogin line 1331 > injectedScript line 2 > eval, line 1498: unreachable code after return statement
JavaScript warning: https://accounts.google.com/v3/signin/identifier?dsh=S1846660480%3A1773811102878628&ifkv=ASfE1-pZvi4vYZodB70awPxtAywOKPsp3ZTEkXK2AO9ycDM8LcHU5gs0LLLM51Kx5QEA52fGGd8YdQ&flowName=GlifWebSignIn&flowEntry=ServiceLogin line 1331 > injectedScript line 2 > eval, line 1498: unreachable code after return statement
JavaScript warning: https://accounts.google.com/v3/signin/identifier?dsh=S1846660480%3A1773811102878628&ifkv=ASfE1-pZvi4vYZodB70awPxtAywOKPsp3ZTEkXK2AO9ycDM8LcHU5gs0LLLM51Kx5QEA52fGGd8YdQ&flowName=GlifWebSignIn&flowEntry=ServiceLogin line 1331 > injectedScript line 2 > eval line 1498 > eval, line 1: unreachable code after return statement
JavaScript warning: https://accounts.google.com/v3/signin/identifier?dsh=S1846660480%3A1773811102878628&ifkv=ASfE1-pZvi4vYZodB70awPxtAywOKPsp3ZTEkXK2AO9ycDM8LcHU5gs0LLLM51Kx5QEA52fGGd8YdQ&flowName=GlifWebSignIn&flowEntry=ServiceLogin line 1331 > injectedScript line 2 > eval line 1498 > eval line 1 > eval, line 1: unreachable code after return statement
JavaScript warning: https://accounts.google.com/v3/signin/identifier?dsh=S1846660480%3A1773811102878628&ifkv=ASfE1-pZvi4vYZodB70awPxtAywOKPsp3ZTEkXK2AO9ycDM8LcHU5gs0LLLM51Kx5QEA52fGGd8YdQ&flowName=GlifWebSignIn&flowEntry=ServiceLogin line 1331 > injectedScript line 2 > eval line 1498 > eval, line 1: unreachable code after return statement
JavaScript warning: https://accounts.google.com/v3/signin/identifier?dsh=S1846660480%3A1773811102878628&ifkv=ASfE1-pZvi4vYZodB70awPxtAywOKPsp3ZTEkXK2AO9ycDM8LcHU5gs0LLLM51Kx5QEA52fGGd8YdQ&flowName=GlifWebSignIn&flowEntry=ServiceLogin line 1331 > injectedScript line 2 > eval line 1498 > eval line 1 > eval, line 1: unreachable code after return statement
JavaScript warning: https://accounts.google.com/v3/signin/identifier?dsh=S1846660480%3A1773811102878628&ifkv=ASfE1-pZvi4vYZodB70awPxtAywOKPsp3ZTEkXK2AO9ycDM8LcHU5gs0LLLM51Kx5QEA52fGGd8YdQ&flowName=GlifWebSignIn&flowEntry=ServiceLogin line 1331 > injectedScript line 2 > eval, line 1498: unreachable code after return statement
JavaScript warning: https://accounts.google.com/v3/signin/identifier?dsh=S1846660480%3A1773811102878628&ifkv=ASfE1-pZvi4vYZodB70awPxtAywOKPsp3ZTEkXK2AO9ycDM8LcHU5gs0LLLM51Kx5QEA52fGGd8YdQ&flowName=GlifWebSignIn&flowEntry=ServiceLogin line 1331 > injectedScript line 2 > eval line 1498 > eval line 1 > eval, line 1: unreachable code after return statement
JavaScript warning: https://accounts.google.com/v3/signin/identifier?dsh=S1846660480%3A1773811102878628&ifkv=ASfE1-pZvi4vYZodB70awPxtAywOKPsp3ZTEkXK2AO9ycDM8LcHU5gs0LLLM51Kx5QEA52fGGd8YdQ&flowName=GlifWebSignIn&flowEntry=ServiceLogin line 1331 > injectedScript line 2 > eval line 1498 > eval line 1 > eval, line 1: unreachable code after return statement
JavaScript warning: https://accounts.google.com/v3/signin/identifier?dsh=S1846660480%3A1773811102878628&ifkv=ASfE1-pZvi4vYZodB70awPxtAywOKPsp3ZTEkXK2AO9ycDM8LcHU5gs0LLLM51Kx5QEA52fGGd8YdQ&flowName=GlifWebSignIn&flowEntry=ServiceLogin line 1331 > injectedScript line 2 > eval line 1498 > eval line 1 > eval, line 1: unreachable code after return statement
JavaScript warning: https://accounts.google.com/v3/signin/identifier?dsh=S1846660480%3A1773811102878628&ifkv=ASfE1-pZvi4vYZodB70awPxtAywOKPsp3ZTEkXK2AO9ycDM8LcHU5gs0LLLM51Kx5QEA52fGGd8YdQ&flowName=GlifWebSignIn&flowEntry=ServiceLogin line 1331 > injectedScript line 2 > eval line 1498 > eval line 1 > eval line 1 > eval, line 1: unreachable code after return statement
JavaScript warning: https://accounts.google.com/v3/signin/identifier?dsh=S1846660480%3A1773811102878628&ifkv=ASfE1-pZvi4vYZodB70awPxtAywOKPsp3ZTEkXK2AO9ycDM8LcHU5gs0LLLM51Kx5QEA52fGGd8YdQ&flowName=GlifWebSignIn&flowEntry=ServiceLogin line 1331 > injectedScript line 2 > eval line 1498 > eval line 1 > eval line 1 > eval, line 1: unreachable code after return statement
JavaScript warning: https://accounts.google.com/v3/signin/identifier?dsh=S1846660480%3A1773811102878628&ifkv=ASfE1-pZvi4vYZodB70awPxtAywOKPsp3ZTEkXK2AO9ycDM8LcHU5gs0LLLM51Kx5QEA52fGGd8YdQ&flowName=GlifWebSignIn&flowEntry=ServiceLogin line 1331 > injectedScript line 2 > eval line 1498 > eval line 1 > eval line 1 > eval, line 1: unreachable code after return statement
JavaScript warning: https://accounts.google.com/v3/signin/identifier?dsh=S1846660480%3A1773811102878628&ifkv=ASfE1-pZvi4vYZodB70awPxtAywOKPsp3ZTEkXK2AO9ycDM8LcHU5gs0LLLM51Kx5QEA52fGGd8YdQ&flowName=GlifWebSignIn&flowEntry=ServiceLogin line 1331 > injectedScript, line 2603: unreachable code after return statement
JavaScript warning: https://accounts.google.com/v3/signin/identifier?dsh=S1846660480%3A1773811102878628&ifkv=ASfE1-pZvi4vYZodB70awPxtAywOKPsp3ZTEkXK2AO9ycDM8LcHU5gs0LLLM51Kx5QEA52fGGd8YdQ&flowName=GlifWebSignIn&flowEntry=ServiceLogin line 1331 > injectedScript, line 2603: unreachable code after return statement
JavaScript warning: https://accounts.google.com/v3/signin/identifier?dsh=S1846660480%3A1773811102878628&ifkv=ASfE1-pZvi4vYZodB70awPxtAywOKPsp3ZTEkXK2AO9ycDM8LcHU5gs0LLLM51Kx5QEA52fGGd8YdQ&flowName=GlifWebSignIn&flowEntry=ServiceLogin line 1331 > injectedScript, line 2603: unreachable code after return statement
JavaScript warning: https://accounts.google.com/v3/signin/identifier?dsh=S1846660480%3A1773811102878628&ifkv=ASfE1-pZvi4vYZodB70awPxtAywOKPsp3ZTEkXK2AO9ycDM8LcHU5gs0LLLM51Kx5QEA52fGGd8YdQ&flowName=GlifWebSignIn&flowEntry=ServiceLogin line 1331 > injectedScript, line 2603: unreachable code after return statement
JavaScript warning: https://accounts.google.com/v3/signin/identifier?dsh=S1846660480%3A1773811102878628&ifkv=ASfE1-pZvi4vYZodB70awPxtAywOKPsp3ZTEkXK2AO9ycDM8LcHU5gs0LLLM51Kx5QEA52fGGd8YdQ&flowName=GlifWebSignIn&flowEntry=ServiceLogin line 1331 > injectedScript, line 2603: unreachable code after return statement
JavaScript warning: https://accounts.google.com/v3/signin/identifier?dsh=S1846660480%3A1773811102878628&ifkv=ASfE1-pZvi4vYZodB70awPxtAywOKPsp3ZTEkXK2AO9ycDM8LcHU5gs0LLLM51Kx5QEA52fGGd8YdQ&flowName=GlifWebSignIn&flowEntry=ServiceLogin line 1331 > injectedScript, line 2603: unreachable code after return statement
JavaScript warning: https://accounts.google.com/v3/signin/identifier?dsh=S1846660480%3A1773811102878628&ifkv=ASfE1-pZvi4vYZodB70awPxtAywOKPsp3ZTEkXK2AO9ycDM8LcHU5gs0LLLM51Kx5QEA52fGGd8YdQ&flowName=GlifWebSignIn&flowEntry=ServiceLogin line 1331 > injectedScript line 2 > eval, line 2603: unreachable code after return statement
JavaScript warning: https://accounts.google.com/v3/signin/identifier?dsh=S1846660480%3A1773811102878628&ifkv=ASfE1-pZvi4vYZodB70awPxtAywOKPsp3ZTEkXK2AO9ycDM8LcHU5gs0LLLM51Kx5QEA52fGGd8YdQ&flowName=GlifWebSignIn&flowEntry=ServiceLogin line 1331 > injectedScript line 2 > eval, line 2603: unreachable code after return statement
JavaScript warning: https://accounts.google.com/v3/signin/identifier?dsh=S1846660480%3A1773811102878628&ifkv=ASfE1-pZvi4vYZodB70awPxtAywOKPsp3ZTEkXK2AO9ycDM8LcHU5gs0LLLM51Kx5QEA52fGGd8YdQ&flowName=GlifWebSignIn&flowEntry=ServiceLogin line 1331 > injectedScript line 2 > eval, line 2603: unreachable code after return statement
JavaScript warning: https://accounts.google.com/v3/signin/identifier?dsh=S1846660480%3A1773811102878628&ifkv=ASfE1-pZvi4vYZodB70awPxtAywOKPsp3ZTEkXK2AO9ycDM8LcHU5gs0LLLM51Kx5QEA52fGGd8YdQ&flowName=GlifWebSignIn&flowEntry=ServiceLogin line 1331 > injectedScript line 2 > eval, line 2603: unreachable code after return statement
JavaScript warning: https://accounts.google.com/v3/signin/identifier?dsh=S1846660480%3A1773811102878628&ifkv=ASfE1-pZvi4vYZodB70awPxtAywOKPsp3ZTEkXK2AO9ycDM8LcHU5gs0LLLM51Kx5QEA52fGGd8YdQ&flowName=GlifWebSignIn&flowEntry=ServiceLogin line 1331 > injectedScript line 2 > eval line 2603 > eval, line 1: unreachable code after return statement
JavaScript warning: https://accounts.google.com/v3/signin/identifier?dsh=S1846660480%3A1773811102878628&ifkv=ASfE1-pZvi4vYZodB70awPxtAywOKPsp3ZTEkXK2AO9ycDM8LcHU5gs0LLLM51Kx5QEA52fGGd8YdQ&flowName=GlifWebSignIn&flowEntry=ServiceLogin line 1331 > injectedScript line 2 > eval line 2603 > eval line 1 > eval, line 1: unreachable code after return statement
JavaScript warning: https://accounts.google.com/v3/signin/identifier?dsh=S1846660480%3A1773811102878628&ifkv=ASfE1-pZvi4vYZodB70awPxtAywOKPsp3ZTEkXK2AO9ycDM8LcHU5gs0LLLM51Kx5QEA52fGGd8YdQ&flowName=GlifWebSignIn&flowEntry=ServiceLogin line 1331 > injectedScript line 2 > eval line 2603 > eval, line 1: unreachable code after return statement
JavaScript warning: https://accounts.google.com/v3/signin/identifier?dsh=S1846660480%3A1773811102878628&ifkv=ASfE1-pZvi4vYZodB70awPxtAywOKPsp3ZTEkXK2AO9ycDM8LcHU5gs0LLLM51Kx5QEA52fGGd8YdQ&flowName=GlifWebSignIn&flowEntry=ServiceLogin line 1331 > injectedScript line 2 > eval line 2603 > eval line 1 > eval, line 1: unreachable code after return statement
JavaScript warning: https://accounts.google.com/v3/signin/identifier?dsh=S1846660480%3A1773811102878628&ifkv=ASfE1-pZvi4vYZodB70awPxtAywOKPsp3ZTEkXK2AO9ycDM8LcHU5gs0LLLM51Kx5QEA52fGGd8YdQ&flowName=GlifWebSignIn&flowEntry=ServiceLogin line 1331 > injectedScript line 2 > eval, line 2603: unreachable code after return statement
JavaScript warning: https://accounts.google.com/v3/signin/identifier?dsh=S1846660480%3A1773811102878628&ifkv=ASfE1-pZvi4vYZodB70awPxtAywOKPsp3ZTEkXK2AO9ycDM8LcHU5gs0LLLM51Kx5QEA52fGGd8YdQ&flowName=GlifWebSignIn&flowEntry=ServiceLogin line 1331 > injectedScript line 2 > eval line 2603 > eval line 1 > eval, line 1: unreachable code after return statement
JavaScript warning: https://accounts.google.com/v3/signin/identifier?dsh=S1846660480%3A1773811102878628&ifkv=ASfE1-pZvi4vYZodB70awPxtAywOKPsp3ZTEkXK2AO9ycDM8LcHU5gs0LLLM51Kx5QEA52fGGd8YdQ&flowName=GlifWebSignIn&flowEntry=ServiceLogin line 1331 > injectedScript line 2 > eval line 2603 > eval line 1 > eval, line 1: unreachable code after return statement
JavaScript warning: https://accounts.google.com/v3/signin/identifier?dsh=S1846660480%3A1773811102878628&ifkv=ASfE1-pZvi4vYZodB70awPxtAywOKPsp3ZTEkXK2AO9ycDM8LcHU5gs0LLLM51Kx5QEA52fGGd8YdQ&flowName=GlifWebSignIn&flowEntry=ServiceLogin line 1331 > injectedScript line 2 > eval line 2603 > eval line 1 > eval, line 1: unreachable code after return statement
JavaScript warning: https://accounts.google.com/v3/signin/identifier?dsh=S1846660480%3A1773811102878628&ifkv=ASfE1-pZvi4vYZodB70awPxtAywOKPsp3ZTEkXK2AO9ycDM8LcHU5gs0LLLM51Kx5QEA52fGGd8YdQ&flowName=GlifWebSignIn&flowEntry=ServiceLogin line 1331 > injectedScript line 2 > eval line 2603 > eval line 1 > eval line 1 > eval, line 1: unreachable code after return statement
JavaScript warning: https://accounts.google.com/v3/signin/identifier?dsh=S1846660480%3A1773811102878628&ifkv=ASfE1-pZvi4vYZodB70awPxtAywOKPsp3ZTEkXK2AO9ycDM8LcHU5gs0LLLM51Kx5QEA52fGGd8YdQ&flowName=GlifWebSignIn&flowEntry=ServiceLogin line 1331 > injectedScript line 2 > eval line 2603 > eval line 1 > eval line 1 > eval, line 1: unreachable code after return statement
JavaScript warning: https://accounts.google.com/v3/signin/identifier?dsh=S1846660480%3A1773811102878628&ifkv=ASfE1-pZvi4vYZodB70awPxtAywOKPsp3ZTEkXK2AO9ycDM8LcHU5gs0LLLM51Kx5QEA52fGGd8YdQ&flowName=GlifWebSignIn&flowEntry=ServiceLogin line 1331 > injectedScript line 2 > eval line 2603 > eval line 1 > eval line 1 > eval, line 1: unreachable code after return statement
Can't find symbol 'eglSwapBuffersWithDamageEXT'.
JavaScript warning: https://accounts.google.com/v3/signin/identifier?dsh=S1846660480%3A1773811102878628&ifkv=ASfE1-pZvi4vYZodB70awPxtAywOKPsp3ZTEkXK2AO9ycDM8LcHU5gs0LLLM51Kx5QEA52fGGd8YdQ&flowName=GlifWebSignIn&flowEntry=ServiceLogin line 1331 > injectedScript, line 5542: unreachable code after return statement
JavaScript warning: https://accounts.google.com/v3/signin/identifier?dsh=S1846660480%3A1773811102878628&ifkv=ASfE1-pZvi4vYZodB70awPxtAywOKPsp3ZTEkXK2AO9ycDM8LcHU5gs0LLLM51Kx5QEA52fGGd8YdQ&flowName=GlifWebSignIn&flowEntry=ServiceLogin line 1331 > injectedScript, line 5542: unreachable code after return statement
JavaScript warning: https://accounts.google.com/v3/signin/identifier?dsh=S1846660480%3A1773811102878628&ifkv=ASfE1-pZvi4vYZodB70awPxtAywOKPsp3ZTEkXK2AO9ycDM8LcHU5gs0LLLM51Kx5QEA52fGGd8YdQ&flowName=GlifWebSignIn&flowEntry=ServiceLogin line 1331 > injectedScript, line 5542: unreachable code after return statement
JavaScript warning: https://accounts.google.com/v3/signin/identifier?dsh=S1846660480%3A1773811102878628&ifkv=ASfE1-pZvi4vYZodB70awPxtAywOKPsp3ZTEkXK2AO9ycDM8LcHU5gs0LLLM51Kx5QEA52fGGd8YdQ&flowName=GlifWebSignIn&flowEntry=ServiceLogin line 1331 > injectedScript, line 5542: unreachable code after return statement
JavaScript warning: https://accounts.google.com/v3/signin/identifier?dsh=S1846660480%3A1773811102878628&ifkv=ASfE1-pZvi4vYZodB70awPxtAywOKPsp3ZTEkXK2AO9ycDM8LcHU5gs0LLLM51Kx5QEA52fGGd8YdQ&flowName=GlifWebSignIn&flowEntry=ServiceLogin line 1331 > injectedScript, line 5542: unreachable code after return statement
JavaScript warning: https://accounts.google.com/v3/signin/identifier?dsh=S1846660480%3A1773811102878628&ifkv=ASfE1-pZvi4vYZodB70awPxtAywOKPsp3ZTEkXK2AO9ycDM8LcHU5gs0LLLM51Kx5QEA52fGGd8YdQ&flowName=GlifWebSignIn&flowEntry=ServiceLogin line 1331 > injectedScript, line 5542: unreachable code after return statement
JavaScript warning: https://accounts.google.com/v3/signin/identifier?dsh=S1846660480%3A1773811102878628&ifkv=ASfE1-pZvi4vYZodB70awPxtAywOKPsp3ZTEkXK2AO9ycDM8LcHU5gs0LLLM51Kx5QEA52fGGd8YdQ&flowName=GlifWebSignIn&flowEntry=ServiceLogin line 1331 > injectedScript line 2 > eval, line 5542: unreachable code after return statement
JavaScript warning: https://accounts.google.com/v3/signin/identifier?dsh=S1846660480%3A1773811102878628&ifkv=ASfE1-pZvi4vYZodB70awPxtAywOKPsp3ZTEkXK2AO9ycDM8LcHU5gs0LLLM51Kx5QEA52fGGd8YdQ&flowName=GlifWebSignIn&flowEntry=ServiceLogin line 1331 > injectedScript line 2 > eval, line 5542: unreachable code after return statement
JavaScript warning: https://accounts.google.com/v3/signin/identifier?dsh=S1846660480%3A1773811102878628&ifkv=ASfE1-pZvi4vYZodB70awPxtAywOKPsp3ZTEkXK2AO9ycDM8LcHU5gs0LLLM51Kx5QEA52fGGd8YdQ&flowName=GlifWebSignIn&flowEntry=ServiceLogin line 1331 > injectedScript line 2 > eval, line 5542: unreachable code after return statement
JavaScript warning: https://accounts.google.com/v3/signin/identifier?dsh=S1846660480%3A1773811102878628&ifkv=ASfE1-pZvi4vYZodB70awPxtAywOKPsp3ZTEkXK2AO9ycDM8LcHU5gs0LLLM51Kx5QEA52fGGd8YdQ&flowName=GlifWebSignIn&flowEntry=ServiceLogin line 1331 > injectedScript line 2 > eval, line 5542: unreachable code after return statement
JavaScript warning: https://accounts.google.com/v3/signin/identifier?dsh=S1846660480%3A1773811102878628&ifkv=ASfE1-pZvi4vYZodB70awPxtAywOKPsp3ZTEkXK2AO9ycDM8LcHU5gs0LLLM51Kx5QEA52fGGd8YdQ&flowName=GlifWebSignIn&flowEntry=ServiceLogin line 1331 > injectedScript line 2 > eval line 5542 > eval, line 1: unreachable code after return statement
JavaScript warning: https://accounts.google.com/v3/signin/identifier?dsh=S1846660480%3A1773811102878628&ifkv=ASfE1-pZvi4vYZodB70awPxtAywOKPsp3ZTEkXK2AO9ycDM8LcHU5gs0LLLM51Kx5QEA52fGGd8YdQ&flowName=GlifWebSignIn&flowEntry=ServiceLogin line 1331 > injectedScript line 2 > eval line 5542 > eval line 1 > eval, line 1: unreachable code after return statement
JavaScript warning: https://accounts.google.com/v3/signin/identifier?dsh=S1846660480%3A1773811102878628&ifkv=ASfE1-pZvi4vYZodB70awPxtAywOKPsp3ZTEkXK2AO9ycDM8LcHU5gs0LLLM51Kx5QEA52fGGd8YdQ&flowName=GlifWebSignIn&flowEntry=ServiceLogin line 1331 > injectedScript line 2 > eval line 5542 > eval, line 1: unreachable code after return statement
JavaScript warning: https://accounts.google.com/v3/signin/identifier?dsh=S1846660480%3A1773811102878628&ifkv=ASfE1-pZvi4vYZodB70awPxtAywOKPsp3ZTEkXK2AO9ycDM8LcHU5gs0LLLM51Kx5QEA52fGGd8YdQ&flowName=GlifWebSignIn&flowEntry=ServiceLogin line 1331 > injectedScript line 2 > eval line 5542 > eval line 1 > eval, line 1: unreachable code after return statement
JavaScript warning: https://accounts.google.com/v3/signin/identifier?dsh=S1846660480%3A1773811102878628&ifkv=ASfE1-pZvi4vYZodB70awPxtAywOKPsp3ZTEkXK2AO9ycDM8LcHU5gs0LLLM51Kx5QEA52fGGd8YdQ&flowName=GlifWebSignIn&flowEntry=ServiceLogin line 1331 > injectedScript line 2 > eval, line 5542: unreachable code after return statement
JavaScript warning: https://accounts.google.com/v3/signin/identifier?dsh=S1846660480%3A1773811102878628&ifkv=ASfE1-pZvi4vYZodB70awPxtAywOKPsp3ZTEkXK2AO9ycDM8LcHU5gs0LLLM51Kx5QEA52fGGd8YdQ&flowName=GlifWebSignIn&flowEntry=ServiceLogin line 1331 > injectedScript line 2 > eval line 5542 > eval line 1 > eval, line 1: unreachable code after return statement
JavaScript warning: https://accounts.google.com/v3/signin/identifier?dsh=S1846660480%3A1773811102878628&ifkv=ASfE1-pZvi4vYZodB70awPxtAywOKPsp3ZTEkXK2AO9ycDM8LcHU5gs0LLLM51Kx5QEA52fGGd8YdQ&flowName=GlifWebSignIn&flowEntry=ServiceLogin line 1331 > injectedScript line 2 > eval line 5542 > eval line 1 > eval, line 1: unreachable code after return statement
JavaScript warning: https://accounts.google.com/v3/signin/identifier?dsh=S1846660480%3A1773811102878628&ifkv=ASfE1-pZvi4vYZodB70awPxtAywOKPsp3ZTEkXK2AO9ycDM8LcHU5gs0LLLM51Kx5QEA52fGGd8YdQ&flowName=GlifWebSignIn&flowEntry=ServiceLogin line 1331 > injectedScript line 2 > eval line 5542 > eval line 1 > eval, line 1: unreachable code after return statement
JavaScript warning: https://accounts.google.com/v3/signin/identifier?dsh=S1846660480%3A1773811102878628&ifkv=ASfE1-pZvi4vYZodB70awPxtAywOKPsp3ZTEkXK2AO9ycDM8LcHU5gs0LLLM51Kx5QEA52fGGd8YdQ&flowName=GlifWebSignIn&flowEntry=ServiceLogin line 1331 > injectedScript line 2 > eval line 5542 > eval line 1 > eval line 1 > eval, line 1: unreachable code after return statement
JavaScript warning: https://accounts.google.com/v3/signin/identifier?dsh=S1846660480%3A1773811102878628&ifkv=ASfE1-pZvi4vYZodB70awPxtAywOKPsp3ZTEkXK2AO9ycDM8LcHU5gs0LLLM51Kx5QEA52fGGd8YdQ&flowName=GlifWebSignIn&flowEntry=ServiceLogin line 1331 > injectedScript line 2 > eval line 5542 > eval line 1 > eval line 1 > eval, line 1: unreachable code after return statement
JavaScript warning: https://accounts.google.com/v3/signin/identifier?dsh=S1846660480%3A1773811102878628&ifkv=ASfE1-pZvi4vYZodB70awPxtAywOKPsp3ZTEkXK2AO9ycDM8LcHU5gs0LLLM51Kx5QEA52fGGd8YdQ&flowName=GlifWebSignIn&flowEntry=ServiceLogin line 1331 > injectedScript line 2 > eval line 5542 > eval line 1 > eval line 1 > eval, line 1: unreachable code after return statement
JavaScript warning: https://accounts.google.com/v3/signin/identifier?dsh=S1846660480%3A1773811102878628&ifkv=ASfE1-pZvi4vYZodB70awPxtAywOKPsp3ZTEkXK2AO9ycDM8LcHU5gs0LLLM51Kx5QEA52fGGd8YdQ&flowName=GlifWebSignIn&flowEntry=ServiceLogin line 1331 > injectedScript, line 6020: unreachable code after return statement
JavaScript warning: https://accounts.google.com/v3/signin/identifier?dsh=S1846660480%3A1773811102878628&ifkv=ASfE1-pZvi4vYZodB70awPxtAywOKPsp3ZTEkXK2AO9ycDM8LcHU5gs0LLLM51Kx5QEA52fGGd8YdQ&flowName=GlifWebSignIn&flowEntry=ServiceLogin line 1331 > injectedScript, line 6020: unreachable code after return statement
JavaScript warning: https://accounts.google.com/v3/signin/identifier?dsh=S1846660480%3A1773811102878628&ifkv=ASfE1-pZvi4vYZodB70awPxtAywOKPsp3ZTEkXK2AO9ycDM8LcHU5gs0LLLM51Kx5QEA52fGGd8YdQ&flowName=GlifWebSignIn&flowEntry=ServiceLogin line 1331 > injectedScript, line 6020: unreachable code after return statement
JavaScript warning: https://accounts.google.com/v3/signin/identifier?dsh=S1846660480%3A1773811102878628&ifkv=ASfE1-pZvi4vYZodB70awPxtAywOKPsp3ZTEkXK2AO9ycDM8LcHU5gs0LLLM51Kx5QEA52fGGd8YdQ&flowName=GlifWebSignIn&flowEntry=ServiceLogin line 1331 > injectedScript, line 6020: unreachable code after return statement
JavaScript warning: https://accounts.google.com/v3/signin/identifier?dsh=S1846660480%3A1773811102878628&ifkv=ASfE1-pZvi4vYZodB70awPxtAywOKPsp3ZTEkXK2AO9ycDM8LcHU5gs0LLLM51Kx5QEA52fGGd8YdQ&flowName=GlifWebSignIn&flowEntry=ServiceLogin line 1331 > injectedScript, line 6020: unreachable code after return statement
JavaScript warning: https://accounts.google.com/v3/signin/identifier?dsh=S1846660480%3A1773811102878628&ifkv=ASfE1-pZvi4vYZodB70awPxtAywOKPsp3ZTEkXK2AO9ycDM8LcHU5gs0LLLM51Kx5QEA52fGGd8YdQ&flowName=GlifWebSignIn&flowEntry=ServiceLogin line 1331 > injectedScript, line 6020: unreachable code after return statement
JavaScript warning: https://accounts.google.com/v3/signin/identifier?dsh=S1846660480%3A1773811102878628&ifkv=ASfE1-pZvi4vYZodB70awPxtAywOKPsp3ZTEkXK2AO9ycDM8LcHU5gs0LLLM51Kx5QEA52fGGd8YdQ&flowName=GlifWebSignIn&flowEntry=ServiceLogin line 1331 > injectedScript line 2 > eval, line 6020: unreachable code after return statement
JavaScript warning: https://accounts.google.com/v3/signin/identifier?dsh=S1846660480%3A1773811102878628&ifkv=ASfE1-pZvi4vYZodB70awPxtAywOKPsp3ZTEkXK2AO9ycDM8LcHU5gs0LLLM51Kx5QEA52fGGd8YdQ&flowName=GlifWebSignIn&flowEntry=ServiceLogin line 1331 > injectedScript line 2 > eval, line 6020: unreachable code after return statement
JavaScript warning: https://accounts.google.com/v3/signin/identifier?dsh=S1846660480%3A1773811102878628&ifkv=ASfE1-pZvi4vYZodB70awPxtAywOKPsp3ZTEkXK2AO9ycDM8LcHU5gs0LLLM51Kx5QEA52fGGd8YdQ&flowName=GlifWebSignIn&flowEntry=ServiceLogin line 1331 > injectedScript line 2 > eval, line 6020: unreachable code after return statement
JavaScript warning: https://accounts.google.com/v3/signin/identifier?dsh=S1846660480%3A1773811102878628&ifkv=ASfE1-pZvi4vYZodB70awPxtAywOKPsp3ZTEkXK2AO9ycDM8LcHU5gs0LLLM51Kx5QEA52fGGd8YdQ&flowName=GlifWebSignIn&flowEntry=ServiceLogin line 1331 > injectedScript line 2 > eval, line 6020: unreachable code after return statement
JavaScript warning: https://accounts.google.com/v3/signin/identifier?dsh=S1846660480%3A1773811102878628&ifkv=ASfE1-pZvi4vYZodB70awPxtAywOKPsp3ZTEkXK2AO9ycDM8LcHU5gs0LLLM51Kx5QEA52fGGd8YdQ&flowName=GlifWebSignIn&flowEntry=ServiceLogin line 1331 > injectedScript line 2 > eval line 6020 > eval, line 1: unreachable code after return statement
JavaScript warning: https://accounts.google.com/v3/signin/identifier?dsh=S1846660480%3A1773811102878628&ifkv=ASfE1-pZvi4vYZodB70awPxtAywOKPsp3ZTEkXK2AO9ycDM8LcHU5gs0LLLM51Kx5QEA52fGGd8YdQ&flowName=GlifWebSignIn&flowEntry=ServiceLogin line 1331 > injectedScript line 2 > eval line 6020 > eval line 1 > eval, line 1: unreachable code after return statement
JavaScript warning: https://accounts.google.com/v3/signin/identifier?dsh=S1846660480%3A1773811102878628&ifkv=ASfE1-pZvi4vYZodB70awPxtAywOKPsp3ZTEkXK2AO9ycDM8LcHU5gs0LLLM51Kx5QEA52fGGd8YdQ&flowName=GlifWebSignIn&flowEntry=ServiceLogin line 1331 > injectedScript line 2 > eval line 6020 > eval, line 1: unreachable code after return statement
JavaScript warning: https://accounts.google.com/v3/signin/identifier?dsh=S1846660480%3A1773811102878628&ifkv=ASfE1-pZvi4vYZodB70awPxtAywOKPsp3ZTEkXK2AO9ycDM8LcHU5gs0LLLM51Kx5QEA52fGGd8YdQ&flowName=GlifWebSignIn&flowEntry=ServiceLogin line 1331 > injectedScript line 2 > eval line 6020 > eval line 1 > eval, line 1: unreachable code after return statement
JavaScript warning: https://accounts.google.com/v3/signin/identifier?dsh=S1846660480%3A1773811102878628&ifkv=ASfE1-pZvi4vYZodB70awPxtAywOKPsp3ZTEkXK2AO9ycDM8LcHU5gs0LLLM51Kx5QEA52fGGd8YdQ&flowName=GlifWebSignIn&flowEntry=ServiceLogin line 1331 > injectedScript line 2 > eval, line 6020: unreachable code after return statement
JavaScript warning: https://accounts.google.com/v3/signin/identifier?dsh=S1846660480%3A1773811102878628&ifkv=ASfE1-pZvi4vYZodB70awPxtAywOKPsp3ZTEkXK2AO9ycDM8LcHU5gs0LLLM51Kx5QEA52fGGd8YdQ&flowName=GlifWebSignIn&flowEntry=ServiceLogin line 1331 > injectedScript line 2 > eval line 6020 > eval line 1 > eval, line 1: unreachable code after return statement
JavaScript warning: https://accounts.google.com/v3/signin/identifier?dsh=S1846660480%3A1773811102878628&ifkv=ASfE1-pZvi4vYZodB70awPxtAywOKPsp3ZTEkXK2AO9ycDM8LcHU5gs0LLLM51Kx5QEA52fGGd8YdQ&flowName=GlifWebSignIn&flowEntry=ServiceLogin line 1331 > injectedScript line 2 > eval line 6020 > eval line 1 > eval, line 1: unreachable code after return statement
JavaScript warning: https://accounts.google.com/v3/signin/identifier?dsh=S1846660480%3A1773811102878628&ifkv=ASfE1-pZvi4vYZodB70awPxtAywOKPsp3ZTEkXK2AO9ycDM8LcHU5gs0LLLM51Kx5QEA52fGGd8YdQ&flowName=GlifWebSignIn&flowEntry=ServiceLogin line 1331 > injectedScript line 2 > eval line 6020 > eval line 1 > eval, line 1: unreachable code after return statement
JavaScript warning: https://accounts.google.com/v3/signin/identifier?dsh=S1846660480%3A1773811102878628&ifkv=ASfE1-pZvi4vYZodB70awPxtAywOKPsp3ZTEkXK2AO9ycDM8LcHU5gs0LLLM51Kx5QEA52fGGd8YdQ&flowName=GlifWebSignIn&flowEntry=ServiceLogin line 1331 > injectedScript line 2 > eval line 6020 > eval line 1 > eval line 1 > eval, line 1: unreachable code after return statement
JavaScript warning: https://accounts.google.com/v3/signin/identifier?dsh=S1846660480%3A1773811102878628&ifkv=ASfE1-pZvi4vYZodB70awPxtAywOKPsp3ZTEkXK2AO9ycDM8LcHU5gs0LLLM51Kx5QEA52fGGd8YdQ&flowName=GlifWebSignIn&flowEntry=ServiceLogin line 1331 > injectedScript line 2 > eval line 6020 > eval line 1 > eval line 1 > eval, line 1: unreachable code after return statement
JavaScript warning: https://accounts.google.com/v3/signin/identifier?dsh=S1846660480%3A1773811102878628&ifkv=ASfE1-pZvi4vYZodB70awPxtAywOKPsp3ZTEkXK2AO9ycDM8LcHU5gs0LLLM51Kx5QEA52fGGd8YdQ&flowName=GlifWebSignIn&flowEntry=ServiceLogin line 1331 > injectedScript line 2 > eval line 6020 > eval line 1 > eval line 1 > eval, line 1: unreachable code after return statement
JavaScript warning: https://accounts.google.com/v3/signin/identifier?dsh=S1846660480%3A1773811102878628&ifkv=ASfE1-pZvi4vYZodB70awPxtAywOKPsp3ZTEkXK2AO9ycDM8LcHU5gs0LLLM51Kx5QEA52fGGd8YdQ&flowName=GlifWebSignIn&flowEntry=ServiceLogin line 1331 > injectedScript, line 653: unreachable code after return statement
JavaScript warning: https://accounts.google.com/v3/signin/identifier?dsh=S1846660480%3A1773811102878628&ifkv=ASfE1-pZvi4vYZodB70awPxtAywOKPsp3ZTEkXK2AO9ycDM8LcHU5gs0LLLM51Kx5QEA52fGGd8YdQ&flowName=GlifWebSignIn&flowEntry=ServiceLogin line 1331 > injectedScript, line 653: unreachable code after return statement
JavaScript warning: https://accounts.google.com/v3/signin/identifier?dsh=S1846660480%3A1773811102878628&ifkv=ASfE1-pZvi4vYZodB70awPxtAywOKPsp3ZTEkXK2AO9ycDM8LcHU5gs0LLLM51Kx5QEA52fGGd8YdQ&flowName=GlifWebSignIn&flowEntry=ServiceLogin line 1331 > injectedScript, line 653: unreachable code after return statement
JavaScript warning: https://accounts.google.com/v3/signin/identifier?dsh=S1846660480%3A1773811102878628&ifkv=ASfE1-pZvi4vYZodB70awPxtAywOKPsp3ZTEkXK2AO9ycDM8LcHU5gs0LLLM51Kx5QEA52fGGd8YdQ&flowName=GlifWebSignIn&flowEntry=ServiceLogin line 1331 > injectedScript, line 653: unreachable code after return statement
JavaScript warning: https://accounts.google.com/v3/signin/identifier?dsh=S1846660480%3A1773811102878628&ifkv=ASfE1-pZvi4vYZodB70awPxtAywOKPsp3ZTEkXK2AO9ycDM8LcHU5gs0LLLM51Kx5QEA52fGGd8YdQ&flowName=GlifWebSignIn&flowEntry=ServiceLogin line 1331 > injectedScript, line 653: unreachable code after return statement
JavaScript warning: https://accounts.google.com/v3/signin/identifier?dsh=S1846660480%3A1773811102878628&ifkv=ASfE1-pZvi4vYZodB70awPxtAywOKPsp3ZTEkXK2AO9ycDM8LcHU5gs0LLLM51Kx5QEA52fGGd8YdQ&flowName=GlifWebSignIn&flowEntry=ServiceLogin line 1331 > injectedScript, line 653: unreachable code after return statement
JavaScript warning: https://accounts.google.com/v3/signin/identifier?dsh=S1846660480%3A1773811102878628&ifkv=ASfE1-pZvi4vYZodB70awPxtAywOKPsp3ZTEkXK2AO9ycDM8LcHU5gs0LLLM51Kx5QEA52fGGd8YdQ&flowName=GlifWebSignIn&flowEntry=ServiceLogin line 1331 > injectedScript line 2 > eval, line 653: unreachable code after return statement
JavaScript warning: https://accounts.google.com/v3/signin/identifier?dsh=S1846660480%3A1773811102878628&ifkv=ASfE1-pZvi4vYZodB70awPxtAywOKPsp3ZTEkXK2AO9ycDM8LcHU5gs0LLLM51Kx5QEA52fGGd8YdQ&flowName=GlifWebSignIn&flowEntry=ServiceLogin line 1331 > injectedScript line 2 > eval, line 653: unreachable code after return statement
JavaScript warning: https://accounts.google.com/v3/signin/identifier?dsh=S1846660480%3A1773811102878628&ifkv=ASfE1-pZvi4vYZodB70awPxtAywOKPsp3ZTEkXK2AO9ycDM8LcHU5gs0LLLM51Kx5QEA52fGGd8YdQ&flowName=GlifWebSignIn&flowEntry=ServiceLogin line 1331 > injectedScript line 2 > eval, line 653: unreachable code after return statement
JavaScript warning: https://accounts.google.com/v3/signin/identifier?dsh=S1846660480%3A1773811102878628&ifkv=ASfE1-pZvi4vYZodB70awPxtAywOKPsp3ZTEkXK2AO9ycDM8LcHU5gs0LLLM51Kx5QEA52fGGd8YdQ&flowName=GlifWebSignIn&flowEntry=ServiceLogin line 1331 > injectedScript line 2 > eval, line 653: unreachable code after return statement
JavaScript warning: https://accounts.google.com/v3/signin/identifier?dsh=S1846660480%3A1773811102878628&ifkv=ASfE1-pZvi4vYZodB70awPxtAywOKPsp3ZTEkXK2AO9ycDM8LcHU5gs0LLLM51Kx5QEA52fGGd8YdQ&flowName=GlifWebSignIn&flowEntry=ServiceLogin line 1331 > injectedScript line 2 > eval, line 1: unreachable code after return statement
JavaScript warning: https://accounts.google.com/v3/signin/identifier?dsh=S1846660480%3A1773811102878628&ifkv=ASfE1-pZvi4vYZodB70awPxtAywOKPsp3ZTEkXK2AO9ycDM8LcHU5gs0LLLM51Kx5QEA52fGGd8YdQ&flowName=GlifWebSignIn&flowEntry=ServiceLogin line 1331 > injectedScript line 2 > eval line 653 > eval, line 1: unreachable code after return statement
JavaScript warning: https://accounts.google.com/v3/signin/identifier?dsh=S1846660480%3A1773811102878628&ifkv=ASfE1-pZvi4vYZodB70awPxtAywOKPsp3ZTEkXK2AO9ycDM8LcHU5gs0LLLM51Kx5QEA52fGGd8YdQ&flowName=GlifWebSignIn&flowEntry=ServiceLogin line 1331 > injectedScript line 2 > eval, line 1: unreachable code after return statement
JavaScript warning: https://accounts.google.com/v3/signin/identifier?dsh=S1846660480%3A1773811102878628&ifkv=ASfE1-pZvi4vYZodB70awPxtAywOKPsp3ZTEkXK2AO9ycDM8LcHU5gs0LLLM51Kx5QEA52fGGd8YdQ&flowName=GlifWebSignIn&flowEntry=ServiceLogin line 1331 > injectedScript line 2 > eval line 653 > eval, line 1: unreachable code after return statement
JavaScript warning: https://accounts.google.com/v3/signin/identifier?dsh=S1846660480%3A1773811102878628&ifkv=ASfE1-pZvi4vYZodB70awPxtAywOKPsp3ZTEkXK2AO9ycDM8LcHU5gs0LLLM51Kx5QEA52fGGd8YdQ&flowName=GlifWebSignIn&flowEntry=ServiceLogin line 1331 > injectedScript line 2 > eval, line 653: unreachable code after return statement
JavaScript warning: https://accounts.google.com/v3/signin/identifier?dsh=S1846660480%3A1773811102878628&ifkv=ASfE1-pZvi4vYZodB70awPxtAywOKPsp3ZTEkXK2AO9ycDM8LcHU5gs0LLLM51Kx5QEA52fGGd8YdQ&flowName=GlifWebSignIn&flowEntry=ServiceLogin line 1331 > injectedScript line 2 > eval line 653 > eval line 1 > eval, line 1: unreachable code after return statement
JavaScript warning: https://accounts.google.com/v3/signin/identifier?dsh=S1846660480%3A1773811102878628&ifkv=ASfE1-pZvi4vYZodB70awPxtAywOKPsp3ZTEkXK2AO9ycDM8LcHU5gs0LLLM51Kx5QEA52fGGd8YdQ&flowName=GlifWebSignIn&flowEntry=ServiceLogin line 1331 > injectedScript line 2 > eval line 653 > eval line 1 > eval, line 1: unreachable code after return statement
JavaScript warning: https://accounts.google.com/v3/signin/identifier?dsh=S1846660480%3A1773811102878628&ifkv=ASfE1-pZvi4vYZodB70awPxtAywOKPsp3ZTEkXK2AO9ycDM8LcHU5gs0LLLM51Kx5QEA52fGGd8YdQ&flowName=GlifWebSignIn&flowEntry=ServiceLogin line 1331 > injectedScript line 2 > eval line 653 > eval line 1 > eval, line 1: unreachable code after return statement
JavaScript warning: https://accounts.google.com/v3/signin/identifier?dsh=S1846660480%3A1773811102878628&ifkv=ASfE1-pZvi4vYZodB70awPxtAywOKPsp3ZTEkXK2AO9ycDM8LcHU5gs0LLLM51Kx5QEA52fGGd8YdQ&flowName=GlifWebSignIn&flowEntry=ServiceLogin line 1331 > injectedScript line 2 > eval line 653 > eval line 1 > eval line 1 > eval, line 1: unreachable code after return statement
JavaScript warning: https://accounts.google.com/v3/signin/identifier?dsh=S1846660480%3A1773811102878628&ifkv=ASfE1-pZvi4vYZodB70awPxtAywOKPsp3ZTEkXK2AO9ycDM8LcHU5gs0LLLM51Kx5QEA52fGGd8YdQ&flowName=GlifWebSignIn&flowEntry=ServiceLogin line 1331 > injectedScript line 2 > eval line 653 > eval line 1 > eval line 1 > eval, line 1: unreachable code after return statement
JavaScript warning: https://accounts.google.com/v3/signin/identifier?dsh=S1846660480%3A1773811102878628&ifkv=ASfE1-pZvi4vYZodB70awPxtAywOKPsp3ZTEkXK2AO9ycDM8LcHU5gs0LLLM51Kx5QEA52fGGd8YdQ&flowName=GlifWebSignIn&flowEntry=ServiceLogin line 1331 > injectedScript line 2 > eval line 653 > eval line 1 > eval line 1 > eval, line 1: unreachable code after return statement
JavaScript warning: https://accounts.google.com/v3/signin/identifier?dsh=S1846660480%3A1773811102878628&ifkv=ASfE1-pZvi4vYZodB70awPxtAywOKPsp3ZTEkXK2AO9ycDM8LcHU5gs0LLLM51Kx5QEA52fGGd8YdQ&flowName=GlifWebSignIn&flowEntry=ServiceLogin line 1331 > injectedScript, line 2033: unreachable code after return statement
JavaScript warning: https://accounts.google.com/v3/signin/identifier?dsh=S1846660480%3A1773811102878628&ifkv=ASfE1-pZvi4vYZodB70awPxtAywOKPsp3ZTEkXK2AO9ycDM8LcHU5gs0LLLM51Kx5QEA52fGGd8YdQ&flowName=GlifWebSignIn&flowEntry=ServiceLogin line 1331 > injectedScript, line 2033: unreachable code after return statement
JavaScript warning: https://accounts.google.com/v3/signin/identifier?dsh=S1846660480%3A1773811102878628&ifkv=ASfE1-pZvi4vYZodB70awPxtAywOKPsp3ZTEkXK2AO9ycDM8LcHU5gs0LLLM51Kx5QEA52fGGd8YdQ&flowName=GlifWebSignIn&flowEntry=ServiceLogin line 1331 > injectedScript, line 2033: unreachable code after return statement
JavaScript warning: https://accounts.google.com/v3/signin/identifier?dsh=S1846660480%3A1773811102878628&ifkv=ASfE1-pZvi4vYZodB70awPxtAywOKPsp3ZTEkXK2AO9ycDM8LcHU5gs0LLLM51Kx5QEA52fGGd8YdQ&flowName=GlifWebSignIn&flowEntry=ServiceLogin line 1331 > injectedScript, line 2033: unreachable code after return statement
JavaScript warning: https://accounts.google.com/v3/signin/identifier?dsh=S1846660480%3A1773811102878628&ifkv=ASfE1-pZvi4vYZodB70awPxtAywOKPsp3ZTEkXK2AO9ycDM8LcHU5gs0LLLM51Kx5QEA52fGGd8YdQ&flowName=GlifWebSignIn&flowEntry=ServiceLogin line 1331 > injectedScript, line 2033: unreachable code after return statement
JavaScript warning: https://accounts.google.com/v3/signin/identifier?dsh=S1846660480%3A1773811102878628&ifkv=ASfE1-pZvi4vYZodB70awPxtAywOKPsp3ZTEkXK2AO9ycDM8LcHU5gs0LLLM51Kx5QEA52fGGd8YdQ&flowName=GlifWebSignIn&flowEntry=ServiceLogin line 1331 > injectedScript, line 2033: unreachable code after return statement
JavaScript warning: https://accounts.google.com/v3/signin/identifier?dsh=S1846660480%3A1773811102878628&ifkv=ASfE1-pZvi4vYZodB70awPxtAywOKPsp3ZTEkXK2AO9ycDM8LcHU5gs0LLLM51Kx5QEA52fGGd8YdQ&flowName=GlifWebSignIn&flowEntry=ServiceLogin line 1331 > injectedScript line 2 > eval, line 2033: unreachable code after return statement
JavaScript warning: https://accounts.google.com/v3/signin/identifier?dsh=S1846660480%3A1773811102878628&ifkv=ASfE1-pZvi4vYZodB70awPxtAywOKPsp3ZTEkXK2AO9ycDM8LcHU5gs0LLLM51Kx5QEA52fGGd8YdQ&flowName=GlifWebSignIn&flowEntry=ServiceLogin line 1331 > injectedScript line 2 > eval, line 2033: unreachable code after return statement
JavaScript warning: https://accounts.google.com/v3/signin/identifier?dsh=S1846660480%3A1773811102878628&ifkv=ASfE1-pZvi4vYZodB70awPxtAywOKPsp3ZTEkXK2AO9ycDM8LcHU5gs0LLLM51Kx5QEA52fGGd8YdQ&flowName=GlifWebSignIn&flowEntry=ServiceLogin line 1331 > injectedScript line 2 > eval, line 2033: unreachable code after return statement
JavaScript warning: https://accounts.google.com/v3/signin/identifier?dsh=S1846660480%3A1773811102878628&ifkv=ASfE1-pZvi4vYZodB70awPxtAywOKPsp3ZTEkXK2AO9ycDM8LcHU5gs0LLLM51Kx5QEA52fGGd8YdQ&flowName=GlifWebSignIn&flowEntry=ServiceLogin line 1331 > injectedScript line 2 > eval, line 2033: unreachable code after return statement
JavaScript warning: https://accounts.google.com/v3/signin/identifier?dsh=S1846660480%3A1773811102878628&ifkv=ASfE1-pZvi4vYZodB70awPxtAywOKPsp3ZTEkXK2AO9ycDM8LcHU5gs0LLLM51Kx5QEA52fGGd8YdQ&flowName=GlifWebSignIn&flowEntry=ServiceLogin line 1331 > injectedScript line 2 > eval, line 1: unreachable code after return statement
JavaScript warning: https://accounts.google.com/v3/signin/identifier?dsh=S1846660480%3A1773811102878628&ifkv=ASfE1-pZvi4vYZodB70awPxtAywOKPsp3ZTEkXK2AO9ycDM8LcHU5gs0LLLM51Kx5QEA52fGGd8YdQ&flowName=GlifWebSignIn&flowEntry=ServiceLogin line 1331 > injectedScript line 2 > eval line 2033 > eval, line 1: unreachable code after return statement
JavaScript warning: https://accounts.google.com/v3/signin/identifier?dsh=S1846660480%3A1773811102878628&ifkv=ASfE1-pZvi4vYZodB70awPxtAywOKPsp3ZTEkXK2AO9ycDM8LcHU5gs0LLLM51Kx5QEA52fGGd8YdQ&flowName=GlifWebSignIn&flowEntry=ServiceLogin line 1331 > injectedScript line 2 > eval, line 1: unreachable code after return statement
JavaScript warning: https://accounts.google.com/v3/signin/identifier?dsh=S1846660480%3A1773811102878628&ifkv=ASfE1-pZvi4vYZodB70awPxtAywOKPsp3ZTEkXK2AO9ycDM8LcHU5gs0LLLM51Kx5QEA52fGGd8YdQ&flowName=GlifWebSignIn&flowEntry=ServiceLogin line 1331 > injectedScript line 2 > eval line 2033 > eval, line 1: unreachable code after return statement
JavaScript warning: https://accounts.google.com/v3/signin/identifier?dsh=S1846660480%3A1773811102878628&ifkv=ASfE1-pZvi4vYZodB70awPxtAywOKPsp3ZTEkXK2AO9ycDM8LcHU5gs0LLLM51Kx5QEA52fGGd8YdQ&flowName=GlifWebSignIn&flowEntry=ServiceLogin line 1331 > injectedScript line 2 > eval, line 2033: unreachable code after return statement
JavaScript warning: https://accounts.google.com/v3/signin/identifier?dsh=S1846660480%3A1773811102878628&ifkv=ASfE1-pZvi4vYZodB70awPxtAywOKPsp3ZTEkXK2AO9ycDM8LcHU5gs0LLLM51Kx5QEA52fGGd8YdQ&flowName=GlifWebSignIn&flowEntry=ServiceLogin line 1331 > injectedScript line 2 > eval line 2033 > eval line 1 > eval, line 1: unreachable code after return statement
JavaScript warning: https://accounts.google.com/v3/signin/identifier?dsh=S1846660480%3A1773811102878628&ifkv=ASfE1-pZvi4vYZodB70awPxtAywOKPsp3ZTEkXK2AO9ycDM8LcHU5gs0LLLM51Kx5QEA52fGGd8YdQ&flowName=GlifWebSignIn&flowEntry=ServiceLogin line 1331 > injectedScript line 2 > eval line 2033 > eval line 1 > eval, line 1: unreachable code after return statement
JavaScript warning: https://accounts.google.com/v3/signin/identifier?dsh=S1846660480%3A1773811102878628&ifkv=ASfE1-pZvi4vYZodB70awPxtAywOKPsp3ZTEkXK2AO9ycDM8LcHU5gs0LLLM51Kx5QEA52fGGd8YdQ&flowName=GlifWebSignIn&flowEntry=ServiceLogin line 1331 > injectedScript line 2 > eval line 2033 > eval line 1 > eval, line 1: unreachable code after return statement
JavaScript warning: https://accounts.google.com/v3/signin/identifier?dsh=S1846660480%3A1773811102878628&ifkv=ASfE1-pZvi4vYZodB70awPxtAywOKPsp3ZTEkXK2AO9ycDM8LcHU5gs0LLLM51Kx5QEA52fGGd8YdQ&flowName=GlifWebSignIn&flowEntry=ServiceLogin line 1331 > injectedScript line 2 > eval line 2033 > eval line 1 > eval line 1 > eval, line 1: unreachable code after return statement
JavaScript warning: https://accounts.google.com/v3/signin/identifier?dsh=S1846660480%3A1773811102878628&ifkv=ASfE1-pZvi4vYZodB70awPxtAywOKPsp3ZTEkXK2AO9ycDM8LcHU5gs0LLLM51Kx5QEA52fGGd8YdQ&flowName=GlifWebSignIn&flowEntry=ServiceLogin line 1331 > injectedScript line 2 > eval line 2033 > eval line 1 > eval line 1 > eval, line 1: unreachable code after return statement
JavaScript warning: https://accounts.google.com/v3/signin/identifier?dsh=S1846660480%3A1773811102878628&ifkv=ASfE1-pZvi4vYZodB70awPxtAywOKPsp3ZTEkXK2AO9ycDM8LcHU5gs0LLLM51Kx5QEA52fGGd8YdQ&flowName=GlifWebSignIn&flowEntry=ServiceLogin line 1331 > injectedScript line 2 > eval line 2033 > eval line 1 > eval line 1 > eval, line 1: unreachable code after return statement
1773811146795	Marionette	INFO	Stopped listening on port 49651

###!!! [Child][RunMessage] Error: Channel closing: too late to send/recv, messages will be lost


###!!! [Child][MessageChannel::SendAndWait] Error: Channel error: cannot send/recv

1773811148615	geckodriver	INFO	Listening on 127.0.0.1:54996
1773811151691	mozrunner::runner	INFO	Running command: "C:\\Users\\chipc\\Desktop\\techlaai_automation\\gmail_automation\\FirefoxPortable\\firefox.exe" "--marionette" "-profile" "C:\\Users\\chipc\\Desktop\\techlaai_automation\\gmail_automation\\firefox_profiles\\nguyentrungda615" "--no-sandbox" "--start-maximized" "--disable-dev-shm-usage" "--disable-blink-features=AutomationControlled" "--disable-web-security" "--ignore-certificate-errors" "--disable-notifications" "--disable-infobars" "--disable-extensions" "--remote-debugging-port" "54997" "-no-remote"
Can't find symbol 'eglSwapBuffersWithDamageEXT'.
1773811153085	Marionette	INFO	Listening on port 55013
1773811153245	Marionette	WARN	TLS certificate errors will be ignored for this session
JavaScript warning: https://accounts.google.com/v3/signin/identifier?continue=https%3A%2F%2Faccounts.google.com%2F&dsh=S570970999%3A1773811153026941&followup=https%3A%2F%2Faccounts.google.com%2F&ifkv=ASfE1-oc3J0XKkSjOxb-6cu3WyuHLUmrrlm-naIKzZf-9IZ1TT52oLadG-e5dvFLUabfn-Yr6PON&passive=1209600&flowName=GlifWebSignIn&flowEntry=ServiceLogin line 1331 > injectedScript, line 4853: unreachable code after return statement
JavaScript warning: https://accounts.google.com/v3/signin/identifier?continue=https%3A%2F%2Faccounts.google.com%2F&dsh=S570970999%3A1773811153026941&followup=https%3A%2F%2Faccounts.google.com%2F&ifkv=ASfE1-oc3J0XKkSjOxb-6cu3WyuHLUmrrlm-naIKzZf-9IZ1TT52oLadG-e5dvFLUabfn-Yr6PON&passive=1209600&flowName=GlifWebSignIn&flowEntry=ServiceLogin line 1331 > injectedScript, line 4853: unreachable code after return statement
JavaScript warning: https://accounts.google.com/v3/signin/identifier?continue=https%3A%2F%2Faccounts.google.com%2F&dsh=S570970999%3A1773811153026941&followup=https%3A%2F%2Faccounts.google.com%2F&ifkv=ASfE1-oc3J0XKkSjOxb-6cu3WyuHLUmrrlm-naIKzZf-9IZ1TT52oLadG-e5dvFLUabfn-Yr6PON&passive=1209600&flowName=GlifWebSignIn&flowEntry=ServiceLogin line 1331 > injectedScript, line 4853: unreachable code after return statement
JavaScript warning: https://accounts.google.com/v3/signin/identifier?continue=https%3A%2F%2Faccounts.google.com%2F&dsh=S570970999%3A1773811153026941&followup=https%3A%2F%2Faccounts.google.com%2F&ifkv=ASfE1-oc3J0XKkSjOxb-6cu3WyuHLUmrrlm-naIKzZf-9IZ1TT52oLadG-e5dvFLUabfn-Yr6PON&passive=1209600&flowName=GlifWebSignIn&flowEntry=ServiceLogin line 1331 > injectedScript, line 4853: unreachable code after return statement
JavaScript warning: https://accounts.google.com/v3/signin/identifier?continue=https%3A%2F%2Faccounts.google.com%2F&dsh=S570970999%3A1773811153026941&followup=https%3A%2F%2Faccounts.google.com%2F&ifkv=ASfE1-oc3J0XKkSjOxb-6cu3WyuHLUmrrlm-naIKzZf-9IZ1TT52oLadG-e5dvFLUabfn-Yr6PON&passive=1209600&flowName=GlifWebSignIn&flowEntry=ServiceLogin line 1331 > injectedScript, line 4853: unreachable code after return statement
JavaScript warning: https://accounts.google.com/v3/signin/identifier?continue=https%3A%2F%2Faccounts.google.com%2F&dsh=S570970999%3A1773811153026941&followup=https%3A%2F%2Faccounts.google.com%2F&ifkv=ASfE1-oc3J0XKkSjOxb-6cu3WyuHLUmrrlm-naIKzZf-9IZ1TT52oLadG-e5dvFLUabfn-Yr6PON&passive=1209600&flowName=GlifWebSignIn&flowEntry=ServiceLogin line 1331 > injectedScript, line 4853: unreachable code after return statement
JavaScript warning: https://accounts.google.com/v3/signin/identifier?continue=https%3A%2F%2Faccounts.google.com%2F&dsh=S570970999%3A1773811153026941&followup=https%3A%2F%2Faccounts.google.com%2F&ifkv=ASfE1-oc3J0XKkSjOxb-6cu3WyuHLUmrrlm-naIKzZf-9IZ1TT52oLadG-e5dvFLUabfn-Yr6PON&passive=1209600&flowName=GlifWebSignIn&flowEntry=ServiceLogin line 1331 > injectedScript line 2 > eval, line 4853: unreachable code after return statement
JavaScript warning: https://accounts.google.com/v3/signin/identifier?continue=https%3A%2F%2Faccounts.google.com%2F&dsh=S570970999%3A1773811153026941&followup=https%3A%2F%2Faccounts.google.com%2F&ifkv=ASfE1-oc3J0XKkSjOxb-6cu3WyuHLUmrrlm-naIKzZf-9IZ1TT52oLadG-e5dvFLUabfn-Yr6PON&passive=1209600&flowName=GlifWebSignIn&flowEntry=ServiceLogin line 1331 > injectedScript line 2 > eval, line 4853: unreachable code after return statement
JavaScript warning: https://accounts.google.com/v3/signin/identifier?continue=https%3A%2F%2Faccounts.google.com%2F&dsh=S570970999%3A1773811153026941&followup=https%3A%2F%2Faccounts.google.com%2F&ifkv=ASfE1-oc3J0XKkSjOxb-6cu3WyuHLUmrrlm-naIKzZf-9IZ1TT52oLadG-e5dvFLUabfn-Yr6PON&passive=1209600&flowName=GlifWebSignIn&flowEntry=ServiceLogin line 1331 > injectedScript line 2 > eval, line 4853: unreachable code after return statement
JavaScript warning: https://accounts.google.com/v3/signin/identifier?continue=https%3A%2F%2Faccounts.google.com%2F&dsh=S570970999%3A1773811153026941&followup=https%3A%2F%2Faccounts.google.com%2F&ifkv=ASfE1-oc3J0XKkSjOxb-6cu3WyuHLUmrrlm-naIKzZf-9IZ1TT52oLadG-e5dvFLUabfn-Yr6PON&passive=1209600&flowName=GlifWebSignIn&flowEntry=ServiceLogin line 1331 > injectedScript line 2 > eval, line 4853: unreachable code after return statement
JavaScript warning: https://accounts.google.com/v3/signin/identifier?continue=https%3A%2F%2Faccounts.google.com%2F&dsh=S570970999%3A1773811153026941&followup=https%3A%2F%2Faccounts.google.com%2F&ifkv=ASfE1-oc3J0XKkSjOxb-6cu3WyuHLUmrrlm-naIKzZf-9IZ1TT52oLadG-e5dvFLUabfn-Yr6PON&passive=1209600&flowName=GlifWebSignIn&flowEntry=ServiceLogin line 1331 > injectedScript line 2 > eval, line 1: unreachable code after return statement
JavaScript warning: https://accounts.google.com/v3/signin/identifier?continue=https%3A%2F%2Faccounts.google.com%2F&dsh=S570970999%3A1773811153026941&followup=https%3A%2F%2Faccounts.google.com%2F&ifkv=ASfE1-oc3J0XKkSjOxb-6cu3WyuHLUmrrlm-naIKzZf-9IZ1TT52oLadG-e5dvFLUabfn-Yr6PON&passive=1209600&flowName=GlifWebSignIn&flowEntry=ServiceLogin line 1331 > injectedScript line 2 > eval line 4853 > eval, line 1: unreachable code after return statement
JavaScript warning: https://accounts.google.com/v3/signin/identifier?continue=https%3A%2F%2Faccounts.google.com%2F&dsh=S570970999%3A1773811153026941&followup=https%3A%2F%2Faccounts.google.com%2F&ifkv=ASfE1-oc3J0XKkSjOxb-6cu3WyuHLUmrrlm-naIKzZf-9IZ1TT52oLadG-e5dvFLUabfn-Yr6PON&passive=1209600&flowName=GlifWebSignIn&flowEntry=ServiceLogin line 1331 > injectedScript line 2 > eval, line 1: unreachable code after return statement
JavaScript warning: https://accounts.google.com/v3/signin/identifier?continue=https%3A%2F%2Faccounts.google.com%2F&dsh=S570970999%3A1773811153026941&followup=https%3A%2F%2Faccounts.google.com%2F&ifkv=ASfE1-oc3J0XKkSjOxb-6cu3WyuHLUmrrlm-naIKzZf-9IZ1TT52oLadG-e5dvFLUabfn-Yr6PON&passive=1209600&flowName=GlifWebSignIn&flowEntry=ServiceLogin line 1331 > injectedScript line 2 > eval line 4853 > eval, line 1: unreachable code after return statement
JavaScript warning: https://accounts.google.com/v3/signin/identifier?continue=https%3A%2F%2Faccounts.google.com%2F&dsh=S570970999%3A1773811153026941&followup=https%3A%2F%2Faccounts.google.com%2F&ifkv=ASfE1-oc3J0XKkSjOxb-6cu3WyuHLUmrrlm-naIKzZf-9IZ1TT52oLadG-e5dvFLUabfn-Yr6PON&passive=1209600&flowName=GlifWebSignIn&flowEntry=ServiceLogin line 1331 > injectedScript line 2 > eval, line 4853: unreachable code after return statement
JavaScript warning: https://accounts.google.com/v3/signin/identifier?continue=https%3A%2F%2Faccounts.google.com%2F&dsh=S570970999%3A1773811153026941&followup=https%3A%2F%2Faccounts.google.com%2F&ifkv=ASfE1-oc3J0XKkSjOxb-6cu3WyuHLUmrrlm-naIKzZf-9IZ1TT52oLadG-e5dvFLUabfn-Yr6PON&passive=1209600&flowName=GlifWebSignIn&flowEntry=ServiceLogin line 1331 > injectedScript line 2 > eval line 4853 > eval line 1 > eval, line 1: unreachable code after return statement
JavaScript warning: https://accounts.google.com/v3/signin/identifier?continue=https%3A%2F%2Faccounts.google.com%2F&dsh=S570970999%3A1773811153026941&followup=https%3A%2F%2Faccounts.google.com%2F&ifkv=ASfE1-oc3J0XKkSjOxb-6cu3WyuHLUmrrlm-naIKzZf-9IZ1TT52oLadG-e5dvFLUabfn-Yr6PON&passive=1209600&flowName=GlifWebSignIn&flowEntry=ServiceLogin line 1331 > injectedScript line 2 > eval line 4853 > eval line 1 > eval, line 1: unreachable code after return statement
JavaScript warning: https://accounts.google.com/v3/signin/identifier?continue=https%3A%2F%2Faccounts.google.com%2F&dsh=S570970999%3A1773811153026941&followup=https%3A%2F%2Faccounts.google.com%2F&ifkv=ASfE1-oc3J0XKkSjOxb-6cu3WyuHLUmrrlm-naIKzZf-9IZ1TT52oLadG-e5dvFLUabfn-Yr6PON&passive=1209600&flowName=GlifWebSignIn&flowEntry=ServiceLogin line 1331 > injectedScript line 2 > eval line 4853 > eval line 1 > eval, line 1: unreachable code after return statement
JavaScript warning: https://accounts.google.com/v3/signin/identifier?continue=https%3A%2F%2Faccounts.google.com%2F&dsh=S570970999%3A1773811153026941&followup=https%3A%2F%2Faccounts.google.com%2F&ifkv=ASfE1-oc3J0XKkSjOxb-6cu3WyuHLUmrrlm-naIKzZf-9IZ1TT52oLadG-e5dvFLUabfn-Yr6PON&passive=1209600&flowName=GlifWebSignIn&flowEntry=ServiceLogin line 1331 > injectedScript line 2 > eval line 4853 > eval line 1 > eval line 1 > eval, line 1: unreachable code after return statement
JavaScript warning: https://accounts.google.com/v3/signin/identifier?continue=https%3A%2F%2Faccounts.google.com%2F&dsh=S570970999%3A1773811153026941&followup=https%3A%2F%2Faccounts.google.com%2F&ifkv=ASfE1-oc3J0XKkSjOxb-6cu3WyuHLUmrrlm-naIKzZf-9IZ1TT52oLadG-e5dvFLUabfn-Yr6PON&passive=1209600&flowName=GlifWebSignIn&flowEntry=ServiceLogin line 1331 > injectedScript line 2 > eval line 4853 > eval line 1 > eval line 1 > eval, line 1: unreachable code after return statement
JavaScript warning: https://accounts.google.com/v3/signin/identifier?continue=https%3A%2F%2Faccounts.google.com%2F&dsh=S570970999%3A1773811153026941&followup=https%3A%2F%2Faccounts.google.com%2F&ifkv=ASfE1-oc3J0XKkSjOxb-6cu3WyuHLUmrrlm-naIKzZf-9IZ1TT52oLadG-e5dvFLUabfn-Yr6PON&passive=1209600&flowName=GlifWebSignIn&flowEntry=ServiceLogin line 1331 > injectedScript line 2 > eval line 4853 > eval line 1 > eval line 1 > eval, line 1: unreachable code after return statement
JavaScript warning: https://accounts.google.com/v3/signin/identifier?continue=https%3A%2F%2Faccounts.google.com%2F&dsh=S570970999%3A1773811153026941&followup=https%3A%2F%2Faccounts.google.com%2F&ifkv=ASfE1-oc3J0XKkSjOxb-6cu3WyuHLUmrrlm-naIKzZf-9IZ1TT52oLadG-e5dvFLUabfn-Yr6PON&passive=1209600&flowName=GlifWebSignIn&flowEntry=ServiceLogin line 1331 > injectedScript, line 3614: unreachable code after return statement
JavaScript warning: https://accounts.google.com/v3/signin/identifier?continue=https%3A%2F%2Faccounts.google.com%2F&dsh=S570970999%3A1773811153026941&followup=https%3A%2F%2Faccounts.google.com%2F&ifkv=ASfE1-oc3J0XKkSjOxb-6cu3WyuHLUmrrlm-naIKzZf-9IZ1TT52oLadG-e5dvFLUabfn-Yr6PON&passive=1209600&flowName=GlifWebSignIn&flowEntry=ServiceLogin line 1331 > injectedScript, line 3614: unreachable code after return statement
JavaScript warning: https://accounts.google.com/v3/signin/identifier?continue=https%3A%2F%2Faccounts.google.com%2F&dsh=S570970999%3A1773811153026941&followup=https%3A%2F%2Faccounts.google.com%2F&ifkv=ASfE1-oc3J0XKkSjOxb-6cu3WyuHLUmrrlm-naIKzZf-9IZ1TT52oLadG-e5dvFLUabfn-Yr6PON&passive=1209600&flowName=GlifWebSignIn&flowEntry=ServiceLogin line 1331 > injectedScript, line 3614: unreachable code after return statement
JavaScript warning: https://accounts.google.com/v3/signin/identifier?continue=https%3A%2F%2Faccounts.google.com%2F&dsh=S570970999%3A1773811153026941&followup=https%3A%2F%2Faccounts.google.com%2F&ifkv=ASfE1-oc3J0XKkSjOxb-6cu3WyuHLUmrrlm-naIKzZf-9IZ1TT52oLadG-e5dvFLUabfn-Yr6PON&passive=1209600&flowName=GlifWebSignIn&flowEntry=ServiceLogin line 1331 > injectedScript, line 3614: unreachable code after return statement
JavaScript warning: https://accounts.google.com/v3/signin/identifier?continue=https%3A%2F%2Faccounts.google.com%2F&dsh=S570970999%3A1773811153026941&followup=https%3A%2F%2Faccounts.google.com%2F&ifkv=ASfE1-oc3J0XKkSjOxb-6cu3WyuHLUmrrlm-naIKzZf-9IZ1TT52oLadG-e5dvFLUabfn-Yr6PON&passive=1209600&flowName=GlifWebSignIn&flowEntry=ServiceLogin line 1331 > injectedScript, line 3614: unreachable code after return statement
JavaScript warning: https://accounts.google.com/v3/signin/identifier?continue=https%3A%2F%2Faccounts.google.com%2F&dsh=S570970999%3A1773811153026941&followup=https%3A%2F%2Faccounts.google.com%2F&ifkv=ASfE1-oc3J0XKkSjOxb-6cu3WyuHLUmrrlm-naIKzZf-9IZ1TT52oLadG-e5dvFLUabfn-Yr6PON&passive=1209600&flowName=GlifWebSignIn&flowEntry=ServiceLogin line 1331 > injectedScript, line 3614: unreachable code after return statement
JavaScript warning: https://accounts.google.com/v3/signin/identifier?continue=https%3A%2F%2Faccounts.google.com%2F&dsh=S570970999%3A1773811153026941&followup=https%3A%2F%2Faccounts.google.com%2F&ifkv=ASfE1-oc3J0XKkSjOxb-6cu3WyuHLUmrrlm-naIKzZf-9IZ1TT52oLadG-e5dvFLUabfn-Yr6PON&passive=1209600&flowName=GlifWebSignIn&flowEntry=ServiceLogin line 1331 > injectedScript line 2 > eval, line 3614: unreachable code after return statement
JavaScript warning: https://accounts.google.com/v3/signin/identifier?continue=https%3A%2F%2Faccounts.google.com%2F&dsh=S570970999%3A1773811153026941&followup=https%3A%2F%2Faccounts.google.com%2F&ifkv=ASfE1-oc3J0XKkSjOxb-6cu3WyuHLUmrrlm-naIKzZf-9IZ1TT52oLadG-e5dvFLUabfn-Yr6PON&passive=1209600&flowName=GlifWebSignIn&flowEntry=ServiceLogin line 1331 > injectedScript line 2 > eval, line 3614: unreachable code after return statement
JavaScript warning: https://accounts.google.com/v3/signin/identifier?continue=https%3A%2F%2Faccounts.google.com%2F&dsh=S570970999%3A1773811153026941&followup=https%3A%2F%2Faccounts.google.com%2F&ifkv=ASfE1-oc3J0XKkSjOxb-6cu3WyuHLUmrrlm-naIKzZf-9IZ1TT52oLadG-e5dvFLUabfn-Yr6PON&passive=1209600&flowName=GlifWebSignIn&flowEntry=ServiceLogin line 1331 > injectedScript line 2 > eval, line 3614: unreachable code after return statement
JavaScript warning: https://accounts.google.com/v3/signin/identifier?continue=https%3A%2F%2Faccounts.google.com%2F&dsh=S570970999%3A1773811153026941&followup=https%3A%2F%2Faccounts.google.com%2F&ifkv=ASfE1-oc3J0XKkSjOxb-6cu3WyuHLUmrrlm-naIKzZf-9IZ1TT52oLadG-e5dvFLUabfn-Yr6PON&passive=1209600&flowName=GlifWebSignIn&flowEntry=ServiceLogin line 1331 > injectedScript line 2 > eval, line 3614: unreachable code after return statement
JavaScript warning: https://accounts.google.com/v3/signin/identifier?continue=https%3A%2F%2Faccounts.google.com%2F&dsh=S570970999%3A1773811153026941&followup=https%3A%2F%2Faccounts.google.com%2F&ifkv=ASfE1-oc3J0XKkSjOxb-6cu3WyuHLUmrrlm-naIKzZf-9IZ1TT52oLadG-e5dvFLUabfn-Yr6PON&passive=1209600&flowName=GlifWebSignIn&flowEntry=ServiceLogin line 1331 > injectedScript line 2 > eval, line 1: unreachable code after return statement
JavaScript warning: https://accounts.google.com/v3/signin/identifier?continue=https%3A%2F%2Faccounts.google.com%2F&dsh=S570970999%3A1773811153026941&followup=https%3A%2F%2Faccounts.google.com%2F&ifkv=ASfE1-oc3J0XKkSjOxb-6cu3WyuHLUmrrlm-naIKzZf-9IZ1TT52oLadG-e5dvFLUabfn-Yr6PON&passive=1209600&flowName=GlifWebSignIn&flowEntry=ServiceLogin line 1331 > injectedScript line 2 > eval line 3614 > eval, line 1: unreachable code after return statement
JavaScript warning: https://accounts.google.com/v3/signin/identifier?continue=https%3A%2F%2Faccounts.google.com%2F&dsh=S570970999%3A1773811153026941&followup=https%3A%2F%2Faccounts.google.com%2F&ifkv=ASfE1-oc3J0XKkSjOxb-6cu3WyuHLUmrrlm-naIKzZf-9IZ1TT52oLadG-e5dvFLUabfn-Yr6PON&passive=1209600&flowName=GlifWebSignIn&flowEntry=ServiceLogin line 1331 > injectedScript line 2 > eval, line 1: unreachable code after return statement
JavaScript warning: https://accounts.google.com/v3/signin/identifier?continue=https%3A%2F%2Faccounts.google.com%2F&dsh=S570970999%3A1773811153026941&followup=https%3A%2F%2Faccounts.google.com%2F&ifkv=ASfE1-oc3J0XKkSjOxb-6cu3WyuHLUmrrlm-naIKzZf-9IZ1TT52oLadG-e5dvFLUabfn-Yr6PON&passive=1209600&flowName=GlifWebSignIn&flowEntry=ServiceLogin line 1331 > injectedScript line 2 > eval line 3614 > eval, line 1: unreachable code after return statement
JavaScript warning: https://accounts.google.com/v3/signin/identifier?continue=https%3A%2F%2Faccounts.google.com%2F&dsh=S570970999%3A1773811153026941&followup=https%3A%2F%2Faccounts.google.com%2F&ifkv=ASfE1-oc3J0XKkSjOxb-6cu3WyuHLUmrrlm-naIKzZf-9IZ1TT52oLadG-e5dvFLUabfn-Yr6PON&passive=1209600&flowName=GlifWebSignIn&flowEntry=ServiceLogin line 1331 > injectedScript line 2 > eval, line 3614: unreachable code after return statement
JavaScript warning: https://accounts.google.com/v3/signin/identifier?continue=https%3A%2F%2Faccounts.google.com%2F&dsh=S570970999%3A1773811153026941&followup=https%3A%2F%2Faccounts.google.com%2F&ifkv=ASfE1-oc3J0XKkSjOxb-6cu3WyuHLUmrrlm-naIKzZf-9IZ1TT52oLadG-e5dvFLUabfn-Yr6PON&passive=1209600&flowName=GlifWebSignIn&flowEntry=ServiceLogin line 1331 > injectedScript line 2 > eval line 3614 > eval line 1 > eval, line 1: unreachable code after return statement
JavaScript warning: https://accounts.google.com/v3/signin/identifier?continue=https%3A%2F%2Faccounts.google.com%2F&dsh=S570970999%3A1773811153026941&followup=https%3A%2F%2Faccounts.google.com%2F&ifkv=ASfE1-oc3J0XKkSjOxb-6cu3WyuHLUmrrlm-naIKzZf-9IZ1TT52oLadG-e5dvFLUabfn-Yr6PON&passive=1209600&flowName=GlifWebSignIn&flowEntry=ServiceLogin line 1331 > injectedScript line 2 > eval line 3614 > eval line 1 > eval, line 1: unreachable code after return statement
JavaScript warning: https://accounts.google.com/v3/signin/identifier?continue=https%3A%2F%2Faccounts.google.com%2F&dsh=S570970999%3A1773811153026941&followup=https%3A%2F%2Faccounts.google.com%2F&ifkv=ASfE1-oc3J0XKkSjOxb-6cu3WyuHLUmrrlm-naIKzZf-9IZ1TT52oLadG-e5dvFLUabfn-Yr6PON&passive=1209600&flowName=GlifWebSignIn&flowEntry=ServiceLogin line 1331 > injectedScript line 2 > eval line 3614 > eval line 1 > eval, line 1: unreachable code after return statement
JavaScript warning: https://accounts.google.com/v3/signin/identifier?continue=https%3A%2F%2Faccounts.google.com%2F&dsh=S570970999%3A1773811153026941&followup=https%3A%2F%2Faccounts.google.com%2F&ifkv=ASfE1-oc3J0XKkSjOxb-6cu3WyuHLUmrrlm-naIKzZf-9IZ1TT52oLadG-e5dvFLUabfn-Yr6PON&passive=1209600&flowName=GlifWebSignIn&flowEntry=ServiceLogin line 1331 > injectedScript line 2 > eval line 3614 > eval line 1 > eval line 1 > eval, line 1: unreachable code after return statement
JavaScript warning: https://accounts.google.com/v3/signin/identifier?continue=https%3A%2F%2Faccounts.google.com%2F&dsh=S570970999%3A1773811153026941&followup=https%3A%2F%2Faccounts.google.com%2F&ifkv=ASfE1-oc3J0XKkSjOxb-6cu3WyuHLUmrrlm-naIKzZf-9IZ1TT52oLadG-e5dvFLUabfn-Yr6PON&passive=1209600&flowName=GlifWebSignIn&flowEntry=ServiceLogin line 1331 > injectedScript line 2 > eval line 3614 > eval line 1 > eval line 1 > eval, line 1: unreachable code after return statement
JavaScript warning: https://accounts.google.com/v3/signin/identifier?continue=https%3A%2F%2Faccounts.google.com%2F&dsh=S570970999%3A1773811153026941&followup=https%3A%2F%2Faccounts.google.com%2F&ifkv=ASfE1-oc3J0XKkSjOxb-6cu3WyuHLUmrrlm-naIKzZf-9IZ1TT52oLadG-e5dvFLUabfn-Yr6PON&passive=1209600&flowName=GlifWebSignIn&flowEntry=ServiceLogin line 1331 > injectedScript line 2 > eval line 3614 > eval line 1 > eval line 1 > eval, line 1: unreachable code after return statement
JavaScript warning: https://accounts.google.com/v3/signin/identifier?dsh=S1007372671%3A1773811155028700&ifkv=ASfE1-o2IzPr6r1XaEwSpjkM7Bu3eobKQYbVxtnPhto3UnKBvtDGmqVHHXHBi6G-l82yjD_sWSvv&flowName=GlifWebSignIn&flowEntry=ServiceLogin line 1331 > injectedScript, line 5195: unreachable code after return statement
JavaScript warning: https://accounts.google.com/v3/signin/identifier?dsh=S1007372671%3A1773811155028700&ifkv=ASfE1-o2IzPr6r1XaEwSpjkM7Bu3eobKQYbVxtnPhto3UnKBvtDGmqVHHXHBi6G-l82yjD_sWSvv&flowName=GlifWebSignIn&flowEntry=ServiceLogin line 1331 > injectedScript, line 5195: unreachable code after return statement
JavaScript warning: https://accounts.google.com/v3/signin/identifier?dsh=S1007372671%3A1773811155028700&ifkv=ASfE1-o2IzPr6r1XaEwSpjkM7Bu3eobKQYbVxtnPhto3UnKBvtDGmqVHHXHBi6G-l82yjD_sWSvv&flowName=GlifWebSignIn&flowEntry=ServiceLogin line 1331 > injectedScript, line 5195: unreachable code after return statement
JavaScript warning: https://accounts.google.com/v3/signin/identifier?dsh=S1007372671%3A1773811155028700&ifkv=ASfE1-o2IzPr6r1XaEwSpjkM7Bu3eobKQYbVxtnPhto3UnKBvtDGmqVHHXHBi6G-l82yjD_sWSvv&flowName=GlifWebSignIn&flowEntry=ServiceLogin line 1331 > injectedScript, line 5195: unreachable code after return statement
JavaScript warning: https://accounts.google.com/v3/signin/identifier?dsh=S1007372671%3A1773811155028700&ifkv=ASfE1-o2IzPr6r1XaEwSpjkM7Bu3eobKQYbVxtnPhto3UnKBvtDGmqVHHXHBi6G-l82yjD_sWSvv&flowName=GlifWebSignIn&flowEntry=ServiceLogin line 1331 > injectedScript, line 5195: unreachable code after return statement
JavaScript warning: https://accounts.google.com/v3/signin/identifier?dsh=S1007372671%3A1773811155028700&ifkv=ASfE1-o2IzPr6r1XaEwSpjkM7Bu3eobKQYbVxtnPhto3UnKBvtDGmqVHHXHBi6G-l82yjD_sWSvv&flowName=GlifWebSignIn&flowEntry=ServiceLogin line 1331 > injectedScript, line 5195: unreachable code after return statement
JavaScript warning: https://accounts.google.com/v3/signin/identifier?dsh=S1007372671%3A1773811155028700&ifkv=ASfE1-o2IzPr6r1XaEwSpjkM7Bu3eobKQYbVxtnPhto3UnKBvtDGmqVHHXHBi6G-l82yjD_sWSvv&flowName=GlifWebSignIn&flowEntry=ServiceLogin line 1331 > injectedScript line 2 > eval, line 5195: unreachable code after return statement
JavaScript warning: https://accounts.google.com/v3/signin/identifier?dsh=S1007372671%3A1773811155028700&ifkv=ASfE1-o2IzPr6r1XaEwSpjkM7Bu3eobKQYbVxtnPhto3UnKBvtDGmqVHHXHBi6G-l82yjD_sWSvv&flowName=GlifWebSignIn&flowEntry=ServiceLogin line 1331 > injectedScript line 2 > eval, line 5195: unreachable code after return statement
JavaScript warning: https://accounts.google.com/v3/signin/identifier?dsh=S1007372671%3A1773811155028700&ifkv=ASfE1-o2IzPr6r1XaEwSpjkM7Bu3eobKQYbVxtnPhto3UnKBvtDGmqVHHXHBi6G-l82yjD_sWSvv&flowName=GlifWebSignIn&flowEntry=ServiceLogin line 1331 > injectedScript line 2 > eval, line 5195: unreachable code after return statement
JavaScript warning: https://accounts.google.com/v3/signin/identifier?dsh=S1007372671%3A1773811155028700&ifkv=ASfE1-o2IzPr6r1XaEwSpjkM7Bu3eobKQYbVxtnPhto3UnKBvtDGmqVHHXHBi6G-l82yjD_sWSvv&flowName=GlifWebSignIn&flowEntry=ServiceLogin line 1331 > injectedScript line 2 > eval, line 5195: unreachable code after return statement
JavaScript warning: https://accounts.google.com/v3/signin/identifier?dsh=S1007372671%3A1773811155028700&ifkv=ASfE1-o2IzPr6r1XaEwSpjkM7Bu3eobKQYbVxtnPhto3UnKBvtDGmqVHHXHBi6G-l82yjD_sWSvv&flowName=GlifWebSignIn&flowEntry=ServiceLogin line 1331 > injectedScript line 2 > eval, line 1: unreachable code after return statement
JavaScript warning: https://accounts.google.com/v3/signin/identifier?dsh=S1007372671%3A1773811155028700&ifkv=ASfE1-o2IzPr6r1XaEwSpjkM7Bu3eobKQYbVxtnPhto3UnKBvtDGmqVHHXHBi6G-l82yjD_sWSvv&flowName=GlifWebSignIn&flowEntry=ServiceLogin line 1331 > injectedScript line 2 > eval line 5195 > eval, line 1: unreachable code after return statement
JavaScript warning: https://accounts.google.com/v3/signin/identifier?dsh=S1007372671%3A1773811155028700&ifkv=ASfE1-o2IzPr6r1XaEwSpjkM7Bu3eobKQYbVxtnPhto3UnKBvtDGmqVHHXHBi6G-l82yjD_sWSvv&flowName=GlifWebSignIn&flowEntry=ServiceLogin line 1331 > injectedScript line 2 > eval, line 1: unreachable code after return statement
JavaScript warning: https://accounts.google.com/v3/signin/identifier?dsh=S1007372671%3A1773811155028700&ifkv=ASfE1-o2IzPr6r1XaEwSpjkM7Bu3eobKQYbVxtnPhto3UnKBvtDGmqVHHXHBi6G-l82yjD_sWSvv&flowName=GlifWebSignIn&flowEntry=ServiceLogin line 1331 > injectedScript line 2 > eval line 5195 > eval, line 1: unreachable code after return statement
JavaScript warning: https://accounts.google.com/v3/signin/identifier?dsh=S1007372671%3A1773811155028700&ifkv=ASfE1-o2IzPr6r1XaEwSpjkM7Bu3eobKQYbVxtnPhto3UnKBvtDGmqVHHXHBi6G-l82yjD_sWSvv&flowName=GlifWebSignIn&flowEntry=ServiceLogin line 1331 > injectedScript line 2 > eval, line 5195: unreachable code after return statement
JavaScript warning: https://accounts.google.com/v3/signin/identifier?dsh=S1007372671%3A1773811155028700&ifkv=ASfE1-o2IzPr6r1XaEwSpjkM7Bu3eobKQYbVxtnPhto3UnKBvtDGmqVHHXHBi6G-l82yjD_sWSvv&flowName=GlifWebSignIn&flowEntry=ServiceLogin line 1331 > injectedScript line 2 > eval line 5195 > eval line 1 > eval, line 1: unreachable code after return statement
JavaScript warning: https://accounts.google.com/v3/signin/identifier?dsh=S1007372671%3A1773811155028700&ifkv=ASfE1-o2IzPr6r1XaEwSpjkM7Bu3eobKQYbVxtnPhto3UnKBvtDGmqVHHXHBi6G-l82yjD_sWSvv&flowName=GlifWebSignIn&flowEntry=ServiceLogin line 1331 > injectedScript line 2 > eval line 5195 > eval line 1 > eval, line 1: unreachable code after return statement
JavaScript warning: https://accounts.google.com/v3/signin/identifier?dsh=S1007372671%3A1773811155028700&ifkv=ASfE1-o2IzPr6r1XaEwSpjkM7Bu3eobKQYbVxtnPhto3UnKBvtDGmqVHHXHBi6G-l82yjD_sWSvv&flowName=GlifWebSignIn&flowEntry=ServiceLogin line 1331 > injectedScript line 2 > eval line 5195 > eval line 1 > eval, line 1: unreachable code after return statement
JavaScript warning: https://accounts.google.com/v3/signin/identifier?dsh=S1007372671%3A1773811155028700&ifkv=ASfE1-o2IzPr6r1XaEwSpjkM7Bu3eobKQYbVxtnPhto3UnKBvtDGmqVHHXHBi6G-l82yjD_sWSvv&flowName=GlifWebSignIn&flowEntry=ServiceLogin line 1331 > injectedScript line 2 > eval line 5195 > eval line 1 > eval line 1 > eval, line 1: unreachable code after return statement
JavaScript warning: https://accounts.google.com/v3/signin/identifier?dsh=S1007372671%3A1773811155028700&ifkv=ASfE1-o2IzPr6r1XaEwSpjkM7Bu3eobKQYbVxtnPhto3UnKBvtDGmqVHHXHBi6G-l82yjD_sWSvv&flowName=GlifWebSignIn&flowEntry=ServiceLogin line 1331 > injectedScript line 2 > eval line 5195 > eval line 1 > eval line 1 > eval, line 1: unreachable code after return statement
JavaScript warning: https://accounts.google.com/v3/signin/identifier?dsh=S1007372671%3A1773811155028700&ifkv=ASfE1-o2IzPr6r1XaEwSpjkM7Bu3eobKQYbVxtnPhto3UnKBvtDGmqVHHXHBi6G-l82yjD_sWSvv&flowName=GlifWebSignIn&flowEntry=ServiceLogin line 1331 > injectedScript line 2 > eval line 5195 > eval line 1 > eval line 1 > eval, line 1: unreachable code after return statement
JavaScript warning: https://accounts.google.com/v3/signin/identifier?dsh=S1007372671%3A1773811155028700&ifkv=ASfE1-o2IzPr6r1XaEwSpjkM7Bu3eobKQYbVxtnPhto3UnKBvtDGmqVHHXHBi6G-l82yjD_sWSvv&flowName=GlifWebSignIn&flowEntry=ServiceLogin line 1331 > injectedScript, line 2136: unreachable code after return statement
JavaScript warning: https://accounts.google.com/v3/signin/identifier?dsh=S1007372671%3A1773811155028700&ifkv=ASfE1-o2IzPr6r1XaEwSpjkM7Bu3eobKQYbVxtnPhto3UnKBvtDGmqVHHXHBi6G-l82yjD_sWSvv&flowName=GlifWebSignIn&flowEntry=ServiceLogin line 1331 > injectedScript, line 2136: unreachable code after return statement
JavaScript warning: https://accounts.google.com/v3/signin/identifier?dsh=S1007372671%3A1773811155028700&ifkv=ASfE1-o2IzPr6r1XaEwSpjkM7Bu3eobKQYbVxtnPhto3UnKBvtDGmqVHHXHBi6G-l82yjD_sWSvv&flowName=GlifWebSignIn&flowEntry=ServiceLogin line 1331 > injectedScript, line 2136: unreachable code after return statement
JavaScript warning: https://accounts.google.com/v3/signin/identifier?dsh=S1007372671%3A1773811155028700&ifkv=ASfE1-o2IzPr6r1XaEwSpjkM7Bu3eobKQYbVxtnPhto3UnKBvtDGmqVHHXHBi6G-l82yjD_sWSvv&flowName=GlifWebSignIn&flowEntry=ServiceLogin line 1331 > injectedScript, line 2136: unreachable code after return statement
JavaScript warning: https://accounts.google.com/v3/signin/identifier?dsh=S1007372671%3A1773811155028700&ifkv=ASfE1-o2IzPr6r1XaEwSpjkM7Bu3eobKQYbVxtnPhto3UnKBvtDGmqVHHXHBi6G-l82yjD_sWSvv&flowName=GlifWebSignIn&flowEntry=ServiceLogin line 1331 > injectedScript, line 2136: unreachable code after return statement
JavaScript warning: https://accounts.google.com/v3/signin/identifier?dsh=S1007372671%3A1773811155028700&ifkv=ASfE1-o2IzPr6r1XaEwSpjkM7Bu3eobKQYbVxtnPhto3UnKBvtDGmqVHHXHBi6G-l82yjD_sWSvv&flowName=GlifWebSignIn&flowEntry=ServiceLogin line 1331 > injectedScript, line 2136: unreachable code after return statement
JavaScript warning: https://accounts.google.com/v3/signin/identifier?dsh=S1007372671%3A1773811155028700&ifkv=ASfE1-o2IzPr6r1XaEwSpjkM7Bu3eobKQYbVxtnPhto3UnKBvtDGmqVHHXHBi6G-l82yjD_sWSvv&flowName=GlifWebSignIn&flowEntry=ServiceLogin line 1331 > injectedScript line 2 > eval, line 2136: unreachable code after return statement
JavaScript warning: https://accounts.google.com/v3/signin/identifier?dsh=S1007372671%3A1773811155028700&ifkv=ASfE1-o2IzPr6r1XaEwSpjkM7Bu3eobKQYbVxtnPhto3UnKBvtDGmqVHHXHBi6G-l82yjD_sWSvv&flowName=GlifWebSignIn&flowEntry=ServiceLogin line 1331 > injectedScript line 2 > eval, line 2136: unreachable code after return statement
JavaScript warning: https://accounts.google.com/v3/signin/identifier?dsh=S1007372671%3A1773811155028700&ifkv=ASfE1-o2IzPr6r1XaEwSpjkM7Bu3eobKQYbVxtnPhto3UnKBvtDGmqVHHXHBi6G-l82yjD_sWSvv&flowName=GlifWebSignIn&flowEntry=ServiceLogin line 1331 > injectedScript line 2 > eval, line 2136: unreachable code after return statement
JavaScript warning: https://accounts.google.com/v3/signin/identifier?dsh=S1007372671%3A1773811155028700&ifkv=ASfE1-o2IzPr6r1XaEwSpjkM7Bu3eobKQYbVxtnPhto3UnKBvtDGmqVHHXHBi6G-l82yjD_sWSvv&flowName=GlifWebSignIn&flowEntry=ServiceLogin line 1331 > injectedScript line 2 > eval, line 2136: unreachable code after return statement
JavaScript warning: https://accounts.google.com/v3/signin/identifier?dsh=S1007372671%3A1773811155028700&ifkv=ASfE1-o2IzPr6r1XaEwSpjkM7Bu3eobKQYbVxtnPhto3UnKBvtDGmqVHHXHBi6G-l82yjD_sWSvv&flowName=GlifWebSignIn&flowEntry=ServiceLogin line 1331 > injectedScript line 2 > eval, line 1: unreachable code after return statement
JavaScript warning: https://accounts.google.com/v3/signin/identifier?dsh=S1007372671%3A1773811155028700&ifkv=ASfE1-o2IzPr6r1XaEwSpjkM7Bu3eobKQYbVxtnPhto3UnKBvtDGmqVHHXHBi6G-l82yjD_sWSvv&flowName=GlifWebSignIn&flowEntry=ServiceLogin line 1331 > injectedScript line 2 > eval line 2136 > eval, line 1: unreachable code after return statement
JavaScript warning: https://accounts.google.com/v3/signin/identifier?dsh=S1007372671%3A1773811155028700&ifkv=ASfE1-o2IzPr6r1XaEwSpjkM7Bu3eobKQYbVxtnPhto3UnKBvtDGmqVHHXHBi6G-l82yjD_sWSvv&flowName=GlifWebSignIn&flowEntry=ServiceLogin line 1331 > injectedScript line 2 > eval, line 1: unreachable code after return statement
JavaScript warning: https://accounts.google.com/v3/signin/identifier?dsh=S1007372671%3A1773811155028700&ifkv=ASfE1-o2IzPr6r1XaEwSpjkM7Bu3eobKQYbVxtnPhto3UnKBvtDGmqVHHXHBi6G-l82yjD_sWSvv&flowName=GlifWebSignIn&flowEntry=ServiceLogin line 1331 > injectedScript line 2 > eval line 2136 > eval, line 1: unreachable code after return statement
JavaScript warning: https://accounts.google.com/v3/signin/identifier?dsh=S1007372671%3A1773811155028700&ifkv=ASfE1-o2IzPr6r1XaEwSpjkM7Bu3eobKQYbVxtnPhto3UnKBvtDGmqVHHXHBi6G-l82yjD_sWSvv&flowName=GlifWebSignIn&flowEntry=ServiceLogin line 1331 > injectedScript line 2 > eval, line 2136: unreachable code after return statement
JavaScript warning: https://accounts.google.com/v3/signin/identifier?dsh=S1007372671%3A1773811155028700&ifkv=ASfE1-o2IzPr6r1XaEwSpjkM7Bu3eobKQYbVxtnPhto3UnKBvtDGmqVHHXHBi6G-l82yjD_sWSvv&flowName=GlifWebSignIn&flowEntry=ServiceLogin line 1331 > injectedScript line 2 > eval line 2136 > eval line 1 > eval, line 1: unreachable code after return statement
JavaScript warning: https://accounts.google.com/v3/signin/identifier?dsh=S1007372671%3A1773811155028700&ifkv=ASfE1-o2IzPr6r1XaEwSpjkM7Bu3eobKQYbVxtnPhto3UnKBvtDGmqVHHXHBi6G-l82yjD_sWSvv&flowName=GlifWebSignIn&flowEntry=ServiceLogin line 1331 > injectedScript line 2 > eval line 2136 > eval line 1 > eval, line 1: unreachable code after return statement
JavaScript warning: https://accounts.google.com/v3/signin/identifier?dsh=S1007372671%3A1773811155028700&ifkv=ASfE1-o2IzPr6r1XaEwSpjkM7Bu3eobKQYbVxtnPhto3UnKBvtDGmqVHHXHBi6G-l82yjD_sWSvv&flowName=GlifWebSignIn&flowEntry=ServiceLogin line 1331 > injectedScript line 2 > eval line 2136 > eval line 1 > eval, line 1: unreachable code after return statement
JavaScript warning: https://accounts.google.com/v3/signin/identifier?dsh=S1007372671%3A1773811155028700&ifkv=ASfE1-o2IzPr6r1XaEwSpjkM7Bu3eobKQYbVxtnPhto3UnKBvtDGmqVHHXHBi6G-l82yjD_sWSvv&flowName=GlifWebSignIn&flowEntry=ServiceLogin line 1331 > injectedScript line 2 > eval line 2136 > eval line 1 > eval line 1 > eval, line 1: unreachable code after return statement
JavaScript warning: https://accounts.google.com/v3/signin/identifier?dsh=S1007372671%3A1773811155028700&ifkv=ASfE1-o2IzPr6r1XaEwSpjkM7Bu3eobKQYbVxtnPhto3UnKBvtDGmqVHHXHBi6G-l82yjD_sWSvv&flowName=GlifWebSignIn&flowEntry=ServiceLogin line 1331 > injectedScript line 2 > eval line 2136 > eval line 1 > eval line 1 > eval, line 1: unreachable code after return statement
JavaScript warning: https://accounts.google.com/v3/signin/identifier?dsh=S1007372671%3A1773811155028700&ifkv=ASfE1-o2IzPr6r1XaEwSpjkM7Bu3eobKQYbVxtnPhto3UnKBvtDGmqVHHXHBi6G-l82yjD_sWSvv&flowName=GlifWebSignIn&flowEntry=ServiceLogin line 1331 > injectedScript line 2 > eval line 2136 > eval line 1 > eval line 1 > eval, line 1: unreachable code after return statement
Can't find symbol 'eglSwapBuffersWithDamageEXT'.
JavaScript warning: https://accounts.google.com/v3/signin/identifier?dsh=S1007372671%3A1773811155028700&ifkv=ASfE1-o2IzPr6r1XaEwSpjkM7Bu3eobKQYbVxtnPhto3UnKBvtDGmqVHHXHBi6G-l82yjD_sWSvv&flowName=GlifWebSignIn&flowEntry=ServiceLogin line 1331 > injectedScript, line 4079: unreachable code after return statement
JavaScript warning: https://accounts.google.com/v3/signin/identifier?dsh=S1007372671%3A1773811155028700&ifkv=ASfE1-o2IzPr6r1XaEwSpjkM7Bu3eobKQYbVxtnPhto3UnKBvtDGmqVHHXHBi6G-l82yjD_sWSvv&flowName=GlifWebSignIn&flowEntry=ServiceLogin line 1331 > injectedScript, line 4079: unreachable code after return statement
JavaScript warning: https://accounts.google.com/v3/signin/identifier?dsh=S1007372671%3A1773811155028700&ifkv=ASfE1-o2IzPr6r1XaEwSpjkM7Bu3eobKQYbVxtnPhto3UnKBvtDGmqVHHXHBi6G-l82yjD_sWSvv&flowName=GlifWebSignIn&flowEntry=ServiceLogin line 1331 > injectedScript, line 4079: unreachable code after return statement
JavaScript warning: https://accounts.google.com/v3/signin/identifier?dsh=S1007372671%3A1773811155028700&ifkv=ASfE1-o2IzPr6r1XaEwSpjkM7Bu3eobKQYbVxtnPhto3UnKBvtDGmqVHHXHBi6G-l82yjD_sWSvv&flowName=GlifWebSignIn&flowEntry=ServiceLogin line 1331 > injectedScript, line 4079: unreachable code after return statement
JavaScript warning: https://accounts.google.com/v3/signin/identifier?dsh=S1007372671%3A1773811155028700&ifkv=ASfE1-o2IzPr6r1XaEwSpjkM7Bu3eobKQYbVxtnPhto3UnKBvtDGmqVHHXHBi6G-l82yjD_sWSvv&flowName=GlifWebSignIn&flowEntry=ServiceLogin line 1331 > injectedScript, line 4079: unreachable code after return statement
JavaScript warning: https://accounts.google.com/v3/signin/identifier?dsh=S1007372671%3A1773811155028700&ifkv=ASfE1-o2IzPr6r1XaEwSpjkM7Bu3eobKQYbVxtnPhto3UnKBvtDGmqVHHXHBi6G-l82yjD_sWSvv&flowName=GlifWebSignIn&flowEntry=ServiceLogin line 1331 > injectedScript, line 4079: unreachable code after return statement
JavaScript warning: https://accounts.google.com/v3/signin/identifier?dsh=S1007372671%3A1773811155028700&ifkv=ASfE1-o2IzPr6r1XaEwSpjkM7Bu3eobKQYbVxtnPhto3UnKBvtDGmqVHHXHBi6G-l82yjD_sWSvv&flowName=GlifWebSignIn&flowEntry=ServiceLogin line 1331 > injectedScript line 2 > eval, line 4079: unreachable code after return statement
JavaScript warning: https://accounts.google.com/v3/signin/identifier?dsh=S1007372671%3A1773811155028700&ifkv=ASfE1-o2IzPr6r1XaEwSpjkM7Bu3eobKQYbVxtnPhto3UnKBvtDGmqVHHXHBi6G-l82yjD_sWSvv&flowName=GlifWebSignIn&flowEntry=ServiceLogin line 1331 > injectedScript line 2 > eval, line 4079: unreachable code after return statement
JavaScript warning: https://accounts.google.com/v3/signin/identifier?dsh=S1007372671%3A1773811155028700&ifkv=ASfE1-o2IzPr6r1XaEwSpjkM7Bu3eobKQYbVxtnPhto3UnKBvtDGmqVHHXHBi6G-l82yjD_sWSvv&flowName=GlifWebSignIn&flowEntry=ServiceLogin line 1331 > injectedScript line 2 > eval, line 4079: unreachable code after return statement
JavaScript warning: https://accounts.google.com/v3/signin/identifier?dsh=S1007372671%3A1773811155028700&ifkv=ASfE1-o2IzPr6r1XaEwSpjkM7Bu3eobKQYbVxtnPhto3UnKBvtDGmqVHHXHBi6G-l82yjD_sWSvv&flowName=GlifWebSignIn&flowEntry=ServiceLogin line 1331 > injectedScript line 2 > eval, line 4079: unreachable code after return statement
JavaScript warning: https://accounts.google.com/v3/signin/identifier?dsh=S1007372671%3A1773811155028700&ifkv=ASfE1-o2IzPr6r1XaEwSpjkM7Bu3eobKQYbVxtnPhto3UnKBvtDGmqVHHXHBi6G-l82yjD_sWSvv&flowName=GlifWebSignIn&flowEntry=ServiceLogin line 1331 > injectedScript line 2 > eval, line 1: unreachable code after return statement
JavaScript warning: https://accounts.google.com/v3/signin/identifier?dsh=S1007372671%3A1773811155028700&ifkv=ASfE1-o2IzPr6r1XaEwSpjkM7Bu3eobKQYbVxtnPhto3UnKBvtDGmqVHHXHBi6G-l82yjD_sWSvv&flowName=GlifWebSignIn&flowEntry=ServiceLogin line 1331 > injectedScript line 2 > eval line 4079 > eval, line 1: unreachable code after return statement
JavaScript warning: https://accounts.google.com/v3/signin/identifier?dsh=S1007372671%3A1773811155028700&ifkv=ASfE1-o2IzPr6r1XaEwSpjkM7Bu3eobKQYbVxtnPhto3UnKBvtDGmqVHHXHBi6G-l82yjD_sWSvv&flowName=GlifWebSignIn&flowEntry=ServiceLogin line 1331 > injectedScript line 2 > eval, line 1: unreachable code after return statement
JavaScript warning: https://accounts.google.com/v3/signin/identifier?dsh=S1007372671%3A1773811155028700&ifkv=ASfE1-o2IzPr6r1XaEwSpjkM7Bu3eobKQYbVxtnPhto3UnKBvtDGmqVHHXHBi6G-l82yjD_sWSvv&flowName=GlifWebSignIn&flowEntry=ServiceLogin line 1331 > injectedScript line 2 > eval line 4079 > eval, line 1: unreachable code after return statement
JavaScript warning: https://accounts.google.com/v3/signin/identifier?dsh=S1007372671%3A1773811155028700&ifkv=ASfE1-o2IzPr6r1XaEwSpjkM7Bu3eobKQYbVxtnPhto3UnKBvtDGmqVHHXHBi6G-l82yjD_sWSvv&flowName=GlifWebSignIn&flowEntry=ServiceLogin line 1331 > injectedScript line 2 > eval, line 4079: unreachable code after return statement
JavaScript warning: https://accounts.google.com/v3/signin/identifier?dsh=S1007372671%3A1773811155028700&ifkv=ASfE1-o2IzPr6r1XaEwSpjkM7Bu3eobKQYbVxtnPhto3UnKBvtDGmqVHHXHBi6G-l82yjD_sWSvv&flowName=GlifWebSignIn&flowEntry=ServiceLogin line 1331 > injectedScript line 2 > eval line 4079 > eval line 1 > eval, line 1: unreachable code after return statement
JavaScript warning: https://accounts.google.com/v3/signin/identifier?dsh=S1007372671%3A1773811155028700&ifkv=ASfE1-o2IzPr6r1XaEwSpjkM7Bu3eobKQYbVxtnPhto3UnKBvtDGmqVHHXHBi6G-l82yjD_sWSvv&flowName=GlifWebSignIn&flowEntry=ServiceLogin line 1331 > injectedScript line 2 > eval line 4079 > eval line 1 > eval, line 1: unreachable code after return statement
JavaScript warning: https://accounts.google.com/v3/signin/identifier?dsh=S1007372671%3A1773811155028700&ifkv=ASfE1-o2IzPr6r1XaEwSpjkM7Bu3eobKQYbVxtnPhto3UnKBvtDGmqVHHXHBi6G-l82yjD_sWSvv&flowName=GlifWebSignIn&flowEntry=ServiceLogin line 1331 > injectedScript line 2 > eval line 4079 > eval line 1 > eval, line 1: unreachable code after return statement
JavaScript warning: https://accounts.google.com/v3/signin/identifier?dsh=S1007372671%3A1773811155028700&ifkv=ASfE1-o2IzPr6r1XaEwSpjkM7Bu3eobKQYbVxtnPhto3UnKBvtDGmqVHHXHBi6G-l82yjD_sWSvv&flowName=GlifWebSignIn&flowEntry=ServiceLogin line 1331 > injectedScript line 2 > eval line 4079 > eval line 1 > eval line 1 > eval, line 1: unreachable code after return statement
JavaScript warning: https://accounts.google.com/v3/signin/identifier?dsh=S1007372671%3A1773811155028700&ifkv=ASfE1-o2IzPr6r1XaEwSpjkM7Bu3eobKQYbVxtnPhto3UnKBvtDGmqVHHXHBi6G-l82yjD_sWSvv&flowName=GlifWebSignIn&flowEntry=ServiceLogin line 1331 > injectedScript line 2 > eval line 4079 > eval line 1 > eval line 1 > eval, line 1: unreachable code after return statement
JavaScript warning: https://accounts.google.com/v3/signin/identifier?dsh=S1007372671%3A1773811155028700&ifkv=ASfE1-o2IzPr6r1XaEwSpjkM7Bu3eobKQYbVxtnPhto3UnKBvtDGmqVHHXHBi6G-l82yjD_sWSvv&flowName=GlifWebSignIn&flowEntry=ServiceLogin line 1331 > injectedScript line 2 > eval line 4079 > eval line 1 > eval line 1 > eval, line 1: unreachable code after return statement
[Parent 4544, Gecko_IOThread] WARNING: file /builds/worker/checkouts/gecko/ipc/chromium/src/base/process_util_win.cc, line 166
1773811463603	Marionette	INFO	Stopped listening on port 55013

###!!! [Child][RunMessage] Error: Channel closing: too late to send/recv, messages will be lost


###!!! [Child][MessageChannel::SendAndWait] Error: Channel error: cannot send/recv

sable-dev-shm-usage" "--disable-blink-features=AutomationControlled" "--disable-web-security" "--ignore-certificate-errors" "--disable-notifications" "--disable-infobars" "--disable-extensions" "--remote-debugging-port" "57596" "-no-remote"
Can't find symbol 'eglSwapBuffersWithDamageEXT'.
[GFX1-]: shader-cache: Shader disk cache is not supported
[2026-03-18T05:23:11Z ERROR webrender_bindings::program_cache] shader-cache: Shader disk cache is not supported

###!!! [Child][RunMessage] Error: Channel closing: too late to send/recv, messages will be lost


###!!! [Child][RunMessage] Error: Channel closing: too late to send/recv, messages will be lost


###!!! [Child][MessageChannel::SendAndWait] Error: Channel error: cannot send/recv

1773811458013	geckodriver	INFO	Listening on 127.0.0.1:64446
1773811461129	mozrunner::runner	INFO	Running command: "C:\\Users\\chipc\\Desktop\\techlaai_automation\\gmail_automation\\FirefoxPortable\\firefox.exe" "--marionette" "-profile" "C:\\Users\\chipc\\Desktop\\techlaai_automation\\gmail_automation\\firefox_profiles\\nguyentrungda615" "--no-sandbox" "--start-maximized" "--disable-dev-shm-usage" "--disable-blink-features=AutomationControlled" "--disable-web-security" "--ignore-certificate-errors" "--disable-notifications" "--disable-infobars" "--disable-extensions" "--remote-debugging-port" "64447" "-no-remote"
Can't find symbol 'eglSwapBuffersWithDamageEXT'.
1773811465379	Marionette	INFO	Listening on port 64461
1773811465409	Marionette	WARN	TLS certificate errors will be ignored for this session
JavaScript warning: https://accounts.google.com/v3/signin/identifier?continue=https%3A%2F%2Faccounts.google.com%2F&dsh=S1846660480%3A1773811465153785&followup=https%3A%2F%2Faccounts.google.com%2F&ifkv=ASfE1-qPJjKXE3EsOUvfwmrAEn-4PyYrausj-P_sW1ukcdZoVj9Zly24MGyUBPHVH3UmOKOhHv21&passive=1209600&flowName=GlifWebSignIn&flowEntry=ServiceLogin line 1331 > injectedScript, line 5834: unreachable code after return statement
JavaScript warning: https://accounts.google.com/v3/signin/identifier?continue=https%3A%2F%2Faccounts.google.com%2F&dsh=S1846660480%3A1773811465153785&followup=https%3A%2F%2Faccounts.google.com%2F&ifkv=ASfE1-qPJjKXE3EsOUvfwmrAEn-4PyYrausj-P_sW1ukcdZoVj9Zly24MGyUBPHVH3UmOKOhHv21&passive=1209600&flowName=GlifWebSignIn&flowEntry=ServiceLogin line 1331 > injectedScript, line 5834: unreachable code after return statement
JavaScript warning: https://accounts.google.com/v3/signin/identifier?continue=https%3A%2F%2Faccounts.google.com%2F&dsh=S1846660480%3A1773811465153785&followup=https%3A%2F%2Faccounts.google.com%2F&ifkv=ASfE1-qPJjKXE3EsOUvfwmrAEn-4PyYrausj-P_sW1ukcdZoVj9Zly24MGyUBPHVH3UmOKOhHv21&passive=1209600&flowName=GlifWebSignIn&flowEntry=ServiceLogin line 1331 > injectedScript, line 5834: unreachable code after return statement
JavaScript warning: https://accounts.google.com/v3/signin/identifier?continue=https%3A%2F%2Faccounts.google.com%2F&dsh=S1846660480%3A1773811465153785&followup=https%3A%2F%2Faccounts.google.com%2F&ifkv=ASfE1-qPJjKXE3EsOUvfwmrAEn-4PyYrausj-P_sW1ukcdZoVj9Zly24MGyUBPHVH3UmOKOhHv21&passive=1209600&flowName=GlifWebSignIn&flowEntry=ServiceLogin line 1331 > injectedScript, line 5834: unreachable code after return statement
JavaScript warning: https://accounts.google.com/v3/signin/identifier?continue=https%3A%2F%2Faccounts.google.com%2F&dsh=S1846660480%3A1773811465153785&followup=https%3A%2F%2Faccounts.google.com%2F&ifkv=ASfE1-qPJjKXE3EsOUvfwmrAEn-4PyYrausj-P_sW1ukcdZoVj9Zly24MGyUBPHVH3UmOKOhHv21&passive=1209600&flowName=GlifWebSignIn&flowEntry=ServiceLogin line 1331 > injectedScript, line 5834: unreachable code after return statement
JavaScript warning: https://accounts.google.com/v3/signin/identifier?continue=https%3A%2F%2Faccounts.google.com%2F&dsh=S1846660480%3A1773811465153785&followup=https%3A%2F%2Faccounts.google.com%2F&ifkv=ASfE1-qPJjKXE3EsOUvfwmrAEn-4PyYrausj-P_sW1ukcdZoVj9Zly24MGyUBPHVH3UmOKOhHv21&passive=1209600&flowName=GlifWebSignIn&flowEntry=ServiceLogin line 1331 > injectedScript, line 5834: unreachable code after return statement
JavaScript warning: https://accounts.google.com/v3/signin/identifier?continue=https%3A%2F%2Faccounts.google.com%2F&dsh=S1846660480%3A1773811465153785&followup=https%3A%2F%2Faccounts.google.com%2F&ifkv=ASfE1-qPJjKXE3EsOUvfwmrAEn-4PyYrausj-P_sW1ukcdZoVj9Zly24MGyUBPHVH3UmOKOhHv21&passive=1209600&flowName=GlifWebSignIn&flowEntry=ServiceLogin line 1331 > injectedScript line 2 > eval, line 5834: unreachable code after return statement
JavaScript warning: https://accounts.google.com/v3/signin/identifier?continue=https%3A%2F%2Faccounts.google.com%2F&dsh=S1846660480%3A1773811465153785&followup=https%3A%2F%2Faccounts.google.com%2F&ifkv=ASfE1-qPJjKXE3EsOUvfwmrAEn-4PyYrausj-P_sW1ukcdZoVj9Zly24MGyUBPHVH3UmOKOhHv21&passive=1209600&flowName=GlifWebSignIn&flowEntry=ServiceLogin line 1331 > injectedScript line 2 > eval, line 5834: unreachable code after return statement
JavaScript warning: https://accounts.google.com/v3/signin/identifier?continue=https%3A%2F%2Faccounts.google.com%2F&dsh=S1846660480%3A1773811465153785&followup=https%3A%2F%2Faccounts.google.com%2F&ifkv=ASfE1-qPJjKXE3EsOUvfwmrAEn-4PyYrausj-P_sW1ukcdZoVj9Zly24MGyUBPHVH3UmOKOhHv21&passive=1209600&flowName=GlifWebSignIn&flowEntry=ServiceLogin line 1331 > injectedScript line 2 > eval, line 5834: unreachable code after return statement
JavaScript warning: https://accounts.google.com/v3/signin/identifier?continue=https%3A%2F%2Faccounts.google.com%2F&dsh=S1846660480%3A1773811465153785&followup=https%3A%2F%2Faccounts.google.com%2F&ifkv=ASfE1-qPJjKXE3EsOUvfwmrAEn-4PyYrausj-P_sW1ukcdZoVj9Zly24MGyUBPHVH3UmOKOhHv21&passive=1209600&flowName=GlifWebSignIn&flowEntry=ServiceLogin line 1331 > injectedScript line 2 > eval, line 5834: unreachable code after return statement
JavaScript warning: https://accounts.google.com/v3/signin/identifier?continue=https%3A%2F%2Faccounts.google.com%2F&dsh=S1846660480%3A1773811465153785&followup=https%3A%2F%2Faccounts.google.com%2F&ifkv=ASfE1-qPJjKXE3EsOUvfwmrAEn-4PyYrausj-P_sW1ukcdZoVj9Zly24MGyUBPHVH3UmOKOhHv21&passive=1209600&flowName=GlifWebSignIn&flowEntry=ServiceLogin line 1331 > injectedScript line 2 > eval, line 1: unreachable code after return statement
JavaScript warning: https://accounts.google.com/v3/signin/identifier?continue=https%3A%2F%2Faccounts.google.com%2F&dsh=S1846660480%3A1773811465153785&followup=https%3A%2F%2Faccounts.google.com%2F&ifkv=ASfE1-qPJjKXE3EsOUvfwmrAEn-4PyYrausj-P_sW1ukcdZoVj9Zly24MGyUBPHVH3UmOKOhHv21&passive=1209600&flowName=GlifWebSignIn&flowEntry=ServiceLogin line 1331 > injectedScript line 2 > eval line 5834 > eval, line 1: unreachable code after return statement
JavaScript warning: https://accounts.google.com/v3/signin/identifier?continue=https%3A%2F%2Faccounts.google.com%2F&dsh=S1846660480%3A1773811465153785&followup=https%3A%2F%2Faccounts.google.com%2F&ifkv=ASfE1-qPJjKXE3EsOUvfwmrAEn-4PyYrausj-P_sW1ukcdZoVj9Zly24MGyUBPHVH3UmOKOhHv21&passive=1209600&flowName=GlifWebSignIn&flowEntry=ServiceLogin line 1331 > injectedScript line 2 > eval line 5834 > eval, line 1: unreachable code after return statement
JavaScript warning: https://accounts.google.com/v3/signin/identifier?continue=https%3A%2F%2Faccounts.google.com%2F&dsh=S1846660480%3A1773811465153785&followup=https%3A%2F%2Faccounts.google.com%2F&ifkv=ASfE1-qPJjKXE3EsOUvfwmrAEn-4PyYrausj-P_sW1ukcdZoVj9Zly24MGyUBPHVH3UmOKOhHv21&passive=1209600&flowName=GlifWebSignIn&flowEntry=ServiceLogin line 1331 > injectedScript line 2 > eval line 5834 > eval line 1 > eval, line 1: unreachable code after return statement
JavaScript warning: https://accounts.google.com/v3/signin/identifier?continue=https%3A%2F%2Faccounts.google.com%2F&dsh=S1846660480%3A1773811465153785&followup=https%3A%2F%2Faccounts.google.com%2F&ifkv=ASfE1-qPJjKXE3EsOUvfwmrAEn-4PyYrausj-P_sW1ukcdZoVj9Zly24MGyUBPHVH3UmOKOhHv21&passive=1209600&flowName=GlifWebSignIn&flowEntry=ServiceLogin line 1331 > injectedScript line 2 > eval, line 5834: unreachable code after return statement
JavaScript warning: https://accounts.google.com/v3/signin/identifier?continue=https%3A%2F%2Faccounts.google.com%2F&dsh=S1846660480%3A1773811465153785&followup=https%3A%2F%2Faccounts.google.com%2F&ifkv=ASfE1-qPJjKXE3EsOUvfwmrAEn-4PyYrausj-P_sW1ukcdZoVj9Zly24MGyUBPHVH3UmOKOhHv21&passive=1209600&flowName=GlifWebSignIn&flowEntry=ServiceLogin line 1331 > injectedScript line 2 > eval line 5834 > eval line 1 > eval, line 1: unreachable code after return statement
JavaScript warning: https://accounts.google.com/v3/signin/identifier?continue=https%3A%2F%2Faccounts.google.com%2F&dsh=S1846660480%3A1773811465153785&followup=https%3A%2F%2Faccounts.google.com%2F&ifkv=ASfE1-qPJjKXE3EsOUvfwmrAEn-4PyYrausj-P_sW1ukcdZoVj9Zly24MGyUBPHVH3UmOKOhHv21&passive=1209600&flowName=GlifWebSignIn&flowEntry=ServiceLogin line 1331 > injectedScript line 2 > eval line 5834 > eval line 1 > eval, line 1: unreachable code after return statement
JavaScript warning: https://accounts.google.com/v3/signin/identifier?continue=https%3A%2F%2Faccounts.google.com%2F&dsh=S1846660480%3A1773811465153785&followup=https%3A%2F%2Faccounts.google.com%2F&ifkv=ASfE1-qPJjKXE3EsOUvfwmrAEn-4PyYrausj-P_sW1ukcdZoVj9Zly24MGyUBPHVH3UmOKOhHv21&passive=1209600&flowName=GlifWebSignIn&flowEntry=ServiceLogin line 1331 > injectedScript line 2 > eval line 5834 > eval line 1 > eval, line 1: unreachable code after return statement
JavaScript warning: https://accounts.google.com/v3/signin/identifier?continue=https%3A%2F%2Faccounts.google.com%2F&dsh=S1846660480%3A1773811465153785&followup=https%3A%2F%2Faccounts.google.com%2F&ifkv=ASfE1-qPJjKXE3EsOUvfwmrAEn-4PyYrausj-P_sW1ukcdZoVj9Zly24MGyUBPHVH3UmOKOhHv21&passive=1209600&flowName=GlifWebSignIn&flowEntry=ServiceLogin line 1331 > injectedScript line 2 > eval line 5834 > eval line 1 > eval line 1 > eval, line 1: unreachable code after return statement
JavaScript warning: https://accounts.google.com/v3/signin/identifier?continue=https%3A%2F%2Faccounts.google.com%2F&dsh=S1846660480%3A1773811465153785&followup=https%3A%2F%2Faccounts.google.com%2F&ifkv=ASfE1-qPJjKXE3EsOUvfwmrAEn-4PyYrausj-P_sW1ukcdZoVj9Zly24MGyUBPHVH3UmOKOhHv21&passive=1209600&flowName=GlifWebSignIn&flowEntry=ServiceLogin line 1331 > injectedScript line 2 > eval line 5834 > eval line 1 > eval line 1 > eval, line 1: unreachable code after return statement
JavaScript warning: https://accounts.google.com/v3/signin/identifier?continue=https%3A%2F%2Faccounts.google.com%2F&dsh=S1846660480%3A1773811465153785&followup=https%3A%2F%2Faccounts.google.com%2F&ifkv=ASfE1-qPJjKXE3EsOUvfwmrAEn-4PyYrausj-P_sW1ukcdZoVj9Zly24MGyUBPHVH3UmOKOhHv21&passive=1209600&flowName=GlifWebSignIn&flowEntry=ServiceLogin line 1331 > injectedScript line 2 > eval line 5834 > eval line 1 > eval line 1 > eval, line 1: unreachable code after return statement
JavaScript warning: https://accounts.google.com/v3/signin/identifier?continue=https%3A%2F%2Faccounts.google.com%2F&dsh=S1846660480%3A1773811465153785&followup=https%3A%2F%2Faccounts.google.com%2F&ifkv=ASfE1-qPJjKXE3EsOUvfwmrAEn-4PyYrausj-P_sW1ukcdZoVj9Zly24MGyUBPHVH3UmOKOhHv21&passive=1209600&flowName=GlifWebSignIn&flowEntry=ServiceLogin line 1331 > injectedScript, line 6813: unreachable code after return statement
JavaScript warning: https://accounts.google.com/v3/signin/identifier?continue=https%3A%2F%2Faccounts.google.com%2F&dsh=S1846660480%3A1773811465153785&followup=https%3A%2F%2Faccounts.google.com%2F&ifkv=ASfE1-qPJjKXE3EsOUvfwmrAEn-4PyYrausj-P_sW1ukcdZoVj9Zly24MGyUBPHVH3UmOKOhHv21&passive=1209600&flowName=GlifWebSignIn&flowEntry=ServiceLogin line 1331 > injectedScript, line 6813: unreachable code after return statement
JavaScript warning: https://accounts.google.com/v3/signin/identifier?continue=https%3A%2F%2Faccounts.google.com%2F&dsh=S1846660480%3A1773811465153785&followup=https%3A%2F%2Faccounts.google.com%2F&ifkv=ASfE1-qPJjKXE3EsOUvfwmrAEn-4PyYrausj-P_sW1ukcdZoVj9Zly24MGyUBPHVH3UmOKOhHv21&passive=1209600&flowName=GlifWebSignIn&flowEntry=ServiceLogin line 1331 > injectedScript, line 6813: unreachable code after return statement
JavaScript warning: https://accounts.google.com/v3/signin/identifier?continue=https%3A%2F%2Faccounts.google.com%2F&dsh=S1846660480%3A1773811465153785&followup=https%3A%2F%2Faccounts.google.com%2F&ifkv=ASfE1-qPJjKXE3EsOUvfwmrAEn-4PyYrausj-P_sW1ukcdZoVj9Zly24MGyUBPHVH3UmOKOhHv21&passive=1209600&flowName=GlifWebSignIn&flowEntry=ServiceLogin line 1331 > injectedScript, line 6813: unreachable code after return statement
JavaScript warning: https://accounts.google.com/v3/signin/identifier?continue=https%3A%2F%2Faccounts.google.com%2F&dsh=S1846660480%3A1773811465153785&followup=https%3A%2F%2Faccounts.google.com%2F&ifkv=ASfE1-qPJjKXE3EsOUvfwmrAEn-4PyYrausj-P_sW1ukcdZoVj9Zly24MGyUBPHVH3UmOKOhHv21&passive=1209600&flowName=GlifWebSignIn&flowEntry=ServiceLogin line 1331 > injectedScript, line 6813: unreachable code after return statement
JavaScript warning: https://accounts.google.com/v3/signin/identifier?continue=https%3A%2F%2Faccounts.google.com%2F&dsh=S1846660480%3A1773811465153785&followup=https%3A%2F%2Faccounts.google.com%2F&ifkv=ASfE1-qPJjKXE3EsOUvfwmrAEn-4PyYrausj-P_sW1ukcdZoVj9Zly24MGyUBPHVH3UmOKOhHv21&passive=1209600&flowName=GlifWebSignIn&flowEntry=ServiceLogin line 1331 > injectedScript, line 6813: unreachable code after return statement
JavaScript warning: https://accounts.google.com/v3/signin/identifier?continue=https%3A%2F%2Faccounts.google.com%2F&dsh=S1846660480%3A1773811465153785&followup=https%3A%2F%2Faccounts.google.com%2F&ifkv=ASfE1-qPJjKXE3EsOUvfwmrAEn-4PyYrausj-P_sW1ukcdZoVj9Zly24MGyUBPHVH3UmOKOhHv21&passive=1209600&flowName=GlifWebSignIn&flowEntry=ServiceLogin line 1331 > injectedScript line 2 > eval, line 6813: unreachable code after return statement
JavaScript warning: https://accounts.google.com/v3/signin/identifier?continue=https%3A%2F%2Faccounts.google.com%2F&dsh=S1846660480%3A1773811465153785&followup=https%3A%2F%2Faccounts.google.com%2F&ifkv=ASfE1-qPJjKXE3EsOUvfwmrAEn-4PyYrausj-P_sW1ukcdZoVj9Zly24MGyUBPHVH3UmOKOhHv21&passive=1209600&flowName=GlifWebSignIn&flowEntry=ServiceLogin line 1331 > injectedScript line 2 > eval, line 6813: unreachable code after return statement
JavaScript warning: https://accounts.google.com/v3/signin/identifier?continue=https%3A%2F%2Faccounts.google.com%2F&dsh=S1846660480%3A1773811465153785&followup=https%3A%2F%2Faccounts.google.com%2F&ifkv=ASfE1-qPJjKXE3EsOUvfwmrAEn-4PyYrausj-P_sW1ukcdZoVj9Zly24MGyUBPHVH3UmOKOhHv21&passive=1209600&flowName=GlifWebSignIn&flowEntry=ServiceLogin line 1331 > injectedScript line 2 > eval, line 6813: unreachable code after return statement
JavaScript warning: https://accounts.google.com/v3/signin/identifier?continue=https%3A%2F%2Faccounts.google.com%2F&dsh=S1846660480%3A1773811465153785&followup=https%3A%2F%2Faccounts.google.com%2F&ifkv=ASfE1-qPJjKXE3EsOUvfwmrAEn-4PyYrausj-P_sW1ukcdZoVj9Zly24MGyUBPHVH3UmOKOhHv21&passive=1209600&flowName=GlifWebSignIn&flowEntry=ServiceLogin line 1331 > injectedScript line 2 > eval, line 6813: unreachable code after return statement
JavaScript warning: https://accounts.google.com/v3/signin/identifier?continue=https%3A%2F%2Faccounts.google.com%2F&dsh=S1846660480%3A1773811465153785&followup=https%3A%2F%2Faccounts.google.com%2F&ifkv=ASfE1-qPJjKXE3EsOUvfwmrAEn-4PyYrausj-P_sW1ukcdZoVj9Zly24MGyUBPHVH3UmOKOhHv21&passive=1209600&flowName=GlifWebSignIn&flowEntry=ServiceLogin line 1331 > injectedScript line 2 > eval, line 1: unreachable code after return statement
JavaScript warning: https://accounts.google.com/v3/signin/identifier?continue=https%3A%2F%2Faccounts.google.com%2F&dsh=S1846660480%3A1773811465153785&followup=https%3A%2F%2Faccounts.google.com%2F&ifkv=ASfE1-qPJjKXE3EsOUvfwmrAEn-4PyYrausj-P_sW1ukcdZoVj9Zly24MGyUBPHVH3UmOKOhHv21&passive=1209600&flowName=GlifWebSignIn&flowEntry=ServiceLogin line 1331 > injectedScript line 2 > eval line 6813 > eval, line 1: unreachable code after return statement
JavaScript warning: https://accounts.google.com/v3/signin/identifier?continue=https%3A%2F%2Faccounts.google.com%2F&dsh=S1846660480%3A1773811465153785&followup=https%3A%2F%2Faccounts.google.com%2F&ifkv=ASfE1-qPJjKXE3EsOUvfwmrAEn-4PyYrausj-P_sW1ukcdZoVj9Zly24MGyUBPHVH3UmOKOhHv21&passive=1209600&flowName=GlifWebSignIn&flowEntry=ServiceLogin line 1331 > injectedScript line 2 > eval line 6813 > eval, line 1: unreachable code after return statement
JavaScript warning: https://accounts.google.com/v3/signin/identifier?continue=https%3A%2F%2Faccounts.google.com%2F&dsh=S1846660480%3A1773811465153785&followup=https%3A%2F%2Faccounts.google.com%2F&ifkv=ASfE1-qPJjKXE3EsOUvfwmrAEn-4PyYrausj-P_sW1ukcdZoVj9Zly24MGyUBPHVH3UmOKOhHv21&passive=1209600&flowName=GlifWebSignIn&flowEntry=ServiceLogin line 1331 > injectedScript line 2 > eval line 6813 > eval line 1 > eval, line 1: unreachable code after return statement
JavaScript warning: https://accounts.google.com/v3/signin/identifier?continue=https%3A%2F%2Faccounts.google.com%2F&dsh=S1846660480%3A1773811465153785&followup=https%3A%2F%2Faccounts.google.com%2F&ifkv=ASfE1-qPJjKXE3EsOUvfwmrAEn-4PyYrausj-P_sW1ukcdZoVj9Zly24MGyUBPHVH3UmOKOhHv21&passive=1209600&flowName=GlifWebSignIn&flowEntry=ServiceLogin line 1331 > injectedScript line 2 > eval, line 6813: unreachable code after return statement
JavaScript warning: https://accounts.google.com/v3/signin/identifier?continue=https%3A%2F%2Faccounts.google.com%2F&dsh=S1846660480%3A1773811465153785&followup=https%3A%2F%2Faccounts.google.com%2F&ifkv=ASfE1-qPJjKXE3EsOUvfwmrAEn-4PyYrausj-P_sW1ukcdZoVj9Zly24MGyUBPHVH3UmOKOhHv21&passive=1209600&flowName=GlifWebSignIn&flowEntry=ServiceLogin line 1331 > injectedScript line 2 > eval line 6813 > eval line 1 > eval, line 1: unreachable code after return statement
JavaScript warning: https://accounts.google.com/v3/signin/identifier?continue=https%3A%2F%2Faccounts.google.com%2F&dsh=S1846660480%3A1773811465153785&followup=https%3A%2F%2Faccounts.google.com%2F&ifkv=ASfE1-qPJjKXE3EsOUvfwmrAEn-4PyYrausj-P_sW1ukcdZoVj9Zly24MGyUBPHVH3UmOKOhHv21&passive=1209600&flowName=GlifWebSignIn&flowEntry=ServiceLogin line 1331 > injectedScript line 2 > eval line 6813 > eval line 1 > eval, line 1: unreachable code after return statement
JavaScript warning: https://accounts.google.com/v3/signin/identifier?continue=https%3A%2F%2Faccounts.google.com%2F&dsh=S1846660480%3A1773811465153785&followup=https%3A%2F%2Faccounts.google.com%2F&ifkv=ASfE1-qPJjKXE3EsOUvfwmrAEn-4PyYrausj-P_sW1ukcdZoVj9Zly24MGyUBPHVH3UmOKOhHv21&passive=1209600&flowName=GlifWebSignIn&flowEntry=ServiceLogin line 1331 > injectedScript line 2 > eval line 6813 > eval line 1 > eval, line 1: unreachable code after return statement
JavaScript warning: https://accounts.google.com/v3/signin/identifier?continue=https%3A%2F%2Faccounts.google.com%2F&dsh=S1846660480%3A1773811465153785&followup=https%3A%2F%2Faccounts.google.com%2F&ifkv=ASfE1-qPJjKXE3EsOUvfwmrAEn-4PyYrausj-P_sW1ukcdZoVj9Zly24MGyUBPHVH3UmOKOhHv21&passive=1209600&flowName=GlifWebSignIn&flowEntry=ServiceLogin line 1331 > injectedScript line 2 > eval line 6813 > eval line 1 > eval line 1 > eval, line 1: unreachable code after return statement
JavaScript warning: https://accounts.google.com/v3/signin/identifier?continue=https%3A%2F%2Faccounts.google.com%2F&dsh=S1846660480%3A1773811465153785&followup=https%3A%2F%2Faccounts.google.com%2F&ifkv=ASfE1-qPJjKXE3EsOUvfwmrAEn-4PyYrausj-P_sW1ukcdZoVj9Zly24MGyUBPHVH3UmOKOhHv21&passive=1209600&flowName=GlifWebSignIn&flowEntry=ServiceLogin line 1331 > injectedScript line 2 > eval line 6813 > eval line 1 > eval line 1 > eval, line 1: unreachable code after return statement
JavaScript warning: https://accounts.google.com/v3/signin/identifier?continue=https%3A%2F%2Faccounts.google.com%2F&dsh=S1846660480%3A1773811465153785&followup=https%3A%2F%2Faccounts.google.com%2F&ifkv=ASfE1-qPJjKXE3EsOUvfwmrAEn-4PyYrausj-P_sW1ukcdZoVj9Zly24MGyUBPHVH3UmOKOhHv21&passive=1209600&flowName=GlifWebSignIn&flowEntry=ServiceLogin line 1331 > injectedScript line 2 > eval line 6813 > eval line 1 > eval line 1 > eval, line 1: unreachable code after return statement
JavaScript warning: https://accounts.google.com/v3/signin/identifier?dsh=S-1707322308%3A1773811467171739&ifkv=ASfE1-pZsC6krxxPIdiVG59qYAz4nM3RZKBJ01OZ1sZ75NVEU6MRCcZHtF2Y2KSM-brS64kTBz-N&flowName=GlifWebSignIn&flowEntry=ServiceLogin line 1331 > injectedScript, line 4719: unreachable code after return statement
JavaScript warning: https://accounts.google.com/v3/signin/identifier?dsh=S-1707322308%3A1773811467171739&ifkv=ASfE1-pZsC6krxxPIdiVG59qYAz4nM3RZKBJ01OZ1sZ75NVEU6MRCcZHtF2Y2KSM-brS64kTBz-N&flowName=GlifWebSignIn&flowEntry=ServiceLogin line 1331 > injectedScript, line 4719: unreachable code after return statement
JavaScript warning: https://accounts.google.com/v3/signin/identifier?dsh=S-1707322308%3A1773811467171739&ifkv=ASfE1-pZsC6krxxPIdiVG59qYAz4nM3RZKBJ01OZ1sZ75NVEU6MRCcZHtF2Y2KSM-brS64kTBz-N&flowName=GlifWebSignIn&flowEntry=ServiceLogin line 1331 > injectedScript, line 4719: unreachable code after return statement
JavaScript warning: https://accounts.google.com/v3/signin/identifier?dsh=S-1707322308%3A1773811467171739&ifkv=ASfE1-pZsC6krxxPIdiVG59qYAz4nM3RZKBJ01OZ1sZ75NVEU6MRCcZHtF2Y2KSM-brS64kTBz-N&flowName=GlifWebSignIn&flowEntry=ServiceLogin line 1331 > injectedScript, line 4719: unreachable code after return statement
JavaScript warning: https://accounts.google.com/v3/signin/identifier?dsh=S-1707322308%3A1773811467171739&ifkv=ASfE1-pZsC6krxxPIdiVG59qYAz4nM3RZKBJ01OZ1sZ75NVEU6MRCcZHtF2Y2KSM-brS64kTBz-N&flowName=GlifWebSignIn&flowEntry=ServiceLogin line 1331 > injectedScript, line 4719: unreachable code after return statement
JavaScript warning: https://accounts.google.com/v3/signin/identifier?dsh=S-1707322308%3A1773811467171739&ifkv=ASfE1-pZsC6krxxPIdiVG59qYAz4nM3RZKBJ01OZ1sZ75NVEU6MRCcZHtF2Y2KSM-brS64kTBz-N&flowName=GlifWebSignIn&flowEntry=ServiceLogin line 1331 > injectedScript, line 4719: unreachable code after return statement
JavaScript warning: https://accounts.google.com/v3/signin/identifier?dsh=S-1707322308%3A1773811467171739&ifkv=ASfE1-pZsC6krxxPIdiVG59qYAz4nM3RZKBJ01OZ1sZ75NVEU6MRCcZHtF2Y2KSM-brS64kTBz-N&flowName=GlifWebSignIn&flowEntry=ServiceLogin line 1331 > injectedScript line 2 > eval, line 4719: unreachable code after return statement
JavaScript warning: https://accounts.google.com/v3/signin/identifier?dsh=S-1707322308%3A1773811467171739&ifkv=ASfE1-pZsC6krxxPIdiVG59qYAz4nM3RZKBJ01OZ1sZ75NVEU6MRCcZHtF2Y2KSM-brS64kTBz-N&flowName=GlifWebSignIn&flowEntry=ServiceLogin line 1331 > injectedScript line 2 > eval, line 4719: unreachable code after return statement
JavaScript warning: https://accounts.google.com/v3/signin/identifier?dsh=S-1707322308%3A1773811467171739&ifkv=ASfE1-pZsC6krxxPIdiVG59qYAz4nM3RZKBJ01OZ1sZ75NVEU6MRCcZHtF2Y2KSM-brS64kTBz-N&flowName=GlifWebSignIn&flowEntry=ServiceLogin line 1331 > injectedScript line 2 > eval, line 4719: unreachable code after return statement
JavaScript warning: https://accounts.google.com/v3/signin/identifier?dsh=S-1707322308%3A1773811467171739&ifkv=ASfE1-pZsC6krxxPIdiVG59qYAz4nM3RZKBJ01OZ1sZ75NVEU6MRCcZHtF2Y2KSM-brS64kTBz-N&flowName=GlifWebSignIn&flowEntry=ServiceLogin line 1331 > injectedScript line 2 > eval, line 4719: unreachable code after return statement
JavaScript warning: https://accounts.google.com/v3/signin/identifier?dsh=S-1707322308%3A1773811467171739&ifkv=ASfE1-pZsC6krxxPIdiVG59qYAz4nM3RZKBJ01OZ1sZ75NVEU6MRCcZHtF2Y2KSM-brS64kTBz-N&flowName=GlifWebSignIn&flowEntry=ServiceLogin line 1331 > injectedScript line 2 > eval, line 1: unreachable code after return statement
JavaScript warning: https://accounts.google.com/v3/signin/identifier?dsh=S-1707322308%3A1773811467171739&ifkv=ASfE1-pZsC6krxxPIdiVG59qYAz4nM3RZKBJ01OZ1sZ75NVEU6MRCcZHtF2Y2KSM-brS64kTBz-N&flowName=GlifWebSignIn&flowEntry=ServiceLogin line 1331 > injectedScript line 2 > eval line 4719 > eval, line 1: unreachable code after return statement
JavaScript warning: https://accounts.google.com/v3/signin/identifier?dsh=S-1707322308%3A1773811467171739&ifkv=ASfE1-pZsC6krxxPIdiVG59qYAz4nM3RZKBJ01OZ1sZ75NVEU6MRCcZHtF2Y2KSM-brS64kTBz-N&flowName=GlifWebSignIn&flowEntry=ServiceLogin line 1331 > injectedScript line 2 > eval line 4719 > eval, line 1: unreachable code after return statement
JavaScript warning: https://accounts.google.com/v3/signin/identifier?dsh=S-1707322308%3A1773811467171739&ifkv=ASfE1-pZsC6krxxPIdiVG59qYAz4nM3RZKBJ01OZ1sZ75NVEU6MRCcZHtF2Y2KSM-brS64kTBz-N&flowName=GlifWebSignIn&flowEntry=ServiceLogin line 1331 > injectedScript line 2 > eval line 4719 > eval line 1 > eval, line 1: unreachable code after return statement
JavaScript warning: https://accounts.google.com/v3/signin/identifier?dsh=S-1707322308%3A1773811467171739&ifkv=ASfE1-pZsC6krxxPIdiVG59qYAz4nM3RZKBJ01OZ1sZ75NVEU6MRCcZHtF2Y2KSM-brS64kTBz-N&flowName=GlifWebSignIn&flowEntry=ServiceLogin line 1331 > injectedScript line 2 > eval, line 4719: unreachable code after return statement
JavaScript warning: https://accounts.google.com/v3/signin/identifier?dsh=S-1707322308%3A1773811467171739&ifkv=ASfE1-pZsC6krxxPIdiVG59qYAz4nM3RZKBJ01OZ1sZ75NVEU6MRCcZHtF2Y2KSM-brS64kTBz-N&flowName=GlifWebSignIn&flowEntry=ServiceLogin line 1331 > injectedScript line 2 > eval line 4719 > eval line 1 > eval, line 1: unreachable code after return statement
JavaScript warning: https://accounts.google.com/v3/signin/identifier?dsh=S-1707322308%3A1773811467171739&ifkv=ASfE1-pZsC6krxxPIdiVG59qYAz4nM3RZKBJ01OZ1sZ75NVEU6MRCcZHtF2Y2KSM-brS64kTBz-N&flowName=GlifWebSignIn&flowEntry=ServiceLogin line 1331 > injectedScript line 2 > eval line 4719 > eval line 1 > eval, line 1: unreachable code after return statement
JavaScript warning: https://accounts.google.com/v3/signin/identifier?dsh=S-1707322308%3A1773811467171739&ifkv=ASfE1-pZsC6krxxPIdiVG59qYAz4nM3RZKBJ01OZ1sZ75NVEU6MRCcZHtF2Y2KSM-brS64kTBz-N&flowName=GlifWebSignIn&flowEntry=ServiceLogin line 1331 > injectedScript line 2 > eval line 4719 > eval line 1 > eval, line 1: unreachable code after return statement
JavaScript warning: https://accounts.google.com/v3/signin/identifier?dsh=S-1707322308%3A1773811467171739&ifkv=ASfE1-pZsC6krxxPIdiVG59qYAz4nM3RZKBJ01OZ1sZ75NVEU6MRCcZHtF2Y2KSM-brS64kTBz-N&flowName=GlifWebSignIn&flowEntry=ServiceLogin line 1331 > injectedScript line 2 > eval line 4719 > eval line 1 > eval line 1 > eval, line 1: unreachable code after return statement
JavaScript warning: https://accounts.google.com/v3/signin/identifier?dsh=S-1707322308%3A1773811467171739&ifkv=ASfE1-pZsC6krxxPIdiVG59qYAz4nM3RZKBJ01OZ1sZ75NVEU6MRCcZHtF2Y2KSM-brS64kTBz-N&flowName=GlifWebSignIn&flowEntry=ServiceLogin line 1331 > injectedScript line 2 > eval line 4719 > eval line 1 > eval line 1 > eval, line 1: unreachable code after return statement
JavaScript warning: https://accounts.google.com/v3/signin/identifier?dsh=S-1707322308%3A1773811467171739&ifkv=ASfE1-pZsC6krxxPIdiVG59qYAz4nM3RZKBJ01OZ1sZ75NVEU6MRCcZHtF2Y2KSM-brS64kTBz-N&flowName=GlifWebSignIn&flowEntry=ServiceLogin line 1331 > injectedScript line 2 > eval line 4719 > eval line 1 > eval line 1 > eval, line 1: unreachable code after return statement
JavaScript warning: https://accounts.google.com/v3/signin/identifier?dsh=S-1707322308%3A1773811467171739&ifkv=ASfE1-pZsC6krxxPIdiVG59qYAz4nM3RZKBJ01OZ1sZ75NVEU6MRCcZHtF2Y2KSM-brS64kTBz-N&flowName=GlifWebSignIn&flowEntry=ServiceLogin line 1331 > injectedScript, line 1426: unreachable code after return statement
JavaScript warning: https://accounts.google.com/v3/signin/identifier?dsh=S-1707322308%3A1773811467171739&ifkv=ASfE1-pZsC6krxxPIdiVG59qYAz4nM3RZKBJ01OZ1sZ75NVEU6MRCcZHtF2Y2KSM-brS64kTBz-N&flowName=GlifWebSignIn&flowEntry=ServiceLogin line 1331 > injectedScript, line 1426: unreachable code after return statement
JavaScript warning: https://accounts.google.com/v3/signin/identifier?dsh=S-1707322308%3A1773811467171739&ifkv=ASfE1-pZsC6krxxPIdiVG59qYAz4nM3RZKBJ01OZ1sZ75NVEU6MRCcZHtF2Y2KSM-brS64kTBz-N&flowName=GlifWebSignIn&flowEntry=ServiceLogin line 1331 > injectedScript, line 1426: unreachable code after return statement
JavaScript warning: https://accounts.google.com/v3/signin/identifier?dsh=S-1707322308%3A1773811467171739&ifkv=ASfE1-pZsC6krxxPIdiVG59qYAz4nM3RZKBJ01OZ1sZ75NVEU6MRCcZHtF2Y2KSM-brS64kTBz-N&flowName=GlifWebSignIn&flowEntry=ServiceLogin line 1331 > injectedScript, line 1426: unreachable code after return statement
JavaScript warning: https://accounts.google.com/v3/signin/identifier?dsh=S-1707322308%3A1773811467171739&ifkv=ASfE1-pZsC6krxxPIdiVG59qYAz4nM3RZKBJ01OZ1sZ75NVEU6MRCcZHtF2Y2KSM-brS64kTBz-N&flowName=GlifWebSignIn&flowEntry=ServiceLogin line 1331 > injectedScript, line 1426: unreachable code after return statement
JavaScript warning: https://accounts.google.com/v3/signin/identifier?dsh=S-1707322308%3A1773811467171739&ifkv=ASfE1-pZsC6krxxPIdiVG59qYAz4nM3RZKBJ01OZ1sZ75NVEU6MRCcZHtF2Y2KSM-brS64kTBz-N&flowName=GlifWebSignIn&flowEntry=ServiceLogin line 1331 > injectedScript, line 1426: unreachable code after return statement
JavaScript warning: https://accounts.google.com/v3/signin/identifier?dsh=S-1707322308%3A1773811467171739&ifkv=ASfE1-pZsC6krxxPIdiVG59qYAz4nM3RZKBJ01OZ1sZ75NVEU6MRCcZHtF2Y2KSM-brS64kTBz-N&flowName=GlifWebSignIn&flowEntry=ServiceLogin line 1331 > injectedScript line 2 > eval, line 1426: unreachable code after return statement
JavaScript warning: https://accounts.google.com/v3/signin/identifier?dsh=S-1707322308%3A1773811467171739&ifkv=ASfE1-pZsC6krxxPIdiVG59qYAz4nM3RZKBJ01OZ1sZ75NVEU6MRCcZHtF2Y2KSM-brS64kTBz-N&flowName=GlifWebSignIn&flowEntry=ServiceLogin line 1331 > injectedScript line 2 > eval, line 1426: unreachable code after return statement
JavaScript warning: https://accounts.google.com/v3/signin/identifier?dsh=S-1707322308%3A1773811467171739&ifkv=ASfE1-pZsC6krxxPIdiVG59qYAz4nM3RZKBJ01OZ1sZ75NVEU6MRCcZHtF2Y2KSM-brS64kTBz-N&flowName=GlifWebSignIn&flowEntry=ServiceLogin line 1331 > injectedScript line 2 > eval, line 1426: unreachable code after return statement
JavaScript warning: https://accounts.google.com/v3/signin/identifier?dsh=S-1707322308%3A1773811467171739&ifkv=ASfE1-pZsC6krxxPIdiVG59qYAz4nM3RZKBJ01OZ1sZ75NVEU6MRCcZHtF2Y2KSM-brS64kTBz-N&flowName=GlifWebSignIn&flowEntry=ServiceLogin line 1331 > injectedScript line 2 > eval, line 1426: unreachable code after return statement
JavaScript warning: https://accounts.google.com/v3/signin/identifier?dsh=S-1707322308%3A1773811467171739&ifkv=ASfE1-pZsC6krxxPIdiVG59qYAz4nM3RZKBJ01OZ1sZ75NVEU6MRCcZHtF2Y2KSM-brS64kTBz-N&flowName=GlifWebSignIn&flowEntry=ServiceLogin line 1331 > injectedScript line 2 > eval, line 1: unreachable code after return statement
JavaScript warning: https://accounts.google.com/v3/signin/identifier?dsh=S-1707322308%3A1773811467171739&ifkv=ASfE1-pZsC6krxxPIdiVG59qYAz4nM3RZKBJ01OZ1sZ75NVEU6MRCcZHtF2Y2KSM-brS64kTBz-N&flowName=GlifWebSignIn&flowEntry=ServiceLogin line 1331 > injectedScript line 2 > eval line 1426 > eval, line 1: unreachable code after return statement
JavaScript warning: https://accounts.google.com/v3/signin/identifier?dsh=S-1707322308%3A1773811467171739&ifkv=ASfE1-pZsC6krxxPIdiVG59qYAz4nM3RZKBJ01OZ1sZ75NVEU6MRCcZHtF2Y2KSM-brS64kTBz-N&flowName=GlifWebSignIn&flowEntry=ServiceLogin line 1331 > injectedScript line 2 > eval line 1426 > eval, line 1: unreachable code after return statement
JavaScript warning: https://accounts.google.com/v3/signin/identifier?dsh=S-1707322308%3A1773811467171739&ifkv=ASfE1-pZsC6krxxPIdiVG59qYAz4nM3RZKBJ01OZ1sZ75NVEU6MRCcZHtF2Y2KSM-brS64kTBz-N&flowName=GlifWebSignIn&flowEntry=ServiceLogin line 1331 > injectedScript line 2 > eval line 1426 > eval line 1 > eval, line 1: unreachable code after return statement
JavaScript warning: https://accounts.google.com/v3/signin/identifier?dsh=S-1707322308%3A1773811467171739&ifkv=ASfE1-pZsC6krxxPIdiVG59qYAz4nM3RZKBJ01OZ1sZ75NVEU6MRCcZHtF2Y2KSM-brS64kTBz-N&flowName=GlifWebSignIn&flowEntry=ServiceLogin line 1331 > injectedScript line 2 > eval, line 1426: unreachable code after return statement
JavaScript warning: https://accounts.google.com/v3/signin/identifier?dsh=S-1707322308%3A1773811467171739&ifkv=ASfE1-pZsC6krxxPIdiVG59qYAz4nM3RZKBJ01OZ1sZ75NVEU6MRCcZHtF2Y2KSM-brS64kTBz-N&flowName=GlifWebSignIn&flowEntry=ServiceLogin line 1331 > injectedScript line 2 > eval line 1426 > eval line 1 > eval, line 1: unreachable code after return statement
JavaScript warning: https://accounts.google.com/v3/signin/identifier?dsh=S-1707322308%3A1773811467171739&ifkv=ASfE1-pZsC6krxxPIdiVG59qYAz4nM3RZKBJ01OZ1sZ75NVEU6MRCcZHtF2Y2KSM-brS64kTBz-N&flowName=GlifWebSignIn&flowEntry=ServiceLogin line 1331 > injectedScript line 2 > eval line 1426 > eval line 1 > eval, line 1: unreachable code after return statement
JavaScript warning: https://accounts.google.com/v3/signin/identifier?dsh=S-1707322308%3A1773811467171739&ifkv=ASfE1-pZsC6krxxPIdiVG59qYAz4nM3RZKBJ01OZ1sZ75NVEU6MRCcZHtF2Y2KSM-brS64kTBz-N&flowName=GlifWebSignIn&flowEntry=ServiceLogin line 1331 > injectedScript line 2 > eval line 1426 > eval line 1 > eval, line 1: unreachable code after return statement
JavaScript warning: https://accounts.google.com/v3/signin/identifier?dsh=S-1707322308%3A1773811467171739&ifkv=ASfE1-pZsC6krxxPIdiVG59qYAz4nM3RZKBJ01OZ1sZ75NVEU6MRCcZHtF2Y2KSM-brS64kTBz-N&flowName=GlifWebSignIn&flowEntry=ServiceLogin line 1331 > injectedScript line 2 > eval line 1426 > eval line 1 > eval line 1 > eval, line 1: unreachable code after return statement
JavaScript warning: https://accounts.google.com/v3/signin/identifier?dsh=S-1707322308%3A1773811467171739&ifkv=ASfE1-pZsC6krxxPIdiVG59qYAz4nM3RZKBJ01OZ1sZ75NVEU6MRCcZHtF2Y2KSM-brS64kTBz-N&flowName=GlifWebSignIn&flowEntry=ServiceLogin line 1331 > injectedScript line 2 > eval line 1426 > eval line 1 > eval line 1 > eval, line 1: unreachable code after return statement
JavaScript warning: https://accounts.google.com/v3/signin/identifier?dsh=S-1707322308%3A1773811467171739&ifkv=ASfE1-pZsC6krxxPIdiVG59qYAz4nM3RZKBJ01OZ1sZ75NVEU6MRCcZHtF2Y2KSM-brS64kTBz-N&flowName=GlifWebSignIn&flowEntry=ServiceLogin line 1331 > injectedScript line 2 > eval line 1426 > eval line 1 > eval line 1 > eval, line 1: unreachable code after return statement
Can't find symbol 'eglSwapBuffersWithDamageEXT'.
[Parent 10016, Gecko_IOThread] WARNING: file /builds/worker/checkouts/gecko/ipc/chromium/src/base/process_util_win.cc, line 166
1773811521207	Marionette	INFO	Stopped listening on port 64461

###!!! [Child][MessageChannel::SendAndWait] Error: Channel error: cannot send/recv

1773811828352	geckodriver	INFO	Listening on 127.0.0.1:49814
1773811843524	geckodriver	INFO	Listening on 127.0.0.1:49856
1773811961830	geckodriver	INFO	Listening on 127.0.0.1:49412
1773811964892	mozrunner::runner	INFO	Running command: "C:\\Users\\chipc\\Desktop\\techlaai_automation\\gmail_automation\\Firefox\\firefox.exe" "--marionette" "-profile" "C:\\Users\\chipc\\Desktop\\techlaai_automation\\gmail_automation\\firefox_profiles\\nguyentrungda615" "--no-sandbox" "--start-maximized" "--disable-dev-shm-usage" "--disable-blink-features=AutomationControlled" "--disable-web-security" "--ignore-certificate-errors" "--disable-notifications" "--disable-infobars" "--disable-extensions" "--remote-debugging-port" "49413" "-no-remote"
console.warn: services.settings: Ignoring preference override of remote settings server
console.warn: services.settings: Allow by setting MOZ_REMOTE_SETTINGS_DEVTOOLS=1 in the environment
1773811965924	Marionette	INFO	Marionette enabled
Dynamically enable window occlusion 0
1773811965929	Marionette	INFO	Listening on port 49419
console.error: "Warning: unrecognized command line flag -no-sandbox\n"
console.error: "Warning: unrecognized command line flag -disable-dev-shm-usage\n"
console.error: "Warning: unrecognized command line flag -disable-web-security\n"
console.error: "Warning: unrecognized command line flag -disable-notifications\n"
console.error: "Warning: unrecognized command line flag -disable-extensions\n"
WebDriver BiDi listening on ws://127.0.0.1:49413
1773811966099	RemoteAgent	WARN	TLS certificate errors will be ignored for this session
[Child 332, Main Thread] WARNING: JSWindowActorChild::SendRawMessage (Conduits, ConduitClosed) not sent: !CanSend() || !mManager || !mManager->CanSend(): file C:/mozilla-build/msys/firefox/dom/ipc/jsactor/JSWindowActorChild.cpp:57
[Child 332, Main Thread] WARNING: JSWindowActorChild::SendRawMessage (Conduits, ConduitClosed) not sent: !CanSend() || !mManager || !mManager->CanSend(): file C:/mozilla-build/msys/firefox/dom/ipc/jsactor/JSWindowActorChild.cpp:57
console.error: (new SyntaxError("The URI is malformed.", (void 0), 133))
console.error: (new SyntaxError("The URI is malformed.", (void 0), 133))
console.warn: "nsPrompter: isThirdPartyURI failed: [Exception... \"Component returned failure code: 0x80070057 (NS_ERROR_ILLEGAL_VALUE) [nsIPrincipal.isThirdPartyURI]\"  nsresult: \"0x80070057 (NS_ERROR_ILLEGAL_VALUE)\"  location: \"JS frame :: resource://gre/modules/Prompter.sys.mjs :: openPrompt :: line 1131\"  data: no]"
console.error: (new SyntaxError("The URI is malformed.", (void 0), 133))
console.error: (new SyntaxError("The URI is malformed.", (void 0), 133))
[ERROR glean_core] Error setting metrics feature config: Json(Error("EOF while parsing a value", line: 1, column: 0))
[Child 332, Main Thread] WARNING: JSWindowActorChild::SendRawMessage (Conduits, ConduitClosed) not sent: !CanSend() || !mManager || !mManager->CanSend(): file C:/mozilla-build/msys/firefox/dom/ipc/jsactor/JSWindowActorChild.cpp:57
[Child 332, Main Thread] WARNING: JSWindowActorChild::SendRawMessage (Conduits, ConduitClosed) not sent: !CanSend() || !mManager || !mManager->CanSend(): file C:/mozilla-build/msys/firefox/dom/ipc/jsactor/JSWindowActorChild.cpp:57
[Child 332, Main Thread] WARNING: JSWindowActorChild::SendRawMessage (Conduits, ConduitClosed) not sent: !CanSend() || !mManager || !mManager->CanSend(): file C:/mozilla-build/msys/firefox/dom/ipc/jsactor/JSWindowActorChild.cpp:57
[Child 332, Main Thread] WARNING: JSWindowActorChild::SendRawMessage (Conduits, ConduitClosed) not sent: !CanSend() || !mManager || !mManager->CanSend(): file C:/mozilla-build/msys/firefox/dom/ipc/jsactor/JSWindowActorChild.cpp:57
[Child 332, Main Thread] WARNING: JSWindowActorChild::SendRawMessage (Conduits, ConduitClosed) not sent: !CanSend() || !mManager || !mManager->CanSend(): file C:/mozilla-build/msys/firefox/dom/ipc/jsactor/JSWindowActorChild.cpp:57
[Child 332, Main Thread] WARNING: JSWindowActorChild::SendRawMessage (Conduits, ConduitClosed) not sent: !CanSend() || !mManager || !mManager->CanSend(): file C:/mozilla-build/msys/firefox/dom/ipc/jsactor/JSWindowActorChild.cpp:57
[Child 332, Main Thread] WARNING: JSWindowActorChild::SendRawMessage (Conduits, ConduitClosed) not sent: !CanSend() || !mManager || !mManager->CanSend(): file C:/mozilla-build/msys/firefox/dom/ipc/jsactor/JSWindowActorChild.cpp:57
1773811968319	Marionette	INFO	Stopped listening on port 49419
Dynamically enable window occlusion 1
1773811972650	geckodriver	INFO	Listening on 127.0.0.1:49446
1773811975777	mozrunner::runner	INFO	Running command: "C:\\Users\\chipc\\Desktop\\techlaai_automation\\gmail_automation\\Firefox\\firefox.exe" "--marionette" "-profile" "C:\\Users\\chipc\\Desktop\\techlaai_automation\\gmail_automation\\firefox_profiles\\nguyentrungda615" "--no-sandbox" "--start-maximized" "--disable-dev-shm-usage" "--disable-blink-features=AutomationControlled" "--disable-web-security" "--ignore-certificate-errors" "--disable-notifications" "--disable-infobars" "--disable-extensions" "--remote-debugging-port" "49447" "-no-remote"
console.warn: services.settings: Ignoring preference override of remote settings server
console.warn: services.settings: Allow by setting MOZ_REMOTE_SETTINGS_DEVTOOLS=1 in the environment
1773811976284	Marionette	INFO	Marionette enabled
1773811976289	Marionette	INFO	Listening on port 49466
console.error: "Warning: unrecognized command line flag -no-sandbox\n"
console.error: "Warning: unrecognized command line flag -disable-dev-shm-usage\n"
console.error: "Warning: unrecognized command line flag -disable-web-security\n"
console.error: "Warning: unrecognized command line flag -disable-notifications\n"
console.error: "Warning: unrecognized command line flag -disable-extensions\n"
WebDriver BiDi listening on ws://127.0.0.1:49447
1773811976420	RemoteAgent	WARN	TLS certificate errors will be ignored for this session
[Child 15500, Main Thread] WARNING: JSWindowActorChild::SendRawMessage (Conduits, ConduitClosed) not sent: !CanSend() || !mManager || !mManager->CanSend(): file C:/mozilla-build/msys/firefox/dom/ipc/jsactor/JSWindowActorChild.cpp:57
[Child 15500, Main Thread] WARNING: JSWindowActorChild::SendRawMessage (Conduits, ConduitClosed) not sent: !CanSend() || !mManager || !mManager->CanSend(): file C:/mozilla-build/msys/firefox/dom/ipc/jsactor/JSWindowActorChild.cpp:57
console.error: (new SyntaxError("The URI is malformed.", (void 0), 133))
console.error: (new SyntaxError("The URI is malformed.", (void 0), 133))
console.error: (new SyntaxError("The URI is malformed.", (void 0), 133))
console.error: (new SyntaxError("The URI is malformed.", (void 0), 133))
console.error: (new SyntaxError("The URI is malformed.", (void 0), 133))
[ERROR glean_core] Error setting metrics feature config: Json(Error("EOF while parsing a value", line: 1, column: 0))
1773812212998	geckodriver	INFO	Listening on 127.0.0.1:51915
1773812216094	mozrunner::runner	INFO	Running command: "C:\\Users\\chipc\\Desktop\\techlaai_automation\\gmail_automation\\FirefoxPortable\\App\\Firefox64\\firefox.exe" "--marionette" "-profile" "C:\\Users\\chipc\\Desktop\\techlaai_automation\\gmail_automation\\firefox_profiles\\nguyentrungda615" "--no-sandbox" "--start-maximized" "--disable-dev-shm-usage" "--disable-blink-features=AutomationControlled" "--disable-web-security" "--ignore-certificate-errors" "--disable-notifications" "--disable-infobars" "--disable-extensions" "--remote-debugging-port" "51916" "-no-remote"
[GFX1-]: shader-cache: Shader disk cache is not supported
[2026-03-18T05:36:56Z ERROR webrender_bindings::program_cache] shader-cache: Shader disk cache is not supported
1773812251325	geckodriver	INFO	Listening on 127.0.0.1:63849
1773812254418	mozrunner::runner	INFO	Running command: "C:\\Users\\chipc\\Desktop\\techlaai_automation\\gmail_automation\\FirefoxPortable\\App\\Firefox64\\firefox.exe" "--marionette" "-profile" "C:\\Users\\chipc\\Desktop\\techlaai_automation\\gmail_automation\\firefox_profiles\\nguyentrungda615" "--no-sandbox" "--start-maximized" "--disable-dev-shm-usage" "--disable-blink-features=AutomationControlled" "--disable-web-security" "--ignore-certificate-errors" "--disable-notifications" "--disable-infobars" "--disable-extensions" "--remote-debugging-port" "63850" "-no-remote"
Missing chrome or resource URL: resource://gre/modules/nsAsyncShutdown.jsm
Missing chrome or resource URL: resource://gre/modules/nsAsyncShutdown.jsm
Missing chrome or resource URL: resource://gre/modules/nsAsyncShutdown.jsm
Missing chrome or resource URL: resource://gre/modules/nsAsyncShutdown.jsm
Missing chrome or resource URL: resource://gre/modules/nsAsyncShutdown.jsm
Missing chrome or resource URL: resource://gre/modules/nsAsyncShutdown.jsm
Missing chrome or resource URL: resource://gre/modules/nsAsyncShutdown.jsm
Missing chrome or resource URL: resource://gre/modules/nsAsyncShutdown.jsm
Missing chrome or resource URL: resource://gre-resources/noscript.css
1773812263170	geckodriver	INFO	Listening on 127.0.0.1:53279
1773812266235	mozrunner::runner	INFO	Running command: "C:\\Users\\chipc\\Desktop\\techlaai_automation\\gmail_automation\\FirefoxPortable\\App\\Firefox64\\firefox.exe" "--marionette" "-profile" "C:\\Users\\chipc\\Desktop\\techlaai_automation\\gmail_automation\\firefox_profiles\\chipchip7a2" "--no-sandbox" "--start-maximized" "--disable-dev-shm-usage" "--disable-blink-features=AutomationControlled" "--disable-web-security" "--ignore-certificate-errors" "--disable-notifications" "--disable-infobars" "--disable-extensions" "--remote-debugging-port" "53280" "-no-remote"
Missing chrome or resource URL: resource://gre/modules/MainProcessSingleton.jsm
Missing chrome or resource URL: resource:///modules/BrowserGlue.jsm
Missing chrome or resource URL: resource://gre/modules/EnterprisePolicies.jsm
Missing chrome or resource URL: resource://gre/modules/addonManager.js
Missing chrome or resource URL: resource://gre/modules/nsAsyncShutdown.jsm
1773812739878	geckodriver	INFO	Listening on 127.0.0.1:63086
1773812742954	mozrunner::runner	INFO	Running command: "C:\\Users\\chipc\\Desktop\\techlaai_automation\\gmail_automation\\FirefoxPortable\\App\\Firefox64\\firefox.exe" "--marionette" "-profile" "C:\\Users\\chipc\\Desktop\\techlaai_automation\\gmail_automation\\firefox_profiles\\nguyentrungda615" "--remote-debugging-port" "63087" "-no-remote"
console.warn: services.settings: Ignoring preference override of remote settings server
console.warn: services.settings: Allow by setting MOZ_REMOTE_SETTINGS_DEVTOOLS=1 in the environment
Dynamically enable window occlusion 0
1773812744067	Marionette	INFO	Marionette enabled
1773812744172	Marionette	INFO	Listening on port 63110
WebDriver BiDi listening on ws://127.0.0.1:63087
1773812744615	RemoteAgent	WARN	TLS certificate errors will be ignored for this session
console.error: "Prompter: internal dialogs not available in this context. Falling back to window prompt."
console.error: "Prompter: internal dialogs not available in this context. Falling back to window prompt."
console.error: "Prompter: internal dialogs not available in this context. Falling back to window prompt."
console.error: "Prompter: internal dialogs not available in this context. Falling back to window prompt."
console.error: "Prompter: internal dialogs not available in this context. Falling back to window prompt."
console.error: "Prompter: internal dialogs not available in this context. Falling back to window prompt."
console.error: "Prompter: internal dialogs not available in this context. Falling back to window prompt."
console.error: "Prompter: internal dialogs not available in this context. Falling back to window prompt."
console.error: "Prompter: internal dialogs not available in this context. Falling back to window prompt."
console.error: "Prompter: internal dialogs not available in this context. Falling back to window prompt."
console.error: "Prompter: internal dialogs not available in this context. Falling back to window prompt."
console.error: "Prompter: internal dialogs not available in this context. Falling back to window prompt."
console.error: "Prompter: internal dialogs not available in this context. Falling back to window prompt."
console.error: "Prompter: internal dialogs not available in this context. Falling back to window prompt."
console.error: "Prompter: internal dialogs not available in this context. Falling back to window prompt."
console.error: "Prompter: internal dialogs not available in this context. Falling back to window prompt."
console.error: "Prompter: internal dialogs not available in this context. Falling back to window prompt."
console.error: "Prompter: internal dialogs not available in this context. Falling back to window prompt."
console.error: "Prompter: internal dialogs not available in this context. Falling back to window prompt."
console.error: "Prompter: internal dialogs not available in this context. Falling back to window prompt."
console.error: "Prompter: internal dialogs not available in this context. Falling back to window prompt."
console.error: "Prompter: internal dialogs not available in this context. Falling back to window prompt."
console.error: "Prompter: internal dialogs not available in this context. Falling back to window prompt."
console.error: "Prompter: internal dialogs not available in this context. Falling back to window prompt."
console.error: "Prompter: internal dialogs not available in this context. Falling back to window prompt."
console.error: "Prompter: internal dialogs not available in this context. Falling back to window prompt."
console.error: "Prompter: internal dialogs not available in this context. Falling back to window prompt."
console.error: "Prompter: internal dialogs not available in this context. Falling back to window prompt."
console.error: "Prompter: internal dialogs not available in this context. Falling back to window prompt."
console.error: "Prompter: internal dialogs not available in this context. Falling back to window prompt."
console.error: "Prompter: internal dialogs not available in this context. Falling back to window prompt."
console.error: "Prompter: internal dialogs not available in this context. Falling back to window prompt."
console.error: "Prompter: internal dialogs not available in this context. Falling back to window prompt."
console.error: "Prompter: internal dialogs not available in this context. Falling back to window prompt."
console.error: "Prompter: internal dialogs not available in this context. Falling back to window prompt."
console.error: "Prompter: internal dialogs not available in this context. Falling back to window prompt."
console.error: "Prompter: internal dialogs not available in this context. Falling back to window prompt."
console.error: "Prompter: internal dialogs not available in this context. Falling back to window prompt."
console.error: "Prompter: internal dialogs not available in this context. Falling back to window prompt."
console.error: "Prompter: internal dialogs not available in this context. Falling back to window prompt."
console.error: "Prompter: internal dialogs not available in this context. Falling back to window prompt."
console.error: "Prompter: internal dialogs not available in this context. Falling back to window prompt."
1773812835141	Marionette	INFO	Stopped listening on port 63110
JavaScript error: resource://gre/modules/PrivateBrowsingUtils.sys.mjs, line 19: TypeError: can't access property "isChromeWindow", aWindow is null
JavaScript error: resource://gre/modules/PrivateBrowsingUtils.sys.mjs, line 19: TypeError: can't access property "isChromeWindow", aWindow is null
Dynamically enable window occlusion 1
console.error: services.settings: 
  Message: NetworkError: Network error: TypeError: NetworkError: Network request failed
  Stack:
    APIError@resource://services-settings/RemoteSettingsClient.sys.mjs:92:1
NetworkError@resource://services-settings/RemoteSettingsClient.sys.mjs:96:5
_adjustedError@resource://services-settings/RemoteSettingsClient.sys.mjs:990:14
maybeSync@resource://services-settings/RemoteSettingsClient.sys.mjs:886:38

console.warn: services.settings: main/search-config-icons sync interrupted by shutdown
console.warn: services.settings: main/search-config-v2 sync interrupted by shutdown
console.warn: TopSitesFeed: Failed to fetch data from MARS server: NetworkError when attempting to fetch resource.
console.error: (new AbortError("IndexedDB: main/fxmonitor-breaches getLastModified() IndexedDB:  execute() A request was aborted, for example through a call to IDBTransaction.abort.", "resource://services-settings/IDBHelpers.sys.mjs", 16))
1773812836649	geckodriver	INFO	Listening on 127.0.0.1:51759
1773812839754	mozrunner::runner	INFO	Running command: "C:\\Users\\chipc\\Desktop\\techlaai_automation\\gmail_automation\\FirefoxPortable\\App\\Firefox64\\firefox.exe" "--marionette" "-profile" "C:\\Users\\chipc\\Desktop\\techlaai_automation\\gmail_automation\\firefox_profiles\\nguyentrungda615" "--remote-debugging-port" "51760" "-no-remote"
console.warn: services.settings: Ignoring preference override of remote settings server
console.warn: services.settings: Allow by setting MOZ_REMOTE_SETTINGS_DEVTOOLS=1 in the environment
Dynamically enable window occlusion 0
1773812840204	Marionette	INFO	Marionette enabled
1773812840238	Marionette	INFO	Listening on port 51769
WebDriver BiDi listening on ws://127.0.0.1:51760
1773812840310	RemoteAgent	WARN	TLS certificate errors will be ignored for this session
console.error: "Prompter: internal dialogs not available in this context. Falling back to window prompt."
1773812862615	Marionette	INFO	Stopped listening on port 51769
JavaScript error: resource://gre/modules/PrivateBrowsingUtils.sys.mjs, line 19: TypeError: can't access property "isChromeWindow", aWindow is null
Dynamically enable window occlusion 1
console.warn: TopSitesFeed: Failed to fetch data from MARS server: NetworkError when attempting to fetch resource.
console.error: (new NetworkError("Network error: TypeError: NetworkError: Network request failed", "resource://services-settings/RemoteSettingsClient.sys.mjs", 92))
console.error: (new NetworkError("Network error: TypeError: NetworkError: Network request failed", "resource://services-settings/RemoteSettingsClient.sys.mjs", 92))
JavaScript error: resource://gre/modules/CaptiveDetect.sys.mjs, line 20: : 
1773812868608	geckodriver	INFO	Listening on 127.0.0.1:63208
1773812871685	mozrunner::runner	INFO	Running command: "C:\\Users\\chipc\\Desktop\\techlaai_automation\\gmail_automation\\FirefoxPortable\\App\\Firefox64\\firefox.exe" "--marionette" "-profile" "C:\\Users\\chipc\\Desktop\\techlaai_automation\\gmail_automation\\firefox_profiles\\nguyentrungda615" "--remote-debugging-port" "63209" "-no-remote"
console.warn: services.settings: Ignoring preference override of remote settings server
console.warn: services.settings: Allow by setting MOZ_REMOTE_SETTINGS_DEVTOOLS=1 in the environment
Dynamically enable window occlusion 0
1773812872142	Marionette	INFO	Marionette enabled
1773812872183	Marionette	INFO	Listening on port 63222
WebDriver BiDi listening on ws://127.0.0.1:63209
1773812872313	RemoteAgent	WARN	TLS certificate errors will be ignored for this session
1773812882353	Marionette	WARN	Ignoring event 'pageshow' because document has an invalid readyState of 'interactive'.
1773812896507	Marionette	WARN	Ignoring event 'pageshow' because document has an invalid readyState of 'interactive'.
1773812917001	Marionette	INFO	Stopped listening on port 63222
JavaScript error: resource://gre/modules/PrivateBrowsingUtils.sys.mjs, line 19: TypeError: can't access property "isChromeWindow", aWindow is null
Dynamically enable window occlusion 1
console.warn: TopSitesFeed: Failed to fetch data from MARS server: NetworkError when attempting to fetch resource.
1773812918424	geckodriver	INFO	Listening on 127.0.0.1:61427
1773812921466	mozrunner::runner	INFO	Running command: "C:\\Users\\chipc\\Desktop\\techlaai_automation\\gmail_automation\\FirefoxPortable\\App\\Firefox64\\firefox.exe" "--marionette" "-profile" "C:\\Users\\chipc\\Desktop\\techlaai_automation\\gmail_automation\\firefox_profiles\\nguyentrungda615" "--remote-debugging-port" "61428" "-no-remote"
console.warn: services.settings: Ignoring preference override of remote settings server
console.warn: services.settings: Allow by setting MOZ_REMOTE_SETTINGS_DEVTOOLS=1 in the environment
Dynamically enable window occlusion 0
1773812921933	Marionette	INFO	Marionette enabled
1773812921965	Marionette	INFO	Listening on port 61440
WebDriver BiDi listening on ws://127.0.0.1:61428
1773812922091	RemoteAgent	WARN	TLS certificate errors will be ignored for this session
1773812932068	Marionette	WARN	Ignoring event 'pageshow' because document has an invalid readyState of 'interactive'.
1773813060858	geckodriver	INFO	Listening on 127.0.0.1:49392
1773813063929	mozrunner::runner	INFO	Running command: "C:\\Users\\chipc\\Desktop\\techlaai_automation\\gmail_automation\\FirefoxPortable\\App\\Firefox64\\firefox.exe" "--marionette" "-profile" "C:\\Users\\chipc\\Desktop\\techlaai_automation\\gmail_automation\\firefox_profiles\\nguyentrungda615" "--remote-debugging-port" "49393" "-no-remote"
1773813064338	Marionette	INFO	Marionette enabled
1773813064377	Marionette	INFO	Listening on port 49407
WebDriver BiDi listening on ws://127.0.0.1:49393
1773813064526	RemoteAgent	WARN	TLS certificate errors will be ignored for this session
JavaScript warning: https://accounts.google.com/v3/signin/identifier?continue=https%3A%2F%2Faccounts.google.com%2F&dsh=S-503175549%3A1773813065401201&followup=https%3A%2F%2Faccounts.google.com%2F&ifkv=ASfE1-oVmnynjd6z4_ZKMPQthadm7CmDld9bQe0icKK7vnQBMymJIOGAF1zLSpD6VEh4DuYAbvvrtQ&passive=1209600&flowName=WebLiteSignIn&flowEntry=ServiceLogin, line 4629: unreachable code after return statement
JavaScript warning: https://accounts.google.com/v3/signin/identifier?continue=https%3A%2F%2Faccounts.google.com%2F&dsh=S-503175549%3A1773813065401201&followup=https%3A%2F%2Faccounts.google.com%2F&ifkv=ASfE1-oVmnynjd6z4_ZKMPQthadm7CmDld9bQe0icKK7vnQBMymJIOGAF1zLSpD6VEh4DuYAbvvrtQ&passive=1209600&flowName=WebLiteSignIn&flowEntry=ServiceLogin, line 4629: unreachable code after return statement
JavaScript warning: https://accounts.google.com/v3/signin/identifier?continue=https%3A%2F%2Faccounts.google.com%2F&dsh=S-503175549%3A1773813065401201&followup=https%3A%2F%2Faccounts.google.com%2F&ifkv=ASfE1-oVmnynjd6z4_ZKMPQthadm7CmDld9bQe0icKK7vnQBMymJIOGAF1zLSpD6VEh4DuYAbvvrtQ&passive=1209600&flowName=WebLiteSignIn&flowEntry=ServiceLogin, line 4629: unreachable code after return statement
JavaScript warning: https://accounts.google.com/v3/signin/identifier?continue=https%3A%2F%2Faccounts.google.com%2F&dsh=S-503175549%3A1773813065401201&followup=https%3A%2F%2Faccounts.google.com%2F&ifkv=ASfE1-oVmnynjd6z4_ZKMPQthadm7CmDld9bQe0icKK7vnQBMymJIOGAF1zLSpD6VEh4DuYAbvvrtQ&passive=1209600&flowName=WebLiteSignIn&flowEntry=ServiceLogin, line 4629: unreachable code after return statement
JavaScript warning: https://accounts.google.com/v3/signin/identifier?continue=https%3A%2F%2Faccounts.google.com%2F&dsh=S-503175549%3A1773813065401201&followup=https%3A%2F%2Faccounts.google.com%2F&ifkv=ASfE1-oVmnynjd6z4_ZKMPQthadm7CmDld9bQe0icKK7vnQBMymJIOGAF1zLSpD6VEh4DuYAbvvrtQ&passive=1209600&flowName=WebLiteSignIn&flowEntry=ServiceLogin, line 4629: unreachable code after return statement
JavaScript warning: https://accounts.google.com/v3/signin/identifier?continue=https%3A%2F%2Faccounts.google.com%2F&dsh=S-503175549%3A1773813065401201&followup=https%3A%2F%2Faccounts.google.com%2F&ifkv=ASfE1-oVmnynjd6z4_ZKMPQthadm7CmDld9bQe0icKK7vnQBMymJIOGAF1zLSpD6VEh4DuYAbvvrtQ&passive=1209600&flowName=WebLiteSignIn&flowEntry=ServiceLogin, line 4629: unreachable code after return statement
JavaScript warning: https://accounts.google.com/v3/signin/identifier?continue=https%3A%2F%2Faccounts.google.com%2F&dsh=S-503175549%3A1773813065401201&followup=https%3A%2F%2Faccounts.google.com%2F&ifkv=ASfE1-oVmnynjd6z4_ZKMPQthadm7CmDld9bQe0icKK7vnQBMymJIOGAF1zLSpD6VEh4DuYAbvvrtQ&passive=1209600&flowName=WebLiteSignIn&flowEntry=ServiceLogin line 16 > eval, line 4629: unreachable code after return statement
JavaScript warning: https://accounts.google.com/v3/signin/identifier?continue=https%3A%2F%2Faccounts.google.com%2F&dsh=S-503175549%3A1773813065401201&followup=https%3A%2F%2Faccounts.google.com%2F&ifkv=ASfE1-oVmnynjd6z4_ZKMPQthadm7CmDld9bQe0icKK7vnQBMymJIOGAF1zLSpD6VEh4DuYAbvvrtQ&passive=1209600&flowName=WebLiteSignIn&flowEntry=ServiceLogin line 16 > eval, line 4629: unreachable code after return statement
JavaScript warning: https://accounts.google.com/v3/signin/identifier?continue=https%3A%2F%2Faccounts.google.com%2F&dsh=S-503175549%3A1773813065401201&followup=https%3A%2F%2Faccounts.google.com%2F&ifkv=ASfE1-oVmnynjd6z4_ZKMPQthadm7CmDld9bQe0icKK7vnQBMymJIOGAF1zLSpD6VEh4DuYAbvvrtQ&passive=1209600&flowName=WebLiteSignIn&flowEntry=ServiceLogin line 16 > eval, line 4629: unreachable code after return statement
JavaScript warning: https://accounts.google.com/v3/signin/identifier?continue=https%3A%2F%2Faccounts.google.com%2F&dsh=S-503175549%3A1773813065401201&followup=https%3A%2F%2Faccounts.google.com%2F&ifkv=ASfE1-oVmnynjd6z4_ZKMPQthadm7CmDld9bQe0icKK7vnQBMymJIOGAF1zLSpD6VEh4DuYAbvvrtQ&passive=1209600&flowName=WebLiteSignIn&flowEntry=ServiceLogin line 16 > eval, line 4629: unreachable code after return statement
JavaScript warning: https://accounts.google.com/v3/signin/identifier?continue=https%3A%2F%2Faccounts.google.com%2F&dsh=S-503175549%3A1773813065401201&followup=https%3A%2F%2Faccounts.google.com%2F&ifkv=ASfE1-oVmnynjd6z4_ZKMPQthadm7CmDld9bQe0icKK7vnQBMymJIOGAF1zLSpD6VEh4DuYAbvvrtQ&passive=1209600&flowName=WebLiteSignIn&flowEntry=ServiceLogin line 16 > eval, line 1: unreachable code after return statement
JavaScript warning: https://accounts.google.com/v3/signin/identifier?continue=https%3A%2F%2Faccounts.google.com%2F&dsh=S-503175549%3A1773813065401201&followup=https%3A%2F%2Faccounts.google.com%2F&ifkv=ASfE1-oVmnynjd6z4_ZKMPQthadm7CmDld9bQe0icKK7vnQBMymJIOGAF1zLSpD6VEh4DuYAbvvrtQ&passive=1209600&flowName=WebLiteSignIn&flowEntry=ServiceLogin line 16 > eval line 4629 > eval, line 1: unreachable code after return statement
JavaScript warning: https://accounts.google.com/v3/signin/identifier?continue=https%3A%2F%2Faccounts.google.com%2F&dsh=S-503175549%3A1773813065401201&followup=https%3A%2F%2Faccounts.google.com%2F&ifkv=ASfE1-oVmnynjd6z4_ZKMPQthadm7CmDld9bQe0icKK7vnQBMymJIOGAF1zLSpD6VEh4DuYAbvvrtQ&passive=1209600&flowName=WebLiteSignIn&flowEntry=ServiceLogin line 16 > eval, line 1: unreachable code after return statement
JavaScript warning: https://accounts.google.com/v3/signin/identifier?continue=https%3A%2F%2Faccounts.google.com%2F&dsh=S-503175549%3A1773813065401201&followup=https%3A%2F%2Faccounts.google.com%2F&ifkv=ASfE1-oVmnynjd6z4_ZKMPQthadm7CmDld9bQe0icKK7vnQBMymJIOGAF1zLSpD6VEh4DuYAbvvrtQ&passive=1209600&flowName=WebLiteSignIn&flowEntry=ServiceLogin line 16 > eval line 4629 > eval, line 1: unreachable code after return statement
JavaScript warning: https://accounts.google.com/v3/signin/identifier?continue=https%3A%2F%2Faccounts.google.com%2F&dsh=S-503175549%3A1773813065401201&followup=https%3A%2F%2Faccounts.google.com%2F&ifkv=ASfE1-oVmnynjd6z4_ZKMPQthadm7CmDld9bQe0icKK7vnQBMymJIOGAF1zLSpD6VEh4DuYAbvvrtQ&passive=1209600&flowName=WebLiteSignIn&flowEntry=ServiceLogin line 16 > eval, line 4629: unreachable code after return statement
JavaScript warning: https://accounts.google.com/v3/signin/identifier?continue=https%3A%2F%2Faccounts.google.com%2F&dsh=S-503175549%3A1773813065401201&followup=https%3A%2F%2Faccounts.google.com%2F&ifkv=ASfE1-oVmnynjd6z4_ZKMPQthadm7CmDld9bQe0icKK7vnQBMymJIOGAF1zLSpD6VEh4DuYAbvvrtQ&passive=1209600&flowName=WebLiteSignIn&flowEntry=ServiceLogin line 16 > eval line 4629 > eval line 1 > eval, line 1: unreachable code after return statement
JavaScript warning: https://accounts.google.com/v3/signin/identifier?continue=https%3A%2F%2Faccounts.google.com%2F&dsh=S-503175549%3A1773813065401201&followup=https%3A%2F%2Faccounts.google.com%2F&ifkv=ASfE1-oVmnynjd6z4_ZKMPQthadm7CmDld9bQe0icKK7vnQBMymJIOGAF1zLSpD6VEh4DuYAbvvrtQ&passive=1209600&flowName=WebLiteSignIn&flowEntry=ServiceLogin line 16 > eval line 4629 > eval line 1 > eval, line 1: unreachable code after return statement
JavaScript warning: https://accounts.google.com/v3/signin/identifier?continue=https%3A%2F%2Faccounts.google.com%2F&dsh=S-503175549%3A1773813065401201&followup=https%3A%2F%2Faccounts.google.com%2F&ifkv=ASfE1-oVmnynjd6z4_ZKMPQthadm7CmDld9bQe0icKK7vnQBMymJIOGAF1zLSpD6VEh4DuYAbvvrtQ&passive=1209600&flowName=WebLiteSignIn&flowEntry=ServiceLogin line 16 > eval line 4629 > eval line 1 > eval, line 1: unreachable code after return statement
JavaScript warning: https://accounts.google.com/v3/signin/identifier?continue=https%3A%2F%2Faccounts.google.com%2F&dsh=S-503175549%3A1773813065401201&followup=https%3A%2F%2Faccounts.google.com%2F&ifkv=ASfE1-oVmnynjd6z4_ZKMPQthadm7CmDld9bQe0icKK7vnQBMymJIOGAF1zLSpD6VEh4DuYAbvvrtQ&passive=1209600&flowName=WebLiteSignIn&flowEntry=ServiceLogin line 16 > eval line 4629 > eval line 1 > eval line 1 > eval, line 1: unreachable code after return statement
JavaScript warning: https://accounts.google.com/v3/signin/identifier?continue=https%3A%2F%2Faccounts.google.com%2F&dsh=S-503175549%3A1773813065401201&followup=https%3A%2F%2Faccounts.google.com%2F&ifkv=ASfE1-oVmnynjd6z4_ZKMPQthadm7CmDld9bQe0icKK7vnQBMymJIOGAF1zLSpD6VEh4DuYAbvvrtQ&passive=1209600&flowName=WebLiteSignIn&flowEntry=ServiceLogin line 16 > eval line 4629 > eval line 1 > eval line 1 > eval, line 1: unreachable code after return statement
JavaScript warning: https://accounts.google.com/v3/signin/identifier?continue=https%3A%2F%2Faccounts.google.com%2F&dsh=S-503175549%3A1773813065401201&followup=https%3A%2F%2Faccounts.google.com%2F&ifkv=ASfE1-oVmnynjd6z4_ZKMPQthadm7CmDld9bQe0icKK7vnQBMymJIOGAF1zLSpD6VEh4DuYAbvvrtQ&passive=1209600&flowName=WebLiteSignIn&flowEntry=ServiceLogin line 16 > eval line 4629 > eval line 1 > eval line 1 > eval, line 1: unreachable code after return statement
console.error: [Exception... "Component returned failure code: 0x80004002 (NS_NOINTERFACE) [nsISupports.QueryInterface]"  nsresult: "0x80004002 (NS_NOINTERFACE)"  location: "JS frame :: resource://gre/modules/BrowserUtils.sys.mjs :: formatURIForDisplay :: line 346"  data: no]
console.error: [Exception... "Component returned failure code: 0x80004002 (NS_NOINTERFACE) [nsISupports.QueryInterface]"  nsresult: "0x80004002 (NS_NOINTERFACE)"  location: "JS frame :: resource://gre/modules/BrowserUtils.sys.mjs :: formatURIForDisplay :: line 346"  data: no]
JavaScript warning: https://accounts.google.com/v3/signin/identifier?continue=https%3A%2F%2Faccounts.google.com%2F&dsh=S-503175549%3A1773813065401201&followup=https%3A%2F%2Faccounts.google.com%2F&ifkv=ASfE1-oVmnynjd6z4_ZKMPQthadm7CmDld9bQe0icKK7vnQBMymJIOGAF1zLSpD6VEh4DuYAbvvrtQ&passive=1209600&flowName=WebLiteSignIn&flowEntry=ServiceLogin, line 6406: unreachable code after return statement
JavaScript warning: https://accounts.google.com/v3/signin/identifier?continue=https%3A%2F%2Faccounts.google.com%2F&dsh=S-503175549%3A1773813065401201&followup=https%3A%2F%2Faccounts.google.com%2F&ifkv=ASfE1-oVmnynjd6z4_ZKMPQthadm7CmDld9bQe0icKK7vnQBMymJIOGAF1zLSpD6VEh4DuYAbvvrtQ&passive=1209600&flowName=WebLiteSignIn&flowEntry=ServiceLogin, line 6406: unreachable code after return statement
JavaScript warning: https://accounts.google.com/v3/signin/identifier?continue=https%3A%2F%2Faccounts.google.com%2F&dsh=S-503175549%3A1773813065401201&followup=https%3A%2F%2Faccounts.google.com%2F&ifkv=ASfE1-oVmnynjd6z4_ZKMPQthadm7CmDld9bQe0icKK7vnQBMymJIOGAF1zLSpD6VEh4DuYAbvvrtQ&passive=1209600&flowName=WebLiteSignIn&flowEntry=ServiceLogin, line 6406: unreachable code after return statement
JavaScript warning: https://accounts.google.com/v3/signin/identifier?continue=https%3A%2F%2Faccounts.google.com%2F&dsh=S-503175549%3A1773813065401201&followup=https%3A%2F%2Faccounts.google.com%2F&ifkv=ASfE1-oVmnynjd6z4_ZKMPQthadm7CmDld9bQe0icKK7vnQBMymJIOGAF1zLSpD6VEh4DuYAbvvrtQ&passive=1209600&flowName=WebLiteSignIn&flowEntry=ServiceLogin, line 6406: unreachable code after return statement
JavaScript warning: https://accounts.google.com/v3/signin/identifier?continue=https%3A%2F%2Faccounts.google.com%2F&dsh=S-503175549%3A1773813065401201&followup=https%3A%2F%2Faccounts.google.com%2F&ifkv=ASfE1-oVmnynjd6z4_ZKMPQthadm7CmDld9bQe0icKK7vnQBMymJIOGAF1zLSpD6VEh4DuYAbvvrtQ&passive=1209600&flowName=WebLiteSignIn&flowEntry=ServiceLogin, line 6406: unreachable code after return statement
JavaScript warning: https://accounts.google.com/v3/signin/identifier?continue=https%3A%2F%2Faccounts.google.com%2F&dsh=S-503175549%3A1773813065401201&followup=https%3A%2F%2Faccounts.google.com%2F&ifkv=ASfE1-oVmnynjd6z4_ZKMPQthadm7CmDld9bQe0icKK7vnQBMymJIOGAF1zLSpD6VEh4DuYAbvvrtQ&passive=1209600&flowName=WebLiteSignIn&flowEntry=ServiceLogin, line 6406: unreachable code after return statement
JavaScript warning: https://accounts.google.com/v3/signin/identifier?continue=https%3A%2F%2Faccounts.google.com%2F&dsh=S-503175549%3A1773813065401201&followup=https%3A%2F%2Faccounts.google.com%2F&ifkv=ASfE1-oVmnynjd6z4_ZKMPQthadm7CmDld9bQe0icKK7vnQBMymJIOGAF1zLSpD6VEh4DuYAbvvrtQ&passive=1209600&flowName=WebLiteSignIn&flowEntry=ServiceLogin line 2 > eval, line 6406: unreachable code after return statement
JavaScript warning: https://accounts.google.com/v3/signin/identifier?continue=https%3A%2F%2Faccounts.google.com%2F&dsh=S-503175549%3A1773813065401201&followup=https%3A%2F%2Faccounts.google.com%2F&ifkv=ASfE1-oVmnynjd6z4_ZKMPQthadm7CmDld9bQe0icKK7vnQBMymJIOGAF1zLSpD6VEh4DuYAbvvrtQ&passive=1209600&flowName=WebLiteSignIn&flowEntry=ServiceLogin line 2 > eval, line 6406: unreachable code after return statement
JavaScript warning: https://accounts.google.com/v3/signin/identifier?continue=https%3A%2F%2Faccounts.google.com%2F&dsh=S-503175549%3A1773813065401201&followup=https%3A%2F%2Faccounts.google.com%2F&ifkv=ASfE1-oVmnynjd6z4_ZKMPQthadm7CmDld9bQe0icKK7vnQBMymJIOGAF1zLSpD6VEh4DuYAbvvrtQ&passive=1209600&flowName=WebLiteSignIn&flowEntry=ServiceLogin line 2 > eval, line 6406: unreachable code after return statement
JavaScript warning: https://accounts.google.com/v3/signin/identifier?continue=https%3A%2F%2Faccounts.google.com%2F&dsh=S-503175549%3A1773813065401201&followup=https%3A%2F%2Faccounts.google.com%2F&ifkv=ASfE1-oVmnynjd6z4_ZKMPQthadm7CmDld9bQe0icKK7vnQBMymJIOGAF1zLSpD6VEh4DuYAbvvrtQ&passive=1209600&flowName=WebLiteSignIn&flowEntry=ServiceLogin line 2 > eval, line 6406: unreachable code after return statement
JavaScript warning: https://accounts.google.com/v3/signin/identifier?continue=https%3A%2F%2Faccounts.google.com%2F&dsh=S-503175549%3A1773813065401201&followup=https%3A%2F%2Faccounts.google.com%2F&ifkv=ASfE1-oVmnynjd6z4_ZKMPQthadm7CmDld9bQe0icKK7vnQBMymJIOGAF1zLSpD6VEh4DuYAbvvrtQ&passive=1209600&flowName=WebLiteSignIn&flowEntry=ServiceLogin line 2 > eval line 6406 > eval, line 1: unreachable code after return statement
JavaScript warning: https://accounts.google.com/v3/signin/identifier?continue=https%3A%2F%2Faccounts.google.com%2F&dsh=S-503175549%3A1773813065401201&followup=https%3A%2F%2Faccounts.google.com%2F&ifkv=ASfE1-oVmnynjd6z4_ZKMPQthadm7CmDld9bQe0icKK7vnQBMymJIOGAF1zLSpD6VEh4DuYAbvvrtQ&passive=1209600&flowName=WebLiteSignIn&flowEntry=ServiceLogin line 2 > eval line 6406 > eval line 1 > eval, line 1: unreachable code after return statement
JavaScript warning: https://accounts.google.com/v3/signin/identifier?continue=https%3A%2F%2Faccounts.google.com%2F&dsh=S-503175549%3A1773813065401201&followup=https%3A%2F%2Faccounts.google.com%2F&ifkv=ASfE1-oVmnynjd6z4_ZKMPQthadm7CmDld9bQe0icKK7vnQBMymJIOGAF1zLSpD6VEh4DuYAbvvrtQ&passive=1209600&flowName=WebLiteSignIn&flowEntry=ServiceLogin line 2 > eval line 6406 > eval, line 1: unreachable code after return statement
JavaScript warning: https://accounts.google.com/v3/signin/identifier?continue=https%3A%2F%2Faccounts.google.com%2F&dsh=S-503175549%3A1773813065401201&followup=https%3A%2F%2Faccounts.google.com%2F&ifkv=ASfE1-oVmnynjd6z4_ZKMPQthadm7CmDld9bQe0icKK7vnQBMymJIOGAF1zLSpD6VEh4DuYAbvvrtQ&passive=1209600&flowName=WebLiteSignIn&flowEntry=ServiceLogin line 2 > eval line 6406 > eval line 1 > eval, line 1: unreachable code after return statement
JavaScript warning: https://accounts.google.com/v3/signin/identifier?continue=https%3A%2F%2Faccounts.google.com%2F&dsh=S-503175549%3A1773813065401201&followup=https%3A%2F%2Faccounts.google.com%2F&ifkv=ASfE1-oVmnynjd6z4_ZKMPQthadm7CmDld9bQe0icKK7vnQBMymJIOGAF1zLSpD6VEh4DuYAbvvrtQ&passive=1209600&flowName=WebLiteSignIn&flowEntry=ServiceLogin line 2 > eval, line 6406: unreachable code after return statement
JavaScript warning: https://accounts.google.com/v3/signin/identifier?continue=https%3A%2F%2Faccounts.google.com%2F&dsh=S-503175549%3A1773813065401201&followup=https%3A%2F%2Faccounts.google.com%2F&ifkv=ASfE1-oVmnynjd6z4_ZKMPQthadm7CmDld9bQe0icKK7vnQBMymJIOGAF1zLSpD6VEh4DuYAbvvrtQ&passive=1209600&flowName=WebLiteSignIn&flowEntry=ServiceLogin line 2 > eval line 6406 > eval line 1 > eval, line 1: unreachable code after return statement
JavaScript warning: https://accounts.google.com/v3/signin/identifier?continue=https%3A%2F%2Faccounts.google.com%2F&dsh=S-503175549%3A1773813065401201&followup=https%3A%2F%2Faccounts.google.com%2F&ifkv=ASfE1-oVmnynjd6z4_ZKMPQthadm7CmDld9bQe0icKK7vnQBMymJIOGAF1zLSpD6VEh4DuYAbvvrtQ&passive=1209600&flowName=WebLiteSignIn&flowEntry=ServiceLogin line 2 > eval line 6406 > eval line 1 > eval, line 1: unreachable code after return statement
JavaScript warning: https://accounts.google.com/v3/signin/identifier?continue=https%3A%2F%2Faccounts.google.com%2F&dsh=S-503175549%3A1773813065401201&followup=https%3A%2F%2Faccounts.google.com%2F&ifkv=ASfE1-oVmnynjd6z4_ZKMPQthadm7CmDld9bQe0icKK7vnQBMymJIOGAF1zLSpD6VEh4DuYAbvvrtQ&passive=1209600&flowName=WebLiteSignIn&flowEntry=ServiceLogin line 2 > eval line 6406 > eval line 1 > eval, line 1: unreachable code after return statement
JavaScript warning: https://accounts.google.com/v3/signin/identifier?continue=https%3A%2F%2Faccounts.google.com%2F&dsh=S-503175549%3A1773813065401201&followup=https%3A%2F%2Faccounts.google.com%2F&ifkv=ASfE1-oVmnynjd6z4_ZKMPQthadm7CmDld9bQe0icKK7vnQBMymJIOGAF1zLSpD6VEh4DuYAbvvrtQ&passive=1209600&flowName=WebLiteSignIn&flowEntry=ServiceLogin line 2 > eval line 6406 > eval line 1 > eval line 1 > eval, line 1: unreachable code after return statement
JavaScript warning: https://accounts.google.com/v3/signin/identifier?continue=https%3A%2F%2Faccounts.google.com%2F&dsh=S-503175549%3A1773813065401201&followup=https%3A%2F%2Faccounts.google.com%2F&ifkv=ASfE1-oVmnynjd6z4_ZKMPQthadm7CmDld9bQe0icKK7vnQBMymJIOGAF1zLSpD6VEh4DuYAbvvrtQ&passive=1209600&flowName=WebLiteSignIn&flowEntry=ServiceLogin line 2 > eval line 6406 > eval line 1 > eval line 1 > eval, line 1: unreachable code after return statement
JavaScript warning: https://accounts.google.com/v3/signin/identifier?continue=https%3A%2F%2Faccounts.google.com%2F&dsh=S-503175549%3A1773813065401201&followup=https%3A%2F%2Faccounts.google.com%2F&ifkv=ASfE1-oVmnynjd6z4_ZKMPQthadm7CmDld9bQe0icKK7vnQBMymJIOGAF1zLSpD6VEh4DuYAbvvrtQ&passive=1209600&flowName=WebLiteSignIn&flowEntry=ServiceLogin line 2 > eval line 6406 > eval line 1 > eval line 1 > eval, line 1: unreachable code after return statement
1773813091791	Marionette	INFO	Stopped listening on port 49407
1773813093453	geckodriver	INFO	Listening on 127.0.0.1:60946
1773813096520	mozrunner::runner	INFO	Running command: "C:\\Users\\chipc\\Desktop\\techlaai_automation\\gmail_automation\\FirefoxPortable\\App\\Firefox64\\firefox.exe" "--marionette" "-profile" "C:\\Users\\chipc\\Desktop\\techlaai_automation\\gmail_automation\\firefox_profiles\\nguyentrungda615" "--remote-debugging-port" "60947" "-no-remote"
1773813096912	Marionette	INFO	Marionette enabled
1773813096943	Marionette	INFO	Listening on port 60965
WebDriver BiDi listening on ws://127.0.0.1:60947
1773813097083	RemoteAgent	WARN	TLS certificate errors will be ignored for this session
JavaScript warning: https://accounts.google.com/v3/signin/identifier?continue=https%3A%2F%2Faccounts.google.com%2F&dsh=S570970999%3A1773813097996249&followup=https%3A%2F%2Faccounts.google.com%2F&ifkv=ASfE1-ps12GkU15q9MhNH2mrNb4kwD2Pgs5P6wh99z3xuJ-87rbWccEwnUULtBSvocRYDudl48Nk&passive=1209600&flowName=WebLiteSignIn&flowEntry=ServiceLogin, line 2812: unreachable code after return statement
JavaScript warning: https://accounts.google.com/v3/signin/identifier?continue=https%3A%2F%2Faccounts.google.com%2F&dsh=S570970999%3A1773813097996249&followup=https%3A%2F%2Faccounts.google.com%2F&ifkv=ASfE1-ps12GkU15q9MhNH2mrNb4kwD2Pgs5P6wh99z3xuJ-87rbWccEwnUULtBSvocRYDudl48Nk&passive=1209600&flowName=WebLiteSignIn&flowEntry=ServiceLogin, line 2812: unreachable code after return statement
JavaScript warning: https://accounts.google.com/v3/signin/identifier?continue=https%3A%2F%2Faccounts.google.com%2F&dsh=S570970999%3A1773813097996249&followup=https%3A%2F%2Faccounts.google.com%2F&ifkv=ASfE1-ps12GkU15q9MhNH2mrNb4kwD2Pgs5P6wh99z3xuJ-87rbWccEwnUULtBSvocRYDudl48Nk&passive=1209600&flowName=WebLiteSignIn&flowEntry=ServiceLogin, line 2812: unreachable code after return statement
JavaScript warning: https://accounts.google.com/v3/signin/identifier?continue=https%3A%2F%2Faccounts.google.com%2F&dsh=S570970999%3A1773813097996249&followup=https%3A%2F%2Faccounts.google.com%2F&ifkv=ASfE1-ps12GkU15q9MhNH2mrNb4kwD2Pgs5P6wh99z3xuJ-87rbWccEwnUULtBSvocRYDudl48Nk&passive=1209600&flowName=WebLiteSignIn&flowEntry=ServiceLogin, line 2812: unreachable code after return statement
JavaScript warning: https://accounts.google.com/v3/signin/identifier?continue=https%3A%2F%2Faccounts.google.com%2F&dsh=S570970999%3A1773813097996249&followup=https%3A%2F%2Faccounts.google.com%2F&ifkv=ASfE1-ps12GkU15q9MhNH2mrNb4kwD2Pgs5P6wh99z3xuJ-87rbWccEwnUULtBSvocRYDudl48Nk&passive=1209600&flowName=WebLiteSignIn&flowEntry=ServiceLogin, line 2812: unreachable code after return statement
JavaScript warning: https://accounts.google.com/v3/signin/identifier?continue=https%3A%2F%2Faccounts.google.com%2F&dsh=S570970999%3A1773813097996249&followup=https%3A%2F%2Faccounts.google.com%2F&ifkv=ASfE1-ps12GkU15q9MhNH2mrNb4kwD2Pgs5P6wh99z3xuJ-87rbWccEwnUULtBSvocRYDudl48Nk&passive=1209600&flowName=WebLiteSignIn&flowEntry=ServiceLogin, line 2812: unreachable code after return statement
JavaScript warning: https://accounts.google.com/v3/signin/identifier?continue=https%3A%2F%2Faccounts.google.com%2F&dsh=S570970999%3A1773813097996249&followup=https%3A%2F%2Faccounts.google.com%2F&ifkv=ASfE1-ps12GkU15q9MhNH2mrNb4kwD2Pgs5P6wh99z3xuJ-87rbWccEwnUULtBSvocRYDudl48Nk&passive=1209600&flowName=WebLiteSignIn&flowEntry=ServiceLogin line 16 > eval, line 2812: unreachable code after return statement
JavaScript warning: https://accounts.google.com/v3/signin/identifier?continue=https%3A%2F%2Faccounts.google.com%2F&dsh=S570970999%3A1773813097996249&followup=https%3A%2F%2Faccounts.google.com%2F&ifkv=ASfE1-ps12GkU15q9MhNH2mrNb4kwD2Pgs5P6wh99z3xuJ-87rbWccEwnUULtBSvocRYDudl48Nk&passive=1209600&flowName=WebLiteSignIn&flowEntry=ServiceLogin line 16 > eval, line 2812: unreachable code after return statement
JavaScript warning: https://accounts.google.com/v3/signin/identifier?continue=https%3A%2F%2Faccounts.google.com%2F&dsh=S570970999%3A1773813097996249&followup=https%3A%2F%2Faccounts.google.com%2F&ifkv=ASfE1-ps12GkU15q9MhNH2mrNb4kwD2Pgs5P6wh99z3xuJ-87rbWccEwnUULtBSvocRYDudl48Nk&passive=1209600&flowName=WebLiteSignIn&flowEntry=ServiceLogin line 16 > eval, line 2812: unreachable code after return statement
JavaScript warning: https://accounts.google.com/v3/signin/identifier?continue=https%3A%2F%2Faccounts.google.com%2F&dsh=S570970999%3A1773813097996249&followup=https%3A%2F%2Faccounts.google.com%2F&ifkv=ASfE1-ps12GkU15q9MhNH2mrNb4kwD2Pgs5P6wh99z3xuJ-87rbWccEwnUULtBSvocRYDudl48Nk&passive=1209600&flowName=WebLiteSignIn&flowEntry=ServiceLogin line 16 > eval, line 2812: unreachable code after return statement
JavaScript warning: https://accounts.google.com/v3/signin/identifier?continue=https%3A%2F%2Faccounts.google.com%2F&dsh=S570970999%3A1773813097996249&followup=https%3A%2F%2Faccounts.google.com%2F&ifkv=ASfE1-ps12GkU15q9MhNH2mrNb4kwD2Pgs5P6wh99z3xuJ-87rbWccEwnUULtBSvocRYDudl48Nk&passive=1209600&flowName=WebLiteSignIn&flowEntry=ServiceLogin line 16 > eval, line 1: unreachable code after return statement
JavaScript warning: https://accounts.google.com/v3/signin/identifier?continue=https%3A%2F%2Faccounts.google.com%2F&dsh=S570970999%3A1773813097996249&followup=https%3A%2F%2Faccounts.google.com%2F&ifkv=ASfE1-ps12GkU15q9MhNH2mrNb4kwD2Pgs5P6wh99z3xuJ-87rbWccEwnUULtBSvocRYDudl48Nk&passive=1209600&flowName=WebLiteSignIn&flowEntry=ServiceLogin line 16 > eval line 2812 > eval, line 1: unreachable code after return statement
JavaScript warning: https://accounts.google.com/v3/signin/identifier?continue=https%3A%2F%2Faccounts.google.com%2F&dsh=S570970999%3A1773813097996249&followup=https%3A%2F%2Faccounts.google.com%2F&ifkv=ASfE1-ps12GkU15q9MhNH2mrNb4kwD2Pgs5P6wh99z3xuJ-87rbWccEwnUULtBSvocRYDudl48Nk&passive=1209600&flowName=WebLiteSignIn&flowEntry=ServiceLogin line 16 > eval, line 1: unreachable code after return statement
JavaScript warning: https://accounts.google.com/v3/signin/identifier?continue=https%3A%2F%2Faccounts.google.com%2F&dsh=S570970999%3A1773813097996249&followup=https%3A%2F%2Faccounts.google.com%2F&ifkv=ASfE1-ps12GkU15q9MhNH2mrNb4kwD2Pgs5P6wh99z3xuJ-87rbWccEwnUULtBSvocRYDudl48Nk&passive=1209600&flowName=WebLiteSignIn&flowEntry=ServiceLogin line 16 > eval line 2812 > eval, line 1: unreachable code after return statement
JavaScript warning: https://accounts.google.com/v3/signin/identifier?continue=https%3A%2F%2Faccounts.google.com%2F&dsh=S570970999%3A1773813097996249&followup=https%3A%2F%2Faccounts.google.com%2F&ifkv=ASfE1-ps12GkU15q9MhNH2mrNb4kwD2Pgs5P6wh99z3xuJ-87rbWccEwnUULtBSvocRYDudl48Nk&passive=1209600&flowName=WebLiteSignIn&flowEntry=ServiceLogin line 16 > eval, line 2812: unreachable code after return statement
JavaScript warning: https://accounts.google.com/v3/signin/identifier?continue=https%3A%2F%2Faccounts.google.com%2F&dsh=S570970999%3A1773813097996249&followup=https%3A%2F%2Faccounts.google.com%2F&ifkv=ASfE1-ps12GkU15q9MhNH2mrNb4kwD2Pgs5P6wh99z3xuJ-87rbWccEwnUULtBSvocRYDudl48Nk&passive=1209600&flowName=WebLiteSignIn&flowEntry=ServiceLogin line 16 > eval line 2812 > eval line 1 > eval, line 1: unreachable code after return statement
JavaScript warning: https://accounts.google.com/v3/signin/identifier?continue=https%3A%2F%2Faccounts.google.com%2F&dsh=S570970999%3A1773813097996249&followup=https%3A%2F%2Faccounts.google.com%2F&ifkv=ASfE1-ps12GkU15q9MhNH2mrNb4kwD2Pgs5P6wh99z3xuJ-87rbWccEwnUULtBSvocRYDudl48Nk&passive=1209600&flowName=WebLiteSignIn&flowEntry=ServiceLogin line 16 > eval line 2812 > eval line 1 > eval, line 1: unreachable code after return statement
JavaScript warning: https://accounts.google.com/v3/signin/identifier?continue=https%3A%2F%2Faccounts.google.com%2F&dsh=S570970999%3A1773813097996249&followup=https%3A%2F%2Faccounts.google.com%2F&ifkv=ASfE1-ps12GkU15q9MhNH2mrNb4kwD2Pgs5P6wh99z3xuJ-87rbWccEwnUULtBSvocRYDudl48Nk&passive=1209600&flowName=WebLiteSignIn&flowEntry=ServiceLogin line 16 > eval line 2812 > eval line 1 > eval, line 1: unreachable code after return statement
JavaScript warning: https://accounts.google.com/v3/signin/identifier?continue=https%3A%2F%2Faccounts.google.com%2F&dsh=S570970999%3A1773813097996249&followup=https%3A%2F%2Faccounts.google.com%2F&ifkv=ASfE1-ps12GkU15q9MhNH2mrNb4kwD2Pgs5P6wh99z3xuJ-87rbWccEwnUULtBSvocRYDudl48Nk&passive=1209600&flowName=WebLiteSignIn&flowEntry=ServiceLogin line 16 > eval line 2812 > eval line 1 > eval line 1 > eval, line 1: unreachable code after return statement
JavaScript warning: https://accounts.google.com/v3/signin/identifier?continue=https%3A%2F%2Faccounts.google.com%2F&dsh=S570970999%3A1773813097996249&followup=https%3A%2F%2Faccounts.google.com%2F&ifkv=ASfE1-ps12GkU15q9MhNH2mrNb4kwD2Pgs5P6wh99z3xuJ-87rbWccEwnUULtBSvocRYDudl48Nk&passive=1209600&flowName=WebLiteSignIn&flowEntry=ServiceLogin line 16 > eval line 2812 > eval line 1 > eval line 1 > eval, line 1: unreachable code after return statement
JavaScript warning: https://accounts.google.com/v3/signin/identifier?continue=https%3A%2F%2Faccounts.google.com%2F&dsh=S570970999%3A1773813097996249&followup=https%3A%2F%2Faccounts.google.com%2F&ifkv=ASfE1-ps12GkU15q9MhNH2mrNb4kwD2Pgs5P6wh99z3xuJ-87rbWccEwnUULtBSvocRYDudl48Nk&passive=1209600&flowName=WebLiteSignIn&flowEntry=ServiceLogin line 16 > eval line 2812 > eval line 1 > eval line 1 > eval, line 1: unreachable code after return statement
console.error: [Exception... "Component returned failure code: 0x80004002 (NS_NOINTERFACE) [nsISupports.QueryInterface]"  nsresult: "0x80004002 (NS_NOINTERFACE)"  location: "JS frame :: resource://gre/modules/BrowserUtils.sys.mjs :: formatURIForDisplay :: line 346"  data: no]
console.error: [Exception... "Component returned failure code: 0x80004002 (NS_NOINTERFACE) [nsISupports.QueryInterface]"  nsresult: "0x80004002 (NS_NOINTERFACE)"  location: "JS frame :: resource://gre/modules/BrowserUtils.sys.mjs :: formatURIForDisplay :: line 346"  data: no]
1773813128827	Marionette	INFO	Stopped listening on port 60965
1773813206164	geckodriver	INFO	Listening on 127.0.0.1:62641
1773813209230	mozrunner::runner	INFO	Running command: "C:\\Users\\chipc\\Desktop\\techlaai_automation\\gmail_automation\\FirefoxPortable\\App\\Firefox64\\firefox.exe" "--marionette" "-profile" "C:\\Users\\chipc\\Desktop\\techlaai_automation\\gmail_automation\\firefox_profiles\\nguyentrungda615" "--remote-debugging-port" "62642" "-no-remote"
1773813209701	Marionette	INFO	Marionette enabled
1773813209735	Marionette	INFO	Listening on port 57245
WebDriver BiDi listening on ws://127.0.0.1:62642
1773813209859	RemoteAgent	WARN	TLS certificate errors will be ignored for this session
JavaScript warning: https://accounts.google.com/v3/signin/identifier?continue=https%3A%2F%2Faccounts.google.com%2F&dsh=S1343398306%3A1773813210886169&followup=https%3A%2F%2Faccounts.google.com%2F&ifkv=ASfE1-rzkxUK4setMCIXX9V4VPX50Gjz_tw-e09j4vZuv-dTw5P2azl5DCMNzLitN-2gKjpOSp1__w&passive=1209600&flowName=WebLiteSignIn&flowEntry=ServiceLogin, line 1401: unreachable code after return statement
JavaScript warning: https://accounts.google.com/v3/signin/identifier?continue=https%3A%2F%2Faccounts.google.com%2F&dsh=S1343398306%3A1773813210886169&followup=https%3A%2F%2Faccounts.google.com%2F&ifkv=ASfE1-rzkxUK4setMCIXX9V4VPX50Gjz_tw-e09j4vZuv-dTw5P2azl5DCMNzLitN-2gKjpOSp1__w&passive=1209600&flowName=WebLiteSignIn&flowEntry=ServiceLogin, line 1401: unreachable code after return statement
JavaScript warning: https://accounts.google.com/v3/signin/identifier?continue=https%3A%2F%2Faccounts.google.com%2F&dsh=S1343398306%3A1773813210886169&followup=https%3A%2F%2Faccounts.google.com%2F&ifkv=ASfE1-rzkxUK4setMCIXX9V4VPX50Gjz_tw-e09j4vZuv-dTw5P2azl5DCMNzLitN-2gKjpOSp1__w&passive=1209600&flowName=WebLiteSignIn&flowEntry=ServiceLogin, line 1401: unreachable code after return statement
JavaScript warning: https://accounts.google.com/v3/signin/identifier?continue=https%3A%2F%2Faccounts.google.com%2F&dsh=S1343398306%3A1773813210886169&followup=https%3A%2F%2Faccounts.google.com%2F&ifkv=ASfE1-rzkxUK4setMCIXX9V4VPX50Gjz_tw-e09j4vZuv-dTw5P2azl5DCMNzLitN-2gKjpOSp1__w&passive=1209600&flowName=WebLiteSignIn&flowEntry=ServiceLogin, line 1401: unreachable code after return statement
JavaScript warning: https://accounts.google.com/v3/signin/identifier?continue=https%3A%2F%2Faccounts.google.com%2F&dsh=S1343398306%3A1773813210886169&followup=https%3A%2F%2Faccounts.google.com%2F&ifkv=ASfE1-rzkxUK4setMCIXX9V4VPX50Gjz_tw-e09j4vZuv-dTw5P2azl5DCMNzLitN-2gKjpOSp1__w&passive=1209600&flowName=WebLiteSignIn&flowEntry=ServiceLogin, line 1401: unreachable code after return statement
JavaScript warning: https://accounts.google.com/v3/signin/identifier?continue=https%3A%2F%2Faccounts.google.com%2F&dsh=S1343398306%3A1773813210886169&followup=https%3A%2F%2Faccounts.google.com%2F&ifkv=ASfE1-rzkxUK4setMCIXX9V4VPX50Gjz_tw-e09j4vZuv-dTw5P2azl5DCMNzLitN-2gKjpOSp1__w&passive=1209600&flowName=WebLiteSignIn&flowEntry=ServiceLogin, line 1401: unreachable code after return statement
JavaScript warning: https://accounts.google.com/v3/signin/identifier?continue=https%3A%2F%2Faccounts.google.com%2F&dsh=S1343398306%3A1773813210886169&followup=https%3A%2F%2Faccounts.google.com%2F&ifkv=ASfE1-rzkxUK4setMCIXX9V4VPX50Gjz_tw-e09j4vZuv-dTw5P2azl5DCMNzLitN-2gKjpOSp1__w&passive=1209600&flowName=WebLiteSignIn&flowEntry=ServiceLogin line 16 > eval, line 1401: unreachable code after return statement
JavaScript warning: https://accounts.google.com/v3/signin/identifier?continue=https%3A%2F%2Faccounts.google.com%2F&dsh=S1343398306%3A1773813210886169&followup=https%3A%2F%2Faccounts.google.com%2F&ifkv=ASfE1-rzkxUK4setMCIXX9V4VPX50Gjz_tw-e09j4vZuv-dTw5P2azl5DCMNzLitN-2gKjpOSp1__w&passive=1209600&flowName=WebLiteSignIn&flowEntry=ServiceLogin line 16 > eval, line 1401: unreachable code after return statement
JavaScript warning: https://accounts.google.com/v3/signin/identifier?continue=https%3A%2F%2Faccounts.google.com%2F&dsh=S1343398306%3A1773813210886169&followup=https%3A%2F%2Faccounts.google.com%2F&ifkv=ASfE1-rzkxUK4setMCIXX9V4VPX50Gjz_tw-e09j4vZuv-dTw5P2azl5DCMNzLitN-2gKjpOSp1__w&passive=1209600&flowName=WebLiteSignIn&flowEntry=ServiceLogin line 16 > eval, line 1401: unreachable code after return statement
JavaScript warning: https://accounts.google.com/v3/signin/identifier?continue=https%3A%2F%2Faccounts.google.com%2F&dsh=S1343398306%3A1773813210886169&followup=https%3A%2F%2Faccounts.google.com%2F&ifkv=ASfE1-rzkxUK4setMCIXX9V4VPX50Gjz_tw-e09j4vZuv-dTw5P2azl5DCMNzLitN-2gKjpOSp1__w&passive=1209600&flowName=WebLiteSignIn&flowEntry=ServiceLogin line 16 > eval, line 1401: unreachable code after return statement
JavaScript warning: https://accounts.google.com/v3/signin/identifier?continue=https%3A%2F%2Faccounts.google.com%2F&dsh=S1343398306%3A1773813210886169&followup=https%3A%2F%2Faccounts.google.com%2F&ifkv=ASfE1-rzkxUK4setMCIXX9V4VPX50Gjz_tw-e09j4vZuv-dTw5P2azl5DCMNzLitN-2gKjpOSp1__w&passive=1209600&flowName=WebLiteSignIn&flowEntry=ServiceLogin line 16 > eval line 1401 > eval, line 1: unreachable code after return statement
JavaScript warning: https://accounts.google.com/v3/signin/identifier?continue=https%3A%2F%2Faccounts.google.com%2F&dsh=S1343398306%3A1773813210886169&followup=https%3A%2F%2Faccounts.google.com%2F&ifkv=ASfE1-rzkxUK4setMCIXX9V4VPX50Gjz_tw-e09j4vZuv-dTw5P2azl5DCMNzLitN-2gKjpOSp1__w&passive=1209600&flowName=WebLiteSignIn&flowEntry=ServiceLogin line 16 > eval line 1401 > eval line 1 > eval, line 1: unreachable code after return statement
JavaScript warning: https://accounts.google.com/v3/signin/identifier?continue=https%3A%2F%2Faccounts.google.com%2F&dsh=S1343398306%3A1773813210886169&followup=https%3A%2F%2Faccounts.google.com%2F&ifkv=ASfE1-rzkxUK4setMCIXX9V4VPX50Gjz_tw-e09j4vZuv-dTw5P2azl5DCMNzLitN-2gKjpOSp1__w&passive=1209600&flowName=WebLiteSignIn&flowEntry=ServiceLogin line 16 > eval line 1401 > eval, line 1: unreachable code after return statement
JavaScript warning: https://accounts.google.com/v3/signin/identifier?continue=https%3A%2F%2Faccounts.google.com%2F&dsh=S1343398306%3A1773813210886169&followup=https%3A%2F%2Faccounts.google.com%2F&ifkv=ASfE1-rzkxUK4setMCIXX9V4VPX50Gjz_tw-e09j4vZuv-dTw5P2azl5DCMNzLitN-2gKjpOSp1__w&passive=1209600&flowName=WebLiteSignIn&flowEntry=ServiceLogin line 16 > eval line 1401 > eval line 1 > eval, line 1: unreachable code after return statement
JavaScript warning: https://accounts.google.com/v3/signin/identifier?continue=https%3A%2F%2Faccounts.google.com%2F&dsh=S1343398306%3A1773813210886169&followup=https%3A%2F%2Faccounts.google.com%2F&ifkv=ASfE1-rzkxUK4setMCIXX9V4VPX50Gjz_tw-e09j4vZuv-dTw5P2azl5DCMNzLitN-2gKjpOSp1__w&passive=1209600&flowName=WebLiteSignIn&flowEntry=ServiceLogin line 16 > eval, line 1401: unreachable code after return statement
JavaScript warning: https://accounts.google.com/v3/signin/identifier?continue=https%3A%2F%2Faccounts.google.com%2F&dsh=S1343398306%3A1773813210886169&followup=https%3A%2F%2Faccounts.google.com%2F&ifkv=ASfE1-rzkxUK4setMCIXX9V4VPX50Gjz_tw-e09j4vZuv-dTw5P2azl5DCMNzLitN-2gKjpOSp1__w&passive=1209600&flowName=WebLiteSignIn&flowEntry=ServiceLogin line 16 > eval line 1401 > eval line 1 > eval, line 1: unreachable code after return statement
JavaScript warning: https://accounts.google.com/v3/signin/identifier?continue=https%3A%2F%2Faccounts.google.com%2F&dsh=S1343398306%3A1773813210886169&followup=https%3A%2F%2Faccounts.google.com%2F&ifkv=ASfE1-rzkxUK4setMCIXX9V4VPX50Gjz_tw-e09j4vZuv-dTw5P2azl5DCMNzLitN-2gKjpOSp1__w&passive=1209600&flowName=WebLiteSignIn&flowEntry=ServiceLogin line 16 > eval line 1401 > eval line 1 > eval, line 1: unreachable code after return statement
JavaScript warning: https://accounts.google.com/v3/signin/identifier?continue=https%3A%2F%2Faccounts.google.com%2F&dsh=S1343398306%3A1773813210886169&followup=https%3A%2F%2Faccounts.google.com%2F&ifkv=ASfE1-rzkxUK4setMCIXX9V4VPX50Gjz_tw-e09j4vZuv-dTw5P2azl5DCMNzLitN-2gKjpOSp1__w&passive=1209600&flowName=WebLiteSignIn&flowEntry=ServiceLogin line 16 > eval line 1401 > eval line 1 > eval, line 1: unreachable code after return statement
JavaScript warning: https://accounts.google.com/v3/signin/identifier?continue=https%3A%2F%2Faccounts.google.com%2F&dsh=S1343398306%3A1773813210886169&followup=https%3A%2F%2Faccounts.google.com%2F&ifkv=ASfE1-rzkxUK4setMCIXX9V4VPX50Gjz_tw-e09j4vZuv-dTw5P2azl5DCMNzLitN-2gKjpOSp1__w&passive=1209600&flowName=WebLiteSignIn&flowEntry=ServiceLogin line 16 > eval line 1401 > eval line 1 > eval line 1 > eval, line 1: unreachable code after return statement
JavaScript warning: https://accounts.google.com/v3/signin/identifier?continue=https%3A%2F%2Faccounts.google.com%2F&dsh=S1343398306%3A1773813210886169&followup=https%3A%2F%2Faccounts.google.com%2F&ifkv=ASfE1-rzkxUK4setMCIXX9V4VPX50Gjz_tw-e09j4vZuv-dTw5P2azl5DCMNzLitN-2gKjpOSp1__w&passive=1209600&flowName=WebLiteSignIn&flowEntry=ServiceLogin line 16 > eval line 1401 > eval line 1 > eval line 1 > eval, line 1: unreachable code after return statement
JavaScript warning: https://accounts.google.com/v3/signin/identifier?continue=https%3A%2F%2Faccounts.google.com%2F&dsh=S1343398306%3A1773813210886169&followup=https%3A%2F%2Faccounts.google.com%2F&ifkv=ASfE1-rzkxUK4setMCIXX9V4VPX50Gjz_tw-e09j4vZuv-dTw5P2azl5DCMNzLitN-2gKjpOSp1__w&passive=1209600&flowName=WebLiteSignIn&flowEntry=ServiceLogin line 16 > eval line 1401 > eval line 1 > eval line 1 > eval, line 1: unreachable code after return statement
JavaScript warning: https://accounts.google.com/v3/signin/identifier?dsh=S-1610004052%3A1773813212450002&ifkv=ASfE1-pfs1OHwqdjKFSy9rrZ5FkvaTTGa1ivIpfsbk1pXXxr0AcrbhtDfEG1X3EqIw0oeJ1arta9cw&flowName=WebLiteSignIn&flowEntry=ServiceLogin, line 2987: unreachable code after return statement
JavaScript warning: https://accounts.google.com/v3/signin/identifier?dsh=S-1610004052%3A1773813212450002&ifkv=ASfE1-pfs1OHwqdjKFSy9rrZ5FkvaTTGa1ivIpfsbk1pXXxr0AcrbhtDfEG1X3EqIw0oeJ1arta9cw&flowName=WebLiteSignIn&flowEntry=ServiceLogin, line 2987: unreachable code after return statement
JavaScript warning: https://accounts.google.com/v3/signin/identifier?dsh=S-1610004052%3A1773813212450002&ifkv=ASfE1-pfs1OHwqdjKFSy9rrZ5FkvaTTGa1ivIpfsbk1pXXxr0AcrbhtDfEG1X3EqIw0oeJ1arta9cw&flowName=WebLiteSignIn&flowEntry=ServiceLogin, line 2987: unreachable code after return statement
JavaScript warning: https://accounts.google.com/v3/signin/identifier?dsh=S-1610004052%3A1773813212450002&ifkv=ASfE1-pfs1OHwqdjKFSy9rrZ5FkvaTTGa1ivIpfsbk1pXXxr0AcrbhtDfEG1X3EqIw0oeJ1arta9cw&flowName=WebLiteSignIn&flowEntry=ServiceLogin, line 2987: unreachable code after return statement
JavaScript warning: https://accounts.google.com/v3/signin/identifier?dsh=S-1610004052%3A1773813212450002&ifkv=ASfE1-pfs1OHwqdjKFSy9rrZ5FkvaTTGa1ivIpfsbk1pXXxr0AcrbhtDfEG1X3EqIw0oeJ1arta9cw&flowName=WebLiteSignIn&flowEntry=ServiceLogin, line 2987: unreachable code after return statement
JavaScript warning: https://accounts.google.com/v3/signin/identifier?dsh=S-1610004052%3A1773813212450002&ifkv=ASfE1-pfs1OHwqdjKFSy9rrZ5FkvaTTGa1ivIpfsbk1pXXxr0AcrbhtDfEG1X3EqIw0oeJ1arta9cw&flowName=WebLiteSignIn&flowEntry=ServiceLogin, line 2987: unreachable code after return statement
JavaScript warning: https://accounts.google.com/v3/signin/identifier?dsh=S-1610004052%3A1773813212450002&ifkv=ASfE1-pfs1OHwqdjKFSy9rrZ5FkvaTTGa1ivIpfsbk1pXXxr0AcrbhtDfEG1X3EqIw0oeJ1arta9cw&flowName=WebLiteSignIn&flowEntry=ServiceLogin line 16 > eval, line 2987: unreachable code after return statement
JavaScript warning: https://accounts.google.com/v3/signin/identifier?dsh=S-1610004052%3A1773813212450002&ifkv=ASfE1-pfs1OHwqdjKFSy9rrZ5FkvaTTGa1ivIpfsbk1pXXxr0AcrbhtDfEG1X3EqIw0oeJ1arta9cw&flowName=WebLiteSignIn&flowEntry=ServiceLogin line 16 > eval, line 2987: unreachable code after return statement
JavaScript warning: https://accounts.google.com/v3/signin/identifier?dsh=S-1610004052%3A1773813212450002&ifkv=ASfE1-pfs1OHwqdjKFSy9rrZ5FkvaTTGa1ivIpfsbk1pXXxr0AcrbhtDfEG1X3EqIw0oeJ1arta9cw&flowName=WebLiteSignIn&flowEntry=ServiceLogin line 16 > eval, line 2987: unreachable code after return statement
JavaScript warning: https://accounts.google.com/v3/signin/identifier?dsh=S-1610004052%3A1773813212450002&ifkv=ASfE1-pfs1OHwqdjKFSy9rrZ5FkvaTTGa1ivIpfsbk1pXXxr0AcrbhtDfEG1X3EqIw0oeJ1arta9cw&flowName=WebLiteSignIn&flowEntry=ServiceLogin line 16 > eval, line 2987: unreachable code after return statement
JavaScript warning: https://accounts.google.com/v3/signin/identifier?dsh=S-1610004052%3A1773813212450002&ifkv=ASfE1-pfs1OHwqdjKFSy9rrZ5FkvaTTGa1ivIpfsbk1pXXxr0AcrbhtDfEG1X3EqIw0oeJ1arta9cw&flowName=WebLiteSignIn&flowEntry=ServiceLogin line 16 > eval, line 1: unreachable code after return statement
JavaScript warning: https://accounts.google.com/v3/signin/identifier?dsh=S-1610004052%3A1773813212450002&ifkv=ASfE1-pfs1OHwqdjKFSy9rrZ5FkvaTTGa1ivIpfsbk1pXXxr0AcrbhtDfEG1X3EqIw0oeJ1arta9cw&flowName=WebLiteSignIn&flowEntry=ServiceLogin line 16 > eval line 2987 > eval, line 1: unreachable code after return statement
JavaScript warning: https://accounts.google.com/v3/signin/identifier?dsh=S-1610004052%3A1773813212450002&ifkv=ASfE1-pfs1OHwqdjKFSy9rrZ5FkvaTTGa1ivIpfsbk1pXXxr0AcrbhtDfEG1X3EqIw0oeJ1arta9cw&flowName=WebLiteSignIn&flowEntry=ServiceLogin line 16 > eval, line 1: unreachable code after return statement
JavaScript warning: https://accounts.google.com/v3/signin/identifier?dsh=S-1610004052%3A1773813212450002&ifkv=ASfE1-pfs1OHwqdjKFSy9rrZ5FkvaTTGa1ivIpfsbk1pXXxr0AcrbhtDfEG1X3EqIw0oeJ1arta9cw&flowName=WebLiteSignIn&flowEntry=ServiceLogin line 16 > eval line 2987 > eval, line 1: unreachable code after return statement
JavaScript warning: https://accounts.google.com/v3/signin/identifier?dsh=S-1610004052%3A1773813212450002&ifkv=ASfE1-pfs1OHwqdjKFSy9rrZ5FkvaTTGa1ivIpfsbk1pXXxr0AcrbhtDfEG1X3EqIw0oeJ1arta9cw&flowName=WebLiteSignIn&flowEntry=ServiceLogin line 16 > eval, line 2987: unreachable code after return statement
JavaScript warning: https://accounts.google.com/v3/signin/identifier?dsh=S-1610004052%3A1773813212450002&ifkv=ASfE1-pfs1OHwqdjKFSy9rrZ5FkvaTTGa1ivIpfsbk1pXXxr0AcrbhtDfEG1X3EqIw0oeJ1arta9cw&flowName=WebLiteSignIn&flowEntry=ServiceLogin line 16 > eval line 2987 > eval line 1 > eval, line 1: unreachable code after return statement
JavaScript warning: https://accounts.google.com/v3/signin/identifier?dsh=S-1610004052%3A1773813212450002&ifkv=ASfE1-pfs1OHwqdjKFSy9rrZ5FkvaTTGa1ivIpfsbk1pXXxr0AcrbhtDfEG1X3EqIw0oeJ1arta9cw&flowName=WebLiteSignIn&flowEntry=ServiceLogin line 16 > eval line 2987 > eval line 1 > eval, line 1: unreachable code after return statement
JavaScript warning: https://accounts.google.com/v3/signin/identifier?dsh=S-1610004052%3A1773813212450002&ifkv=ASfE1-pfs1OHwqdjKFSy9rrZ5FkvaTTGa1ivIpfsbk1pXXxr0AcrbhtDfEG1X3EqIw0oeJ1arta9cw&flowName=WebLiteSignIn&flowEntry=ServiceLogin line 16 > eval line 2987 > eval line 1 > eval, line 1: unreachable code after return statement
JavaScript warning: https://accounts.google.com/v3/signin/identifier?dsh=S-1610004052%3A1773813212450002&ifkv=ASfE1-pfs1OHwqdjKFSy9rrZ5FkvaTTGa1ivIpfsbk1pXXxr0AcrbhtDfEG1X3EqIw0oeJ1arta9cw&flowName=WebLiteSignIn&flowEntry=ServiceLogin line 16 > eval line 2987 > eval line 1 > eval line 1 > eval, line 1: unreachable code after return statement
JavaScript warning: https://accounts.google.com/v3/signin/identifier?dsh=S-1610004052%3A1773813212450002&ifkv=ASfE1-pfs1OHwqdjKFSy9rrZ5FkvaTTGa1ivIpfsbk1pXXxr0AcrbhtDfEG1X3EqIw0oeJ1arta9cw&flowName=WebLiteSignIn&flowEntry=ServiceLogin line 16 > eval line 2987 > eval line 1 > eval line 1 > eval, line 1: unreachable code after return statement
JavaScript warning: https://accounts.google.com/v3/signin/identifier?dsh=S-1610004052%3A1773813212450002&ifkv=ASfE1-pfs1OHwqdjKFSy9rrZ5FkvaTTGa1ivIpfsbk1pXXxr0AcrbhtDfEG1X3EqIw0oeJ1arta9cw&flowName=WebLiteSignIn&flowEntry=ServiceLogin line 16 > eval line 2987 > eval line 1 > eval line 1 > eval, line 1: unreachable code after return statement
console.warn: LoginRecipes: "Falling back to a synchronous message for: https://accounts.google.com."
JavaScript warning: https://accounts.google.com/v3/signin/identifier?dsh=S-1610004052%3A1773813212450002&ifkv=ASfE1-pfs1OHwqdjKFSy9rrZ5FkvaTTGa1ivIpfsbk1pXXxr0AcrbhtDfEG1X3EqIw0oeJ1arta9cw&flowName=WebLiteSignIn&flowEntry=ServiceLogin line 16 > eval line 2987 > eval line 1 > eval line 1 > eval, line 1: WEBGL_debug_renderer_info is deprecated in Firefox and will be removed. Please use RENDERER.
JavaScript warning: https://accounts.google.com/v3/signin/identifier?dsh=S-1610004052%3A1773813212450002&ifkv=ASfE1-pfs1OHwqdjKFSy9rrZ5FkvaTTGa1ivIpfsbk1pXXxr0AcrbhtDfEG1X3EqIw0oeJ1arta9cw&flowName=WebLiteSignIn&flowEntry=ServiceLogin, line 4127: unreachable code after return statement
JavaScript warning: https://accounts.google.com/v3/signin/identifier?dsh=S-1610004052%3A1773813212450002&ifkv=ASfE1-pfs1OHwqdjKFSy9rrZ5FkvaTTGa1ivIpfsbk1pXXxr0AcrbhtDfEG1X3EqIw0oeJ1arta9cw&flowName=WebLiteSignIn&flowEntry=ServiceLogin, line 4127: unreachable code after return statement
JavaScript warning: https://accounts.google.com/v3/signin/identifier?dsh=S-1610004052%3A1773813212450002&ifkv=ASfE1-pfs1OHwqdjKFSy9rrZ5FkvaTTGa1ivIpfsbk1pXXxr0AcrbhtDfEG1X3EqIw0oeJ1arta9cw&flowName=WebLiteSignIn&flowEntry=ServiceLogin, line 4127: unreachable code after return statement
JavaScript warning: https://accounts.google.com/v3/signin/identifier?dsh=S-1610004052%3A1773813212450002&ifkv=ASfE1-pfs1OHwqdjKFSy9rrZ5FkvaTTGa1ivIpfsbk1pXXxr0AcrbhtDfEG1X3EqIw0oeJ1arta9cw&flowName=WebLiteSignIn&flowEntry=ServiceLogin, line 4127: unreachable code after return statement
JavaScript warning: https://accounts.google.com/v3/signin/identifier?dsh=S-1610004052%3A1773813212450002&ifkv=ASfE1-pfs1OHwqdjKFSy9rrZ5FkvaTTGa1ivIpfsbk1pXXxr0AcrbhtDfEG1X3EqIw0oeJ1arta9cw&flowName=WebLiteSignIn&flowEntry=ServiceLogin, line 4127: unreachable code after return statement
JavaScript warning: https://accounts.google.com/v3/signin/identifier?dsh=S-1610004052%3A1773813212450002&ifkv=ASfE1-pfs1OHwqdjKFSy9rrZ5FkvaTTGa1ivIpfsbk1pXXxr0AcrbhtDfEG1X3EqIw0oeJ1arta9cw&flowName=WebLiteSignIn&flowEntry=ServiceLogin, line 4127: unreachable code after return statement
JavaScript warning: https://accounts.google.com/v3/signin/identifier?dsh=S-1610004052%3A1773813212450002&ifkv=ASfE1-pfs1OHwqdjKFSy9rrZ5FkvaTTGa1ivIpfsbk1pXXxr0AcrbhtDfEG1X3EqIw0oeJ1arta9cw&flowName=WebLiteSignIn&flowEntry=ServiceLogin line 16 > eval, line 4127: unreachable code after return statement
JavaScript warning: https://accounts.google.com/v3/signin/identifier?dsh=S-1610004052%3A1773813212450002&ifkv=ASfE1-pfs1OHwqdjKFSy9rrZ5FkvaTTGa1ivIpfsbk1pXXxr0AcrbhtDfEG1X3EqIw0oeJ1arta9cw&flowName=WebLiteSignIn&flowEntry=ServiceLogin line 16 > eval, line 4127: unreachable code after return statement
JavaScript warning: https://accounts.google.com/v3/signin/identifier?dsh=S-1610004052%3A1773813212450002&ifkv=ASfE1-pfs1OHwqdjKFSy9rrZ5FkvaTTGa1ivIpfsbk1pXXxr0AcrbhtDfEG1X3EqIw0oeJ1arta9cw&flowName=WebLiteSignIn&flowEntry=ServiceLogin line 16 > eval, line 4127: unreachable code after return statement
JavaScript warning: https://accounts.google.com/v3/signin/identifier?dsh=S-1610004052%3A1773813212450002&ifkv=ASfE1-pfs1OHwqdjKFSy9rrZ5FkvaTTGa1ivIpfsbk1pXXxr0AcrbhtDfEG1X3EqIw0oeJ1arta9cw&flowName=WebLiteSignIn&flowEntry=ServiceLogin line 16 > eval, line 4127: unreachable code after return statement
JavaScript warning: https://accounts.google.com/v3/signin/identifier?dsh=S-1610004052%3A1773813212450002&ifkv=ASfE1-pfs1OHwqdjKFSy9rrZ5FkvaTTGa1ivIpfsbk1pXXxr0AcrbhtDfEG1X3EqIw0oeJ1arta9cw&flowName=WebLiteSignIn&flowEntry=ServiceLogin line 16 > eval line 4127 > eval, line 1: unreachable code after return statement
JavaScript warning: https://accounts.google.com/v3/signin/identifier?dsh=S-1610004052%3A1773813212450002&ifkv=ASfE1-pfs1OHwqdjKFSy9rrZ5FkvaTTGa1ivIpfsbk1pXXxr0AcrbhtDfEG1X3EqIw0oeJ1arta9cw&flowName=WebLiteSignIn&flowEntry=ServiceLogin line 16 > eval line 4127 > eval line 1 > eval, line 1: unreachable code after return statement
JavaScript warning: https://accounts.google.com/v3/signin/identifier?dsh=S-1610004052%3A1773813212450002&ifkv=ASfE1-pfs1OHwqdjKFSy9rrZ5FkvaTTGa1ivIpfsbk1pXXxr0AcrbhtDfEG1X3EqIw0oeJ1arta9cw&flowName=WebLiteSignIn&flowEntry=ServiceLogin line 16 > eval line 4127 > eval, line 1: unreachable code after return statement
JavaScript warning: https://accounts.google.com/v3/signin/identifier?dsh=S-1610004052%3A1773813212450002&ifkv=ASfE1-pfs1OHwqdjKFSy9rrZ5FkvaTTGa1ivIpfsbk1pXXxr0AcrbhtDfEG1X3EqIw0oeJ1arta9cw&flowName=WebLiteSignIn&flowEntry=ServiceLogin line 16 > eval line 4127 > eval line 1 > eval, line 1: unreachable code after return statement
JavaScript warning: https://accounts.google.com/v3/signin/identifier?dsh=S-1610004052%3A1773813212450002&ifkv=ASfE1-pfs1OHwqdjKFSy9rrZ5FkvaTTGa1ivIpfsbk1pXXxr0AcrbhtDfEG1X3EqIw0oeJ1arta9cw&flowName=WebLiteSignIn&flowEntry=ServiceLogin line 16 > eval, line 4127: unreachable code after return statement
JavaScript warning: https://accounts.google.com/v3/signin/identifier?dsh=S-1610004052%3A1773813212450002&ifkv=ASfE1-pfs1OHwqdjKFSy9rrZ5FkvaTTGa1ivIpfsbk1pXXxr0AcrbhtDfEG1X3EqIw0oeJ1arta9cw&flowName=WebLiteSignIn&flowEntry=ServiceLogin line 16 > eval line 4127 > eval line 1 > eval, line 1: unreachable code after return statement
JavaScript warning: https://accounts.google.com/v3/signin/identifier?dsh=S-1610004052%3A1773813212450002&ifkv=ASfE1-pfs1OHwqdjKFSy9rrZ5FkvaTTGa1ivIpfsbk1pXXxr0AcrbhtDfEG1X3EqIw0oeJ1arta9cw&flowName=WebLiteSignIn&flowEntry=ServiceLogin line 16 > eval line 4127 > eval line 1 > eval, line 1: unreachable code after return statement
JavaScript warning: https://accounts.google.com/v3/signin/identifier?dsh=S-1610004052%3A1773813212450002&ifkv=ASfE1-pfs1OHwqdjKFSy9rrZ5FkvaTTGa1ivIpfsbk1pXXxr0AcrbhtDfEG1X3EqIw0oeJ1arta9cw&flowName=WebLiteSignIn&flowEntry=ServiceLogin line 16 > eval line 4127 > eval line 1 > eval, line 1: unreachable code after return statement
JavaScript warning: https://accounts.google.com/v3/signin/identifier?dsh=S-1610004052%3A1773813212450002&ifkv=ASfE1-pfs1OHwqdjKFSy9rrZ5FkvaTTGa1ivIpfsbk1pXXxr0AcrbhtDfEG1X3EqIw0oeJ1arta9cw&flowName=WebLiteSignIn&flowEntry=ServiceLogin line 16 > eval line 4127 > eval line 1 > eval line 1 > eval, line 1: unreachable code after return statement
JavaScript warning: https://accounts.google.com/v3/signin/identifier?dsh=S-1610004052%3A1773813212450002&ifkv=ASfE1-pfs1OHwqdjKFSy9rrZ5FkvaTTGa1ivIpfsbk1pXXxr0AcrbhtDfEG1X3EqIw0oeJ1arta9cw&flowName=WebLiteSignIn&flowEntry=ServiceLogin line 16 > eval line 4127 > eval line 1 > eval line 1 > eval, line 1: unreachable code after return statement
JavaScript warning: https://accounts.google.com/v3/signin/identifier?dsh=S-1610004052%3A1773813212450002&ifkv=ASfE1-pfs1OHwqdjKFSy9rrZ5FkvaTTGa1ivIpfsbk1pXXxr0AcrbhtDfEG1X3EqIw0oeJ1arta9cw&flowName=WebLiteSignIn&flowEntry=ServiceLogin line 16 > eval line 4127 > eval line 1 > eval line 1 > eval, line 1: unreachable code after return statement
JavaScript warning: https://accounts.google.com/v3/signin/identifier?dsh=S-1610004052%3A1773813212450002&ifkv=ASfE1-pfs1OHwqdjKFSy9rrZ5FkvaTTGa1ivIpfsbk1pXXxr0AcrbhtDfEG1X3EqIw0oeJ1arta9cw&flowName=WebLiteSignIn&flowEntry=ServiceLogin line 16 > eval line 4127 > eval line 1 > eval line 1 > eval, line 1: WEBGL_debug_renderer_info is deprecated in Firefox and will be removed. Please use RENDERER.
console.error: [Exception... "Component is not available"  nsresult: "0x80040111 (NS_ERROR_NOT_AVAILABLE)"  location: "<unknown>"  data: no]
JavaScript warning: https://accounts.google.com/v3/signin/identifier?dsh=S-1610004052:1773813212450002&flowEntry=ServiceLogin&flowName=WebLiteSignIn&ifkv=ASfE1-pfs1OHwqdjKFSy9rrZ5FkvaTTGa1ivIpfsbk1pXXxr0AcrbhtDfEG1X3EqIw0oeJ1arta9cw, line 6985: unreachable code after return statement
JavaScript warning: https://accounts.google.com/v3/signin/identifier?dsh=S-1610004052:1773813212450002&flowEntry=ServiceLogin&flowName=WebLiteSignIn&ifkv=ASfE1-pfs1OHwqdjKFSy9rrZ5FkvaTTGa1ivIpfsbk1pXXxr0AcrbhtDfEG1X3EqIw0oeJ1arta9cw, line 6985: unreachable code after return statement
JavaScript warning: https://accounts.google.com/v3/signin/identifier?dsh=S-1610004052:1773813212450002&flowEntry=ServiceLogin&flowName=WebLiteSignIn&ifkv=ASfE1-pfs1OHwqdjKFSy9rrZ5FkvaTTGa1ivIpfsbk1pXXxr0AcrbhtDfEG1X3EqIw0oeJ1arta9cw, line 6985: unreachable code after return statement
JavaScript warning: https://accounts.google.com/v3/signin/identifier?dsh=S-1610004052:1773813212450002&flowEntry=ServiceLogin&flowName=WebLiteSignIn&ifkv=ASfE1-pfs1OHwqdjKFSy9rrZ5FkvaTTGa1ivIpfsbk1pXXxr0AcrbhtDfEG1X3EqIw0oeJ1arta9cw, line 6985: unreachable code after return statement
JavaScript warning: https://accounts.google.com/v3/signin/identifier?dsh=S-1610004052:1773813212450002&flowEntry=ServiceLogin&flowName=WebLiteSignIn&ifkv=ASfE1-pfs1OHwqdjKFSy9rrZ5FkvaTTGa1ivIpfsbk1pXXxr0AcrbhtDfEG1X3EqIw0oeJ1arta9cw, line 6985: unreachable code after return statement
JavaScript warning: https://accounts.google.com/v3/signin/identifier?dsh=S-1610004052:1773813212450002&flowEntry=ServiceLogin&flowName=WebLiteSignIn&ifkv=ASfE1-pfs1OHwqdjKFSy9rrZ5FkvaTTGa1ivIpfsbk1pXXxr0AcrbhtDfEG1X3EqIw0oeJ1arta9cw, line 6985: unreachable code after return statement
JavaScript warning: https://accounts.google.com/v3/signin/identifier?dsh=S-1610004052:1773813212450002&flowEntry=ServiceLogin&flowName=WebLiteSignIn&ifkv=ASfE1-pfs1OHwqdjKFSy9rrZ5FkvaTTGa1ivIpfsbk1pXXxr0AcrbhtDfEG1X3EqIw0oeJ1arta9cw line 16 > eval, line 6985: unreachable code after return statement
JavaScript warning: https://accounts.google.com/v3/signin/identifier?dsh=S-1610004052:1773813212450002&flowEntry=ServiceLogin&flowName=WebLiteSignIn&ifkv=ASfE1-pfs1OHwqdjKFSy9rrZ5FkvaTTGa1ivIpfsbk1pXXxr0AcrbhtDfEG1X3EqIw0oeJ1arta9cw line 16 > eval, line 6985: unreachable code after return statement
JavaScript warning: https://accounts.google.com/v3/signin/identifier?dsh=S-1610004052:1773813212450002&flowEntry=ServiceLogin&flowName=WebLiteSignIn&ifkv=ASfE1-pfs1OHwqdjKFSy9rrZ5FkvaTTGa1ivIpfsbk1pXXxr0AcrbhtDfEG1X3EqIw0oeJ1arta9cw line 16 > eval, line 6985: unreachable code after return statement
JavaScript warning: https://accounts.google.com/v3/signin/identifier?dsh=S-1610004052:1773813212450002&flowEntry=ServiceLogin&flowName=WebLiteSignIn&ifkv=ASfE1-pfs1OHwqdjKFSy9rrZ5FkvaTTGa1ivIpfsbk1pXXxr0AcrbhtDfEG1X3EqIw0oeJ1arta9cw line 16 > eval, line 6985: unreachable code after return statement
JavaScript warning: https://accounts.google.com/v3/signin/identifier?dsh=S-1610004052:1773813212450002&flowEntry=ServiceLogin&flowName=WebLiteSignIn&ifkv=ASfE1-pfs1OHwqdjKFSy9rrZ5FkvaTTGa1ivIpfsbk1pXXxr0AcrbhtDfEG1X3EqIw0oeJ1arta9cw line 16 > eval, line 1: unreachable code after return statement
JavaScript warning: https://accounts.google.com/v3/signin/identifier?dsh=S-1610004052:1773813212450002&flowEntry=ServiceLogin&flowName=WebLiteSignIn&ifkv=ASfE1-pfs1OHwqdjKFSy9rrZ5FkvaTTGa1ivIpfsbk1pXXxr0AcrbhtDfEG1X3EqIw0oeJ1arta9cw line 16 > eval line 6985 > eval, line 1: unreachable code after return statement
JavaScript warning: https://accounts.google.com/v3/signin/identifier?dsh=S-1610004052:1773813212450002&flowEntry=ServiceLogin&flowName=WebLiteSignIn&ifkv=ASfE1-pfs1OHwqdjKFSy9rrZ5FkvaTTGa1ivIpfsbk1pXXxr0AcrbhtDfEG1X3EqIw0oeJ1arta9cw line 16 > eval, line 1: unreachable code after return statement
JavaScript warning: https://accounts.google.com/v3/signin/identifier?dsh=S-1610004052:1773813212450002&flowEntry=ServiceLogin&flowName=WebLiteSignIn&ifkv=ASfE1-pfs1OHwqdjKFSy9rrZ5FkvaTTGa1ivIpfsbk1pXXxr0AcrbhtDfEG1X3EqIw0oeJ1arta9cw line 16 > eval line 6985 > eval, line 1: unreachable code after return statement
JavaScript warning: https://accounts.google.com/v3/signin/identifier?dsh=S-1610004052:1773813212450002&flowEntry=ServiceLogin&flowName=WebLiteSignIn&ifkv=ASfE1-pfs1OHwqdjKFSy9rrZ5FkvaTTGa1ivIpfsbk1pXXxr0AcrbhtDfEG1X3EqIw0oeJ1arta9cw line 16 > eval, line 6985: unreachable code after return statement
JavaScript warning: https://accounts.google.com/v3/signin/identifier?dsh=S-1610004052:1773813212450002&flowEntry=ServiceLogin&flowName=WebLiteSignIn&ifkv=ASfE1-pfs1OHwqdjKFSy9rrZ5FkvaTTGa1ivIpfsbk1pXXxr0AcrbhtDfEG1X3EqIw0oeJ1arta9cw line 16 > eval line 6985 > eval line 1 > eval, line 1: unreachable code after return statement
JavaScript warning: https://accounts.google.com/v3/signin/identifier?dsh=S-1610004052:1773813212450002&flowEntry=ServiceLogin&flowName=WebLiteSignIn&ifkv=ASfE1-pfs1OHwqdjKFSy9rrZ5FkvaTTGa1ivIpfsbk1pXXxr0AcrbhtDfEG1X3EqIw0oeJ1arta9cw line 16 > eval line 6985 > eval line 1 > eval, line 1: unreachable code after return statement
JavaScript warning: https://accounts.google.com/v3/signin/identifier?dsh=S-1610004052:1773813212450002&flowEntry=ServiceLogin&flowName=WebLiteSignIn&ifkv=ASfE1-pfs1OHwqdjKFSy9rrZ5FkvaTTGa1ivIpfsbk1pXXxr0AcrbhtDfEG1X3EqIw0oeJ1arta9cw line 16 > eval line 6985 > eval line 1 > eval, line 1: unreachable code after return statement
JavaScript warning: https://accounts.google.com/v3/signin/identifier?dsh=S-1610004052:1773813212450002&flowEntry=ServiceLogin&flowName=WebLiteSignIn&ifkv=ASfE1-pfs1OHwqdjKFSy9rrZ5FkvaTTGa1ivIpfsbk1pXXxr0AcrbhtDfEG1X3EqIw0oeJ1arta9cw line 16 > eval line 6985 > eval line 1 > eval line 1 > eval, line 1: unreachable code after return statement
JavaScript warning: https://accounts.google.com/v3/signin/identifier?dsh=S-1610004052:1773813212450002&flowEntry=ServiceLogin&flowName=WebLiteSignIn&ifkv=ASfE1-pfs1OHwqdjKFSy9rrZ5FkvaTTGa1ivIpfsbk1pXXxr0AcrbhtDfEG1X3EqIw0oeJ1arta9cw line 16 > eval line 6985 > eval line 1 > eval line 1 > eval, line 1: unreachable code after return statement
JavaScript warning: https://accounts.google.com/v3/signin/identifier?dsh=S-1610004052:1773813212450002&flowEntry=ServiceLogin&flowName=WebLiteSignIn&ifkv=ASfE1-pfs1OHwqdjKFSy9rrZ5FkvaTTGa1ivIpfsbk1pXXxr0AcrbhtDfEG1X3EqIw0oeJ1arta9cw line 16 > eval line 6985 > eval line 1 > eval line 1 > eval, line 1: unreachable code after return statement
JavaScript warning: https://accounts.google.com/v3/signin/identifier?dsh=S-1610004052:1773813212450002&flowEntry=ServiceLogin&flowName=WebLiteSignIn&ifkv=ASfE1-pfs1OHwqdjKFSy9rrZ5FkvaTTGa1ivIpfsbk1pXXxr0AcrbhtDfEG1X3EqIw0oeJ1arta9cw line 16 > eval line 6985 > eval line 1 > eval line 1 > eval, line 1: WEBGL_debug_renderer_info is deprecated in Firefox and will be removed. Please use RENDERER.
JavaScript warning: https://accounts.google.com/v3/signin/identifier?dsh=S1007372671%3A1773813254077841&flowEntry=ServiceLogin&flowName=WebLiteSignIn&ifkv=ASfE1-pgZw8oI4xjc9ML0qcJ3x6TJCM2m1aYTqzL5fcpp0hI8mcLSQ2zIwtvgfEKyfQC66iCjmSY, line 6852: unreachable code after return statement
JavaScript warning: https://accounts.google.com/v3/signin/identifier?dsh=S1007372671%3A1773813254077841&flowEntry=ServiceLogin&flowName=WebLiteSignIn&ifkv=ASfE1-pgZw8oI4xjc9ML0qcJ3x6TJCM2m1aYTqzL5fcpp0hI8mcLSQ2zIwtvgfEKyfQC66iCjmSY, line 6852: unreachable code after return statement
JavaScript warning: https://accounts.google.com/v3/signin/identifier?dsh=S1007372671%3A1773813254077841&flowEntry=ServiceLogin&flowName=WebLiteSignIn&ifkv=ASfE1-pgZw8oI4xjc9ML0qcJ3x6TJCM2m1aYTqzL5fcpp0hI8mcLSQ2zIwtvgfEKyfQC66iCjmSY, line 6852: unreachable code after return statement
JavaScript warning: https://accounts.google.com/v3/signin/identifier?dsh=S1007372671%3A1773813254077841&flowEntry=ServiceLogin&flowName=WebLiteSignIn&ifkv=ASfE1-pgZw8oI4xjc9ML0qcJ3x6TJCM2m1aYTqzL5fcpp0hI8mcLSQ2zIwtvgfEKyfQC66iCjmSY, line 6852: unreachable code after return statement
JavaScript warning: https://accounts.google.com/v3/signin/identifier?dsh=S1007372671%3A1773813254077841&flowEntry=ServiceLogin&flowName=WebLiteSignIn&ifkv=ASfE1-pgZw8oI4xjc9ML0qcJ3x6TJCM2m1aYTqzL5fcpp0hI8mcLSQ2zIwtvgfEKyfQC66iCjmSY, line 6852: unreachable code after return statement
JavaScript warning: https://accounts.google.com/v3/signin/identifier?dsh=S1007372671%3A1773813254077841&flowEntry=ServiceLogin&flowName=WebLiteSignIn&ifkv=ASfE1-pgZw8oI4xjc9ML0qcJ3x6TJCM2m1aYTqzL5fcpp0hI8mcLSQ2zIwtvgfEKyfQC66iCjmSY, line 6852: unreachable code after return statement
JavaScript warning: https://accounts.google.com/v3/signin/identifier?dsh=S1007372671%3A1773813254077841&flowEntry=ServiceLogin&flowName=WebLiteSignIn&ifkv=ASfE1-pgZw8oI4xjc9ML0qcJ3x6TJCM2m1aYTqzL5fcpp0hI8mcLSQ2zIwtvgfEKyfQC66iCjmSY line 16 > eval, line 6852: unreachable code after return statement
JavaScript warning: https://accounts.google.com/v3/signin/identifier?dsh=S1007372671%3A1773813254077841&flowEntry=ServiceLogin&flowName=WebLiteSignIn&ifkv=ASfE1-pgZw8oI4xjc9ML0qcJ3x6TJCM2m1aYTqzL5fcpp0hI8mcLSQ2zIwtvgfEKyfQC66iCjmSY line 16 > eval, line 6852: unreachable code after return statement
JavaScript warning: https://accounts.google.com/v3/signin/identifier?dsh=S1007372671%3A1773813254077841&flowEntry=ServiceLogin&flowName=WebLiteSignIn&ifkv=ASfE1-pgZw8oI4xjc9ML0qcJ3x6TJCM2m1aYTqzL5fcpp0hI8mcLSQ2zIwtvgfEKyfQC66iCjmSY line 16 > eval, line 6852: unreachable code after return statement
JavaScript warning: https://accounts.google.com/v3/signin/identifier?dsh=S1007372671%3A1773813254077841&flowEntry=ServiceLogin&flowName=WebLiteSignIn&ifkv=ASfE1-pgZw8oI4xjc9ML0qcJ3x6TJCM2m1aYTqzL5fcpp0hI8mcLSQ2zIwtvgfEKyfQC66iCjmSY line 16 > eval, line 6852: unreachable code after return statement
JavaScript warning: https://accounts.google.com/v3/signin/identifier?dsh=S1007372671%3A1773813254077841&flowEntry=ServiceLogin&flowName=WebLiteSignIn&ifkv=ASfE1-pgZw8oI4xjc9ML0qcJ3x6TJCM2m1aYTqzL5fcpp0hI8mcLSQ2zIwtvgfEKyfQC66iCjmSY line 16 > eval, line 1: unreachable code after return statement
JavaScript warning: https://accounts.google.com/v3/signin/identifier?dsh=S1007372671%3A1773813254077841&flowEntry=ServiceLogin&flowName=WebLiteSignIn&ifkv=ASfE1-pgZw8oI4xjc9ML0qcJ3x6TJCM2m1aYTqzL5fcpp0hI8mcLSQ2zIwtvgfEKyfQC66iCjmSY line 16 > eval line 6852 > eval, line 1: unreachable code after return statement
JavaScript warning: https://accounts.google.com/v3/signin/identifier?dsh=S1007372671%3A1773813254077841&flowEntry=ServiceLogin&flowName=WebLiteSignIn&ifkv=ASfE1-pgZw8oI4xjc9ML0qcJ3x6TJCM2m1aYTqzL5fcpp0hI8mcLSQ2zIwtvgfEKyfQC66iCjmSY line 16 > eval line 6852 > eval, line 1: unreachable code after return statement
JavaScript warning: https://accounts.google.com/v3/signin/identifier?dsh=S1007372671%3A1773813254077841&flowEntry=ServiceLogin&flowName=WebLiteSignIn&ifkv=ASfE1-pgZw8oI4xjc9ML0qcJ3x6TJCM2m1aYTqzL5fcpp0hI8mcLSQ2zIwtvgfEKyfQC66iCjmSY line 16 > eval line 6852 > eval line 1 > eval, line 1: unreachable code after return statement
JavaScript warning: https://accounts.google.com/v3/signin/identifier?dsh=S1007372671%3A1773813254077841&flowEntry=ServiceLogin&flowName=WebLiteSignIn&ifkv=ASfE1-pgZw8oI4xjc9ML0qcJ3x6TJCM2m1aYTqzL5fcpp0hI8mcLSQ2zIwtvgfEKyfQC66iCjmSY line 16 > eval, line 6852: unreachable code after return statement
JavaScript warning: https://accounts.google.com/v3/signin/identifier?dsh=S1007372671%3A1773813254077841&flowEntry=ServiceLogin&flowName=WebLiteSignIn&ifkv=ASfE1-pgZw8oI4xjc9ML0qcJ3x6TJCM2m1aYTqzL5fcpp0hI8mcLSQ2zIwtvgfEKyfQC66iCjmSY line 16 > eval line 6852 > eval line 1 > eval, line 1: unreachable code after return statement
JavaScript warning: https://accounts.google.com/v3/signin/identifier?dsh=S1007372671%3A1773813254077841&flowEntry=ServiceLogin&flowName=WebLiteSignIn&ifkv=ASfE1-pgZw8oI4xjc9ML0qcJ3x6TJCM2m1aYTqzL5fcpp0hI8mcLSQ2zIwtvgfEKyfQC66iCjmSY line 16 > eval line 6852 > eval line 1 > eval, line 1: unreachable code after return statement
JavaScript warning: https://accounts.google.com/v3/signin/identifier?dsh=S1007372671%3A1773813254077841&flowEntry=ServiceLogin&flowName=WebLiteSignIn&ifkv=ASfE1-pgZw8oI4xjc9ML0qcJ3x6TJCM2m1aYTqzL5fcpp0hI8mcLSQ2zIwtvgfEKyfQC66iCjmSY line 16 > eval line 6852 > eval line 1 > eval, line 1: unreachable code after return statement
JavaScript warning: https://accounts.google.com/v3/signin/identifier?dsh=S1007372671%3A1773813254077841&flowEntry=ServiceLogin&flowName=WebLiteSignIn&ifkv=ASfE1-pgZw8oI4xjc9ML0qcJ3x6TJCM2m1aYTqzL5fcpp0hI8mcLSQ2zIwtvgfEKyfQC66iCjmSY line 16 > eval line 6852 > eval line 1 > eval line 1 > eval, line 1: unreachable code after return statement
JavaScript warning: https://accounts.google.com/v3/signin/identifier?dsh=S1007372671%3A1773813254077841&flowEntry=ServiceLogin&flowName=WebLiteSignIn&ifkv=ASfE1-pgZw8oI4xjc9ML0qcJ3x6TJCM2m1aYTqzL5fcpp0hI8mcLSQ2zIwtvgfEKyfQC66iCjmSY line 16 > eval line 6852 > eval line 1 > eval line 1 > eval, line 1: unreachable code after return statement
JavaScript warning: https://accounts.google.com/v3/signin/identifier?dsh=S1007372671%3A1773813254077841&flowEntry=ServiceLogin&flowName=WebLiteSignIn&ifkv=ASfE1-pgZw8oI4xjc9ML0qcJ3x6TJCM2m1aYTqzL5fcpp0hI8mcLSQ2zIwtvgfEKyfQC66iCjmSY line 16 > eval line 6852 > eval line 1 > eval line 1 > eval, line 1: unreachable code after return statement
1773813363872	Marionette	INFO	Stopped listening on port 57245
1773813593066	geckodriver	INFO	Listening on 127.0.0.1:57346
1773813596139	mozrunner::runner	INFO	Running command: "FirefoxPortableNightly/App/Firefox64/firefox.exe" "--marionette" "--remote-debugging-port" "57347" "--remote-allow-hosts" "localhost" "-no-remote" "-profile" "C:\\Users\\chipc\\AppData\\Local\\Temp\\rust_mozprofilecbCVVx"
Dynamically enable window occlusion 0
1773813596567	Marionette	INFO	Marionette enabled
1773813596672	Marionette	INFO	Listening on port 57377
WebDriver BiDi listening on ws://127.0.0.1:57347
Read port: 57377
1773813596810	RemoteAgent	WARN	TLS certificate errors will be ignored for this session
console.error: RSLoader: 
  Failed to retrieve recipes from Remote Settings
  Message: Error: Could not sync nimbus-desktop-experiments: get-exception
  Stack:
    RemoteSettingsSyncError@resource://nimbus/lib/RemoteSettingsExperimentLoader.sys.mjs:1410:5
getRecipesFromCollection@resource://nimbus/lib/RemoteSettingsExperimentLoader.sys.mjs:677:13

1773813601840	Marionette	INFO	Stopped listening on port 57377
Dynamically enable window occlusion 1
console.warn: TopSitesFeed: Failed to fetch data from MARS server: NetworkError when attempting to fetch resource.
1773813684307	geckodriver	INFO	Listening on 127.0.0.1:51599
1773813687393	mozrunner::runner	INFO	Running command: "FirefoxPortableNightly/App/Firefox64/firefox.exe" "--marionette" "--remote-debugging-port" "51600" "--remote-allow-hosts" "localhost" "-no-remote" "-profile" "C:\\Users\\chipc\\AppData\\Local\\Temp\\rust_mozprofileVPrrzh"
Dynamically enable window occlusion 0
1773813687820	Marionette	INFO	Marionette enabled
1773813687934	Marionette	INFO	Listening on port 51621
WebDriver BiDi listening on ws://127.0.0.1:51600
Read port: 51621
1773813688067	RemoteAgent	WARN	TLS certificate errors will be ignored for this session
console.error: RSLoader: 
  Failed to retrieve recipes from Remote Settings
  Message: Error: Could not sync nimbus-desktop-experiments: get-exception
  Stack:
    RemoteSettingsSyncError@resource://nimbus/lib/RemoteSettingsExperimentLoader.sys.mjs:1410:5
getRecipesFromCollection@resource://nimbus/lib/RemoteSettingsExperimentLoader.sys.mjs:677:13

1773813693081	Marionette	INFO	Stopped listening on port 51621
Dynamically enable window occlusion 1
console.warn: TopSitesFeed: Failed to fetch data from MARS server: NetworkError when attempting to fetch resource.
1773813749073	geckodriver	INFO	Listening on 127.0.0.1:63648
1773813752130	mozrunner::runner	INFO	Running command: "FirefoxPortableNightly/App/Firefox64/firefox.exe" "--marionette" "--remote-debugging-port" "63649" "--remote-allow-hosts" "localhost" "-no-remote" "-profile" "C:\\Users\\chipc\\AppData\\Local\\Temp\\rust_mozprofilezYPQkI"
Dynamically enable window occlusion 0
1773813752556	Marionette	INFO	Marionette enabled
1773813752649	Marionette	INFO	Listening on port 63674
WebDriver BiDi listening on ws://127.0.0.1:63649
Read port: 63674
1773813752876	RemoteAgent	WARN	TLS certificate errors will be ignored for this session
console.error: RSLoader: 
  Failed to retrieve recipes from Remote Settings
  Message: Error: Could not sync nimbus-desktop-experiments: get-exception
  Stack:
    RemoteSettingsSyncError@resource://nimbus/lib/RemoteSettingsExperimentLoader.sys.mjs:1410:5
getRecipesFromCollection@resource://nimbus/lib/RemoteSettingsExperimentLoader.sys.mjs:677:13

console.error: (new NotFoundError("Could not find fa0fc42c-d91d-fca7-34eb-806ff46062dc in cache or dump", "resource://services-settings/Attachments.sys.mjs", 48))
console.warn: "Unable to find the attachment for" "fa0fc42c-d91d-fca7-34eb-806ff46062dc"
console.warn: LoginRecipes: "Falling back to a synchronous message for: https://accounts.google.com."
JavaScript warning: https://accounts.google.com/v3/signin/identifier?dsh=S-1056129261%3A1773813755407508&ifkv=ASfE1-ozpUYkCehEYkx9TybOYe9WlE-f7c-CYYjdUYylY-qbGOGM4EX1Kx2NA_36GX3jjcM6b9yftg&flowName=GlifWebSignIn&flowEntry=ServiceLogin line 1331 > injectedScript, line 411: unreachable code after return statement
JavaScript warning: https://accounts.google.com/v3/signin/identifier?dsh=S-1056129261%3A1773813755407508&ifkv=ASfE1-ozpUYkCehEYkx9TybOYe9WlE-f7c-CYYjdUYylY-qbGOGM4EX1Kx2NA_36GX3jjcM6b9yftg&flowName=GlifWebSignIn&flowEntry=ServiceLogin line 1331 > injectedScript, line 411: unreachable code after return statement
JavaScript warning: https://accounts.google.com/v3/signin/identifier?dsh=S-1056129261%3A1773813755407508&ifkv=ASfE1-ozpUYkCehEYkx9TybOYe9WlE-f7c-CYYjdUYylY-qbGOGM4EX1Kx2NA_36GX3jjcM6b9yftg&flowName=GlifWebSignIn&flowEntry=ServiceLogin line 1331 > injectedScript, line 411: unreachable code after return statement
JavaScript warning: https://accounts.google.com/v3/signin/identifier?dsh=S-1056129261%3A1773813755407508&ifkv=ASfE1-ozpUYkCehEYkx9TybOYe9WlE-f7c-CYYjdUYylY-qbGOGM4EX1Kx2NA_36GX3jjcM6b9yftg&flowName=GlifWebSignIn&flowEntry=ServiceLogin line 1331 > injectedScript, line 411: unreachable code after return statement
JavaScript warning: https://accounts.google.com/v3/signin/identifier?dsh=S-1056129261%3A1773813755407508&ifkv=ASfE1-ozpUYkCehEYkx9TybOYe9WlE-f7c-CYYjdUYylY-qbGOGM4EX1Kx2NA_36GX3jjcM6b9yftg&flowName=GlifWebSignIn&flowEntry=ServiceLogin line 1331 > injectedScript, line 411: unreachable code after return statement
JavaScript warning: https://accounts.google.com/v3/signin/identifier?dsh=S-1056129261%3A1773813755407508&ifkv=ASfE1-ozpUYkCehEYkx9TybOYe9WlE-f7c-CYYjdUYylY-qbGOGM4EX1Kx2NA_36GX3jjcM6b9yftg&flowName=GlifWebSignIn&flowEntry=ServiceLogin line 1331 > injectedScript, line 411: unreachable code after return statement
JavaScript warning: https://accounts.google.com/v3/signin/identifier?dsh=S-1056129261%3A1773813755407508&ifkv=ASfE1-ozpUYkCehEYkx9TybOYe9WlE-f7c-CYYjdUYylY-qbGOGM4EX1Kx2NA_36GX3jjcM6b9yftg&flowName=GlifWebSignIn&flowEntry=ServiceLogin line 1331 > injectedScript line 2 > eval, line 411: unreachable code after return statement
JavaScript warning: https://accounts.google.com/v3/signin/identifier?dsh=S-1056129261%3A1773813755407508&ifkv=ASfE1-ozpUYkCehEYkx9TybOYe9WlE-f7c-CYYjdUYylY-qbGOGM4EX1Kx2NA_36GX3jjcM6b9yftg&flowName=GlifWebSignIn&flowEntry=ServiceLogin line 1331 > injectedScript line 2 > eval, line 411: unreachable code after return statement
JavaScript warning: https://accounts.google.com/v3/signin/identifier?dsh=S-1056129261%3A1773813755407508&ifkv=ASfE1-ozpUYkCehEYkx9TybOYe9WlE-f7c-CYYjdUYylY-qbGOGM4EX1Kx2NA_36GX3jjcM6b9yftg&flowName=GlifWebSignIn&flowEntry=ServiceLogin line 1331 > injectedScript line 2 > eval, line 411: unreachable code after return statement
JavaScript warning: https://accounts.google.com/v3/signin/identifier?dsh=S-1056129261%3A1773813755407508&ifkv=ASfE1-ozpUYkCehEYkx9TybOYe9WlE-f7c-CYYjdUYylY-qbGOGM4EX1Kx2NA_36GX3jjcM6b9yftg&flowName=GlifWebSignIn&flowEntry=ServiceLogin line 1331 > injectedScript line 2 > eval, line 411: unreachable code after return statement
JavaScript warning: https://accounts.google.com/v3/signin/identifier?dsh=S-1056129261%3A1773813755407508&ifkv=ASfE1-ozpUYkCehEYkx9TybOYe9WlE-f7c-CYYjdUYylY-qbGOGM4EX1Kx2NA_36GX3jjcM6b9yftg&flowName=GlifWebSignIn&flowEntry=ServiceLogin line 1331 > injectedScript line 2 > eval, line 1: unreachable code after return statement
JavaScript warning: https://accounts.google.com/v3/signin/identifier?dsh=S-1056129261%3A1773813755407508&ifkv=ASfE1-ozpUYkCehEYkx9TybOYe9WlE-f7c-CYYjdUYylY-qbGOGM4EX1Kx2NA_36GX3jjcM6b9yftg&flowName=GlifWebSignIn&flowEntry=ServiceLogin line 1331 > injectedScript line 2 > eval line 411 > eval, line 1: unreachable code after return statement
JavaScript warning: https://accounts.google.com/v3/signin/identifier?dsh=S-1056129261%3A1773813755407508&ifkv=ASfE1-ozpUYkCehEYkx9TybOYe9WlE-f7c-CYYjdUYylY-qbGOGM4EX1Kx2NA_36GX3jjcM6b9yftg&flowName=GlifWebSignIn&flowEntry=ServiceLogin line 1331 > injectedScript line 2 > eval line 411 > eval, line 1: unreachable code after return statement
JavaScript warning: https://accounts.google.com/v3/signin/identifier?dsh=S-1056129261%3A1773813755407508&ifkv=ASfE1-ozpUYkCehEYkx9TybOYe9WlE-f7c-CYYjdUYylY-qbGOGM4EX1Kx2NA_36GX3jjcM6b9yftg&flowName=GlifWebSignIn&flowEntry=ServiceLogin line 1331 > injectedScript line 2 > eval line 411 > eval line 1 > eval, line 1: unreachable code after return statement
JavaScript warning: https://accounts.google.com/v3/signin/identifier?dsh=S-1056129261%3A1773813755407508&ifkv=ASfE1-ozpUYkCehEYkx9TybOYe9WlE-f7c-CYYjdUYylY-qbGOGM4EX1Kx2NA_36GX3jjcM6b9yftg&flowName=GlifWebSignIn&flowEntry=ServiceLogin line 1331 > injectedScript line 2 > eval, line 411: unreachable code after return statement
JavaScript warning: https://accounts.google.com/v3/signin/identifier?dsh=S-1056129261%3A1773813755407508&ifkv=ASfE1-ozpUYkCehEYkx9TybOYe9WlE-f7c-CYYjdUYylY-qbGOGM4EX1Kx2NA_36GX3jjcM6b9yftg&flowName=GlifWebSignIn&flowEntry=ServiceLogin line 1331 > injectedScript line 2 > eval line 411 > eval line 1 > eval, line 1: unreachable code after return statement
JavaScript warning: https://accounts.google.com/v3/signin/identifier?dsh=S-1056129261%3A1773813755407508&ifkv=ASfE1-ozpUYkCehEYkx9TybOYe9WlE-f7c-CYYjdUYylY-qbGOGM4EX1Kx2NA_36GX3jjcM6b9yftg&flowName=GlifWebSignIn&flowEntry=ServiceLogin line 1331 > injectedScript line 2 > eval line 411 > eval line 1 > eval, line 1: unreachable code after return statement
JavaScript warning: https://accounts.google.com/v3/signin/identifier?dsh=S-1056129261%3A1773813755407508&ifkv=ASfE1-ozpUYkCehEYkx9TybOYe9WlE-f7c-CYYjdUYylY-qbGOGM4EX1Kx2NA_36GX3jjcM6b9yftg&flowName=GlifWebSignIn&flowEntry=ServiceLogin line 1331 > injectedScript line 2 > eval line 411 > eval line 1 > eval, line 1: unreachable code after return statement
JavaScript warning: https://accounts.google.com/v3/signin/identifier?dsh=S-1056129261%3A1773813755407508&ifkv=ASfE1-ozpUYkCehEYkx9TybOYe9WlE-f7c-CYYjdUYylY-qbGOGM4EX1Kx2NA_36GX3jjcM6b9yftg&flowName=GlifWebSignIn&flowEntry=ServiceLogin line 1331 > injectedScript line 2 > eval line 411 > eval line 1 > eval line 1 > eval, line 1: unreachable code after return statement
JavaScript warning: https://accounts.google.com/v3/signin/identifier?dsh=S-1056129261%3A1773813755407508&ifkv=ASfE1-ozpUYkCehEYkx9TybOYe9WlE-f7c-CYYjdUYylY-qbGOGM4EX1Kx2NA_36GX3jjcM6b9yftg&flowName=GlifWebSignIn&flowEntry=ServiceLogin line 1331 > injectedScript line 2 > eval line 411 > eval line 1 > eval line 1 > eval, line 1: unreachable code after return statement
JavaScript warning: https://accounts.google.com/v3/signin/identifier?dsh=S-1056129261%3A1773813755407508&ifkv=ASfE1-ozpUYkCehEYkx9TybOYe9WlE-f7c-CYYjdUYylY-qbGOGM4EX1Kx2NA_36GX3jjcM6b9yftg&flowName=GlifWebSignIn&flowEntry=ServiceLogin line 1331 > injectedScript line 2 > eval line 411 > eval line 1 > eval line 1 > eval, line 1: unreachable code after return statement
JavaScript warning: https://accounts.google.com/v3/signin/identifier?dsh=S-1056129261%3A1773813755407508&ifkv=ASfE1-ozpUYkCehEYkx9TybOYe9WlE-f7c-CYYjdUYylY-qbGOGM4EX1Kx2NA_36GX3jjcM6b9yftg&flowName=GlifWebSignIn&flowEntry=ServiceLogin line 1331 > injectedScript, line 1634: unreachable code after return statement
JavaScript warning: https://accounts.google.com/v3/signin/identifier?dsh=S-1056129261%3A1773813755407508&ifkv=ASfE1-ozpUYkCehEYkx9TybOYe9WlE-f7c-CYYjdUYylY-qbGOGM4EX1Kx2NA_36GX3jjcM6b9yftg&flowName=GlifWebSignIn&flowEntry=ServiceLogin line 1331 > injectedScript, line 1634: unreachable code after return statement
JavaScript warning: https://accounts.google.com/v3/signin/identifier?dsh=S-1056129261%3A1773813755407508&ifkv=ASfE1-ozpUYkCehEYkx9TybOYe9WlE-f7c-CYYjdUYylY-qbGOGM4EX1Kx2NA_36GX3jjcM6b9yftg&flowName=GlifWebSignIn&flowEntry=ServiceLogin line 1331 > injectedScript, line 1634: unreachable code after return statement
JavaScript warning: https://accounts.google.com/v3/signin/identifier?dsh=S-1056129261%3A1773813755407508&ifkv=ASfE1-ozpUYkCehEYkx9TybOYe9WlE-f7c-CYYjdUYylY-qbGOGM4EX1Kx2NA_36GX3jjcM6b9yftg&flowName=GlifWebSignIn&flowEntry=ServiceLogin line 1331 > injectedScript, line 1634: unreachable code after return statement
JavaScript warning: https://accounts.google.com/v3/signin/identifier?dsh=S-1056129261%3A1773813755407508&ifkv=ASfE1-ozpUYkCehEYkx9TybOYe9WlE-f7c-CYYjdUYylY-qbGOGM4EX1Kx2NA_36GX3jjcM6b9yftg&flowName=GlifWebSignIn&flowEntry=ServiceLogin line 1331 > injectedScript, line 1634: unreachable code after return statement
JavaScript warning: https://accounts.google.com/v3/signin/identifier?dsh=S-1056129261%3A1773813755407508&ifkv=ASfE1-ozpUYkCehEYkx9TybOYe9WlE-f7c-CYYjdUYylY-qbGOGM4EX1Kx2NA_36GX3jjcM6b9yftg&flowName=GlifWebSignIn&flowEntry=ServiceLogin line 1331 > injectedScript, line 1634: unreachable code after return statement
JavaScript warning: https://accounts.google.com/v3/signin/identifier?dsh=S-1056129261%3A1773813755407508&ifkv=ASfE1-ozpUYkCehEYkx9TybOYe9WlE-f7c-CYYjdUYylY-qbGOGM4EX1Kx2NA_36GX3jjcM6b9yftg&flowName=GlifWebSignIn&flowEntry=ServiceLogin line 1331 > injectedScript line 2 > eval, line 1634: unreachable code after return statement
JavaScript warning: https://accounts.google.com/v3/signin/identifier?dsh=S-1056129261%3A1773813755407508&ifkv=ASfE1-ozpUYkCehEYkx9TybOYe9WlE-f7c-CYYjdUYylY-qbGOGM4EX1Kx2NA_36GX3jjcM6b9yftg&flowName=GlifWebSignIn&flowEntry=ServiceLogin line 1331 > injectedScript line 2 > eval, line 1634: unreachable code after return statement
JavaScript warning: https://accounts.google.com/v3/signin/identifier?dsh=S-1056129261%3A1773813755407508&ifkv=ASfE1-ozpUYkCehEYkx9TybOYe9WlE-f7c-CYYjdUYylY-qbGOGM4EX1Kx2NA_36GX3jjcM6b9yftg&flowName=GlifWebSignIn&flowEntry=ServiceLogin line 1331 > injectedScript line 2 > eval, line 1634: unreachable code after return statement
JavaScript warning: https://accounts.google.com/v3/signin/identifier?dsh=S-1056129261%3A1773813755407508&ifkv=ASfE1-ozpUYkCehEYkx9TybOYe9WlE-f7c-CYYjdUYylY-qbGOGM4EX1Kx2NA_36GX3jjcM6b9yftg&flowName=GlifWebSignIn&flowEntry=ServiceLogin line 1331 > injectedScript line 2 > eval, line 1634: unreachable code after return statement
JavaScript warning: https://accounts.google.com/v3/signin/identifier?dsh=S-1056129261%3A1773813755407508&ifkv=ASfE1-ozpUYkCehEYkx9TybOYe9WlE-f7c-CYYjdUYylY-qbGOGM4EX1Kx2NA_36GX3jjcM6b9yftg&flowName=GlifWebSignIn&flowEntry=ServiceLogin line 1331 > injectedScript line 2 > eval, line 1: unreachable code after return statement
JavaScript warning: https://accounts.google.com/v3/signin/identifier?dsh=S-1056129261%3A1773813755407508&ifkv=ASfE1-ozpUYkCehEYkx9TybOYe9WlE-f7c-CYYjdUYylY-qbGOGM4EX1Kx2NA_36GX3jjcM6b9yftg&flowName=GlifWebSignIn&flowEntry=ServiceLogin line 1331 > injectedScript line 2 > eval line 1634 > eval, line 1: unreachable code after return statement
JavaScript warning: https://accounts.google.com/v3/signin/identifier?dsh=S-1056129261%3A1773813755407508&ifkv=ASfE1-ozpUYkCehEYkx9TybOYe9WlE-f7c-CYYjdUYylY-qbGOGM4EX1Kx2NA_36GX3jjcM6b9yftg&flowName=GlifWebSignIn&flowEntry=ServiceLogin line 1331 > injectedScript line 2 > eval line 1634 > eval, line 1: unreachable code after return statement
JavaScript warning: https://accounts.google.com/v3/signin/identifier?dsh=S-1056129261%3A1773813755407508&ifkv=ASfE1-ozpUYkCehEYkx9TybOYe9WlE-f7c-CYYjdUYylY-qbGOGM4EX1Kx2NA_36GX3jjcM6b9yftg&flowName=GlifWebSignIn&flowEntry=ServiceLogin line 1331 > injectedScript line 2 > eval line 1634 > eval line 1 > eval, line 1: unreachable code after return statement
JavaScript warning: https://accounts.google.com/v3/signin/identifier?dsh=S-1056129261%3A1773813755407508&ifkv=ASfE1-ozpUYkCehEYkx9TybOYe9WlE-f7c-CYYjdUYylY-qbGOGM4EX1Kx2NA_36GX3jjcM6b9yftg&flowName=GlifWebSignIn&flowEntry=ServiceLogin line 1331 > injectedScript line 2 > eval, line 1634: unreachable code after return statement
JavaScript warning: https://accounts.google.com/v3/signin/identifier?dsh=S-1056129261%3A1773813755407508&ifkv=ASfE1-ozpUYkCehEYkx9TybOYe9WlE-f7c-CYYjdUYylY-qbGOGM4EX1Kx2NA_36GX3jjcM6b9yftg&flowName=GlifWebSignIn&flowEntry=ServiceLogin line 1331 > injectedScript line 2 > eval line 1634 > eval line 1 > eval, line 1: unreachable code after return statement
JavaScript warning: https://accounts.google.com/v3/signin/identifier?dsh=S-1056129261%3A1773813755407508&ifkv=ASfE1-ozpUYkCehEYkx9TybOYe9WlE-f7c-CYYjdUYylY-qbGOGM4EX1Kx2NA_36GX3jjcM6b9yftg&flowName=GlifWebSignIn&flowEntry=ServiceLogin line 1331 > injectedScript line 2 > eval line 1634 > eval line 1 > eval, line 1: unreachable code after return statement
JavaScript warning: https://accounts.google.com/v3/signin/identifier?dsh=S-1056129261%3A1773813755407508&ifkv=ASfE1-ozpUYkCehEYkx9TybOYe9WlE-f7c-CYYjdUYylY-qbGOGM4EX1Kx2NA_36GX3jjcM6b9yftg&flowName=GlifWebSignIn&flowEntry=ServiceLogin line 1331 > injectedScript line 2 > eval line 1634 > eval line 1 > eval, line 1: unreachable code after return statement
JavaScript warning: https://accounts.google.com/v3/signin/identifier?dsh=S-1056129261%3A1773813755407508&ifkv=ASfE1-ozpUYkCehEYkx9TybOYe9WlE-f7c-CYYjdUYylY-qbGOGM4EX1Kx2NA_36GX3jjcM6b9yftg&flowName=GlifWebSignIn&flowEntry=ServiceLogin line 1331 > injectedScript line 2 > eval line 1634 > eval line 1 > eval line 1 > eval, line 1: unreachable code after return statement
JavaScript warning: https://accounts.google.com/v3/signin/identifier?dsh=S-1056129261%3A1773813755407508&ifkv=ASfE1-ozpUYkCehEYkx9TybOYe9WlE-f7c-CYYjdUYylY-qbGOGM4EX1Kx2NA_36GX3jjcM6b9yftg&flowName=GlifWebSignIn&flowEntry=ServiceLogin line 1331 > injectedScript line 2 > eval line 1634 > eval line 1 > eval line 1 > eval, line 1: unreachable code after return statement
JavaScript warning: https://accounts.google.com/v3/signin/identifier?dsh=S-1056129261%3A1773813755407508&ifkv=ASfE1-ozpUYkCehEYkx9TybOYe9WlE-f7c-CYYjdUYylY-qbGOGM4EX1Kx2NA_36GX3jjcM6b9yftg&flowName=GlifWebSignIn&flowEntry=ServiceLogin line 1331 > injectedScript line 2 > eval line 1634 > eval line 1 > eval line 1 > eval, line 1: unreachable code after return statement
1773813760550	Marionette	INFO	Stopped listening on port 63674
Dynamically enable window occlusion 1
console.error: Translations: "Failed to run language detection." (new AbortError("Actor 'Translations' destroyed before query 'Translations:GetDocumentElementLang' was resolved", (void 0)))
console.warn: TopSitesFeed: Failed to fetch data from MARS server: NetworkError when attempting to fetch resource.
1773813807576	geckodriver	INFO	Listening on 127.0.0.1:51841
1773813810636	mozrunner::runner	INFO	Running command: "C:\\Users\\chipc\\Desktop\\techlaai_automation\\gmail_automation\\FirefoxPortableNightly\\App\\Firefox64\\f ... mation\\firefox_profiles\\nguyentrungda615" "--remote-debugging-port" "51842" "--remote-allow-hosts" "localhost" "-no-remote"
1773813811393	Marionette	INFO	Marionette enabled
1773813811481	Marionette	INFO	Listening on port 51864
WebDriver BiDi listening on ws://127.0.0.1:51842
Read port: 51864
1773813811626	RemoteAgent	WARN	TLS certificate errors will be ignored for this session
console.error: (new NotFoundError("Could not find fa0fc42c-d91d-fca7-34eb-806ff46062dc in cache or dump", "resource://services-settings/Attachments.sys.mjs", 48))
console.warn: "Unable to find the attachment for" "fa0fc42c-d91d-fca7-34eb-806ff46062dc"
JavaScript warning: https://accounts.google.com/v3/signin/identifier?continue=https%3A%2F%2Faccounts.google.com%2F&dsh=S-1893388100%3A1773813813633398&followup=https%3A%2F%2Faccounts.google.com%2F&ifkv=ASfE1-rJDalbO8jeHHrY0nC3yKSinIPQgPHTwKEf9Cb4k3_qo4Tuy5TJB7ss09EnfcdClYVVwCBq4g&passive=1209600&flowName=WebLiteSignIn&flowEntry=ServiceLogin, line 6412: unreachable code after return statement
JavaScript warning: https://accounts.google.com/v3/signin/identifier?continue=https%3A%2F%2Faccounts.google.com%2F&dsh=S-1893388100%3A1773813813633398&followup=https%3A%2F%2Faccounts.google.com%2F&ifkv=ASfE1-rJDalbO8jeHHrY0nC3yKSinIPQgPHTwKEf9Cb4k3_qo4Tuy5TJB7ss09EnfcdClYVVwCBq4g&passive=1209600&flowName=WebLiteSignIn&flowEntry=ServiceLogin, line 6412: unreachable code after return statement
JavaScript warning: https://accounts.google.com/v3/signin/identifier?continue=https%3A%2F%2Faccounts.google.com%2F&dsh=S-1893388100%3A1773813813633398&followup=https%3A%2F%2Faccounts.google.com%2F&ifkv=ASfE1-rJDalbO8jeHHrY0nC3yKSinIPQgPHTwKEf9Cb4k3_qo4Tuy5TJB7ss09EnfcdClYVVwCBq4g&passive=1209600&flowName=WebLiteSignIn&flowEntry=ServiceLogin, line 6412: unreachable code after return statement
JavaScript warning: https://accounts.google.com/v3/signin/identifier?continue=https%3A%2F%2Faccounts.google.com%2F&dsh=S-1893388100%3A1773813813633398&followup=https%3A%2F%2Faccounts.google.com%2F&ifkv=ASfE1-rJDalbO8jeHHrY0nC3yKSinIPQgPHTwKEf9Cb4k3_qo4Tuy5TJB7ss09EnfcdClYVVwCBq4g&passive=1209600&flowName=WebLiteSignIn&flowEntry=ServiceLogin, line 6412: unreachable code after return statement
JavaScript warning: https://accounts.google.com/v3/signin/identifier?continue=https%3A%2F%2Faccounts.google.com%2F&dsh=S-1893388100%3A1773813813633398&followup=https%3A%2F%2Faccounts.google.com%2F&ifkv=ASfE1-rJDalbO8jeHHrY0nC3yKSinIPQgPHTwKEf9Cb4k3_qo4Tuy5TJB7ss09EnfcdClYVVwCBq4g&passive=1209600&flowName=WebLiteSignIn&flowEntry=ServiceLogin, line 6412: unreachable code after return statement
JavaScript warning: https://accounts.google.com/v3/signin/identifier?continue=https%3A%2F%2Faccounts.google.com%2F&dsh=S-1893388100%3A1773813813633398&followup=https%3A%2F%2Faccounts.google.com%2F&ifkv=ASfE1-rJDalbO8jeHHrY0nC3yKSinIPQgPHTwKEf9Cb4k3_qo4Tuy5TJB7ss09EnfcdClYVVwCBq4g&passive=1209600&flowName=WebLiteSignIn&flowEntry=ServiceLogin, line 6412: unreachable code after return statement
JavaScript warning: https://accounts.google.com/v3/signin/identifier?continue=https%3A%2F%2Faccounts.google.com%2F&dsh=S-1893388100%3A1773813813633398&followup=https%3A%2F%2Faccounts.google.com%2F&ifkv=ASfE1-rJDalbO8jeHHrY0nC3yKSinIPQgPHTwKEf9Cb4k3_qo4Tuy5TJB7ss09EnfcdClYVVwCBq4g&passive=1209600&flowName=WebLiteSignIn&flowEntry=ServiceLogin line 16 > eval, line 6412: unreachable code after return statement
JavaScript warning: https://accounts.google.com/v3/signin/identifier?continue=https%3A%2F%2Faccounts.google.com%2F&dsh=S-1893388100%3A1773813813633398&followup=https%3A%2F%2Faccounts.google.com%2F&ifkv=ASfE1-rJDalbO8jeHHrY0nC3yKSinIPQgPHTwKEf9Cb4k3_qo4Tuy5TJB7ss09EnfcdClYVVwCBq4g&passive=1209600&flowName=WebLiteSignIn&flowEntry=ServiceLogin line 16 > eval, line 6412: unreachable code after return statement
JavaScript warning: https://accounts.google.com/v3/signin/identifier?continue=https%3A%2F%2Faccounts.google.com%2F&dsh=S-1893388100%3A1773813813633398&followup=https%3A%2F%2Faccounts.google.com%2F&ifkv=ASfE1-rJDalbO8jeHHrY0nC3yKSinIPQgPHTwKEf9Cb4k3_qo4Tuy5TJB7ss09EnfcdClYVVwCBq4g&passive=1209600&flowName=WebLiteSignIn&flowEntry=ServiceLogin line 16 > eval, line 6412: unreachable code after return statement
JavaScript warning: https://accounts.google.com/v3/signin/identifier?continue=https%3A%2F%2Faccounts.google.com%2F&dsh=S-1893388100%3A1773813813633398&followup=https%3A%2F%2Faccounts.google.com%2F&ifkv=ASfE1-rJDalbO8jeHHrY0nC3yKSinIPQgPHTwKEf9Cb4k3_qo4Tuy5TJB7ss09EnfcdClYVVwCBq4g&passive=1209600&flowName=WebLiteSignIn&flowEntry=ServiceLogin line 16 > eval, line 6412: unreachable code after return statement
JavaScript warning: https://accounts.google.com/v3/signin/identifier?continue=https%3A%2F%2Faccounts.google.com%2F&dsh=S-1893388100%3A1773813813633398&followup=https%3A%2F%2Faccounts.google.com%2F&ifkv=ASfE1-rJDalbO8jeHHrY0nC3yKSinIPQgPHTwKEf9Cb4k3_qo4Tuy5TJB7ss09EnfcdClYVVwCBq4g&passive=1209600&flowName=WebLiteSignIn&flowEntry=ServiceLogin line 16 > eval, line 1: unreachable code after return statement
JavaScript warning: https://accounts.google.com/v3/signin/identifier?continue=https%3A%2F%2Faccounts.google.com%2F&dsh=S-1893388100%3A1773813813633398&followup=https%3A%2F%2Faccounts.google.com%2F&ifkv=ASfE1-rJDalbO8jeHHrY0nC3yKSinIPQgPHTwKEf9Cb4k3_qo4Tuy5TJB7ss09EnfcdClYVVwCBq4g&passive=1209600&flowName=WebLiteSignIn&flowEntry=ServiceLogin line 16 > eval line 6412 > eval, line 1: unreachable code after return statement
JavaScript warning: https://accounts.google.com/v3/signin/identifier?continue=https%3A%2F%2Faccounts.google.com%2F&dsh=S-1893388100%3A1773813813633398&followup=https%3A%2F%2Faccounts.google.com%2F&ifkv=ASfE1-rJDalbO8jeHHrY0nC3yKSinIPQgPHTwKEf9Cb4k3_qo4Tuy5TJB7ss09EnfcdClYVVwCBq4g&passive=1209600&flowName=WebLiteSignIn&flowEntry=ServiceLogin line 16 > eval line 6412 > eval, line 1: unreachable code after return statement
JavaScript warning: https://accounts.google.com/v3/signin/identifier?continue=https%3A%2F%2Faccounts.google.com%2F&dsh=S-1893388100%3A1773813813633398&followup=https%3A%2F%2Faccounts.google.com%2F&ifkv=ASfE1-rJDalbO8jeHHrY0nC3yKSinIPQgPHTwKEf9Cb4k3_qo4Tuy5TJB7ss09EnfcdClYVVwCBq4g&passive=1209600&flowName=WebLiteSignIn&flowEntry=ServiceLogin line 16 > eval line 6412 > eval line 1 > eval, line 1: unreachable code after return statement
JavaScript warning: https://accounts.google.com/v3/signin/identifier?continue=https%3A%2F%2Faccounts.google.com%2F&dsh=S-1893388100%3A1773813813633398&followup=https%3A%2F%2Faccounts.google.com%2F&ifkv=ASfE1-rJDalbO8jeHHrY0nC3yKSinIPQgPHTwKEf9Cb4k3_qo4Tuy5TJB7ss09EnfcdClYVVwCBq4g&passive=1209600&flowName=WebLiteSignIn&flowEntry=ServiceLogin line 16 > eval, line 6412: unreachable code after return statement
JavaScript warning: https://accounts.google.com/v3/signin/identifier?continue=https%3A%2F%2Faccounts.google.com%2F&dsh=S-1893388100%3A1773813813633398&followup=https%3A%2F%2Faccounts.google.com%2F&ifkv=ASfE1-rJDalbO8jeHHrY0nC3yKSinIPQgPHTwKEf9Cb4k3_qo4Tuy5TJB7ss09EnfcdClYVVwCBq4g&passive=1209600&flowName=WebLiteSignIn&flowEntry=ServiceLogin line 16 > eval line 6412 > eval line 1 > eval, line 1: unreachable code after return statement
JavaScript warning: https://accounts.google.com/v3/signin/identifier?continue=https%3A%2F%2Faccounts.google.com%2F&dsh=S-1893388100%3A1773813813633398&followup=https%3A%2F%2Faccounts.google.com%2F&ifkv=ASfE1-rJDalbO8jeHHrY0nC3yKSinIPQgPHTwKEf9Cb4k3_qo4Tuy5TJB7ss09EnfcdClYVVwCBq4g&passive=1209600&flowName=WebLiteSignIn&flowEntry=ServiceLogin line 16 > eval line 6412 > eval line 1 > eval, line 1: unreachable code after return statement
JavaScript warning: https://accounts.google.com/v3/signin/identifier?continue=https%3A%2F%2Faccounts.google.com%2F&dsh=S-1893388100%3A1773813813633398&followup=https%3A%2F%2Faccounts.google.com%2F&ifkv=ASfE1-rJDalbO8jeHHrY0nC3yKSinIPQgPHTwKEf9Cb4k3_qo4Tuy5TJB7ss09EnfcdClYVVwCBq4g&passive=1209600&flowName=WebLiteSignIn&flowEntry=ServiceLogin line 16 > eval line 6412 > eval line 1 > eval, line 1: unreachable code after return statement
JavaScript warning: https://accounts.google.com/v3/signin/identifier?continue=https%3A%2F%2Faccounts.google.com%2F&dsh=S-1893388100%3A1773813813633398&followup=https%3A%2F%2Faccounts.google.com%2F&ifkv=ASfE1-rJDalbO8jeHHrY0nC3yKSinIPQgPHTwKEf9Cb4k3_qo4Tuy5TJB7ss09EnfcdClYVVwCBq4g&passive=1209600&flowName=WebLiteSignIn&flowEntry=ServiceLogin line 16 > eval line 6412 > eval line 1 > eval line 1 > eval, line 1: unreachable code after return statement
JavaScript warning: https://accounts.google.com/v3/signin/identifier?continue=https%3A%2F%2Faccounts.google.com%2F&dsh=S-1893388100%3A1773813813633398&followup=https%3A%2F%2Faccounts.google.com%2F&ifkv=ASfE1-rJDalbO8jeHHrY0nC3yKSinIPQgPHTwKEf9Cb4k3_qo4Tuy5TJB7ss09EnfcdClYVVwCBq4g&passive=1209600&flowName=WebLiteSignIn&flowEntry=ServiceLogin line 16 > eval line 6412 > eval line 1 > eval line 1 > eval, line 1: unreachable code after return statement
JavaScript warning: https://accounts.google.com/v3/signin/identifier?continue=https%3A%2F%2Faccounts.google.com%2F&dsh=S-1893388100%3A1773813813633398&followup=https%3A%2F%2Faccounts.google.com%2F&ifkv=ASfE1-rJDalbO8jeHHrY0nC3yKSinIPQgPHTwKEf9Cb4k3_qo4Tuy5TJB7ss09EnfcdClYVVwCBq4g&passive=1209600&flowName=WebLiteSignIn&flowEntry=ServiceLogin line 16 > eval line 6412 > eval line 1 > eval line 1 > eval, line 1: unreachable code after return statement
JavaScript warning: https://accounts.google.com/v3/signin/identifier?dsh=S-1204580319%3A1773813815292210&ifkv=ASfE1-rUt4SzHr-DPiT_n7m7c0aOZyDNEonpZlwV7bhfMldLqAVBIKeoE_ESSqOt5xBYDPl86QM3tg&flowName=WebLiteSignIn&flowEntry=ServiceLogin, line 5887: unreachable code after return statement
JavaScript warning: https://accounts.google.com/v3/signin/identifier?dsh=S-1204580319%3A1773813815292210&ifkv=ASfE1-rUt4SzHr-DPiT_n7m7c0aOZyDNEonpZlwV7bhfMldLqAVBIKeoE_ESSqOt5xBYDPl86QM3tg&flowName=WebLiteSignIn&flowEntry=ServiceLogin, line 5887: unreachable code after return statement
JavaScript warning: https://accounts.google.com/v3/signin/identifier?dsh=S-1204580319%3A1773813815292210&ifkv=ASfE1-rUt4SzHr-DPiT_n7m7c0aOZyDNEonpZlwV7bhfMldLqAVBIKeoE_ESSqOt5xBYDPl86QM3tg&flowName=WebLiteSignIn&flowEntry=ServiceLogin, line 5887: unreachable code after return statement
JavaScript warning: https://accounts.google.com/v3/signin/identifier?dsh=S-1204580319%3A1773813815292210&ifkv=ASfE1-rUt4SzHr-DPiT_n7m7c0aOZyDNEonpZlwV7bhfMldLqAVBIKeoE_ESSqOt5xBYDPl86QM3tg&flowName=WebLiteSignIn&flowEntry=ServiceLogin, line 5887: unreachable code after return statement
JavaScript warning: https://accounts.google.com/v3/signin/identifier?dsh=S-1204580319%3A1773813815292210&ifkv=ASfE1-rUt4SzHr-DPiT_n7m7c0aOZyDNEonpZlwV7bhfMldLqAVBIKeoE_ESSqOt5xBYDPl86QM3tg&flowName=WebLiteSignIn&flowEntry=ServiceLogin, line 5887: unreachable code after return statement
JavaScript warning: https://accounts.google.com/v3/signin/identifier?dsh=S-1204580319%3A1773813815292210&ifkv=ASfE1-rUt4SzHr-DPiT_n7m7c0aOZyDNEonpZlwV7bhfMldLqAVBIKeoE_ESSqOt5xBYDPl86QM3tg&flowName=WebLiteSignIn&flowEntry=ServiceLogin, line 5887: unreachable code after return statement
JavaScript warning: https://accounts.google.com/v3/signin/identifier?dsh=S-1204580319%3A1773813815292210&ifkv=ASfE1-rUt4SzHr-DPiT_n7m7c0aOZyDNEonpZlwV7bhfMldLqAVBIKeoE_ESSqOt5xBYDPl86QM3tg&flowName=WebLiteSignIn&flowEntry=ServiceLogin line 16 > eval, line 5887: unreachable code after return statement
JavaScript warning: https://accounts.google.com/v3/signin/identifier?dsh=S-1204580319%3A1773813815292210&ifkv=ASfE1-rUt4SzHr-DPiT_n7m7c0aOZyDNEonpZlwV7bhfMldLqAVBIKeoE_ESSqOt5xBYDPl86QM3tg&flowName=WebLiteSignIn&flowEntry=ServiceLogin line 16 > eval, line 5887: unreachable code after return statement
JavaScript warning: https://accounts.google.com/v3/signin/identifier?dsh=S-1204580319%3A1773813815292210&ifkv=ASfE1-rUt4SzHr-DPiT_n7m7c0aOZyDNEonpZlwV7bhfMldLqAVBIKeoE_ESSqOt5xBYDPl86QM3tg&flowName=WebLiteSignIn&flowEntry=ServiceLogin line 16 > eval, line 5887: unreachable code after return statement
JavaScript warning: https://accounts.google.com/v3/signin/identifier?dsh=S-1204580319%3A1773813815292210&ifkv=ASfE1-rUt4SzHr-DPiT_n7m7c0aOZyDNEonpZlwV7bhfMldLqAVBIKeoE_ESSqOt5xBYDPl86QM3tg&flowName=WebLiteSignIn&flowEntry=ServiceLogin line 16 > eval, line 5887: unreachable code after return statement
JavaScript warning: https://accounts.google.com/v3/signin/identifier?dsh=S-1204580319%3A1773813815292210&ifkv=ASfE1-rUt4SzHr-DPiT_n7m7c0aOZyDNEonpZlwV7bhfMldLqAVBIKeoE_ESSqOt5xBYDPl86QM3tg&flowName=WebLiteSignIn&flowEntry=ServiceLogin line 16 > eval line 5887 > eval, line 1: unreachable code after return statement
JavaScript warning: https://accounts.google.com/v3/signin/identifier?dsh=S-1204580319%3A1773813815292210&ifkv=ASfE1-rUt4SzHr-DPiT_n7m7c0aOZyDNEonpZlwV7bhfMldLqAVBIKeoE_ESSqOt5xBYDPl86QM3tg&flowName=WebLiteSignIn&flowEntry=ServiceLogin line 16 > eval line 5887 > eval line 1 > eval, line 1: unreachable code after return statement
JavaScript warning: https://accounts.google.com/v3/signin/identifier?dsh=S-1204580319%3A1773813815292210&ifkv=ASfE1-rUt4SzHr-DPiT_n7m7c0aOZyDNEonpZlwV7bhfMldLqAVBIKeoE_ESSqOt5xBYDPl86QM3tg&flowName=WebLiteSignIn&flowEntry=ServiceLogin line 16 > eval line 5887 > eval, line 1: unreachable code after return statement
JavaScript warning: https://accounts.google.com/v3/signin/identifier?dsh=S-1204580319%3A1773813815292210&ifkv=ASfE1-rUt4SzHr-DPiT_n7m7c0aOZyDNEonpZlwV7bhfMldLqAVBIKeoE_ESSqOt5xBYDPl86QM3tg&flowName=WebLiteSignIn&flowEntry=ServiceLogin line 16 > eval line 5887 > eval line 1 > eval, line 1: unreachable code after return statement
JavaScript warning: https://accounts.google.com/v3/signin/identifier?dsh=S-1204580319%3A1773813815292210&ifkv=ASfE1-rUt4SzHr-DPiT_n7m7c0aOZyDNEonpZlwV7bhfMldLqAVBIKeoE_ESSqOt5xBYDPl86QM3tg&flowName=WebLiteSignIn&flowEntry=ServiceLogin line 16 > eval, line 5887: unreachable code after return statement
JavaScript warning: https://accounts.google.com/v3/signin/identifier?dsh=S-1204580319%3A1773813815292210&ifkv=ASfE1-rUt4SzHr-DPiT_n7m7c0aOZyDNEonpZlwV7bhfMldLqAVBIKeoE_ESSqOt5xBYDPl86QM3tg&flowName=WebLiteSignIn&flowEntry=ServiceLogin line 16 > eval line 5887 > eval line 1 > eval, line 1: unreachable code after return statement
JavaScript warning: https://accounts.google.com/v3/signin/identifier?dsh=S-1204580319%3A1773813815292210&ifkv=ASfE1-rUt4SzHr-DPiT_n7m7c0aOZyDNEonpZlwV7bhfMldLqAVBIKeoE_ESSqOt5xBYDPl86QM3tg&flowName=WebLiteSignIn&flowEntry=ServiceLogin line 16 > eval line 5887 > eval line 1 > eval, line 1: unreachable code after return statement
JavaScript warning: https://accounts.google.com/v3/signin/identifier?dsh=S-1204580319%3A1773813815292210&ifkv=ASfE1-rUt4SzHr-DPiT_n7m7c0aOZyDNEonpZlwV7bhfMldLqAVBIKeoE_ESSqOt5xBYDPl86QM3tg&flowName=WebLiteSignIn&flowEntry=ServiceLogin line 16 > eval line 5887 > eval line 1 > eval, line 1: unreachable code after return statement
JavaScript warning: https://accounts.google.com/v3/signin/identifier?dsh=S-1204580319%3A1773813815292210&ifkv=ASfE1-rUt4SzHr-DPiT_n7m7c0aOZyDNEonpZlwV7bhfMldLqAVBIKeoE_ESSqOt5xBYDPl86QM3tg&flowName=WebLiteSignIn&flowEntry=ServiceLogin line 16 > eval line 5887 > eval line 1 > eval line 1 > eval, line 1: unreachable code after return statement
JavaScript warning: https://accounts.google.com/v3/signin/identifier?dsh=S-1204580319%3A1773813815292210&ifkv=ASfE1-rUt4SzHr-DPiT_n7m7c0aOZyDNEonpZlwV7bhfMldLqAVBIKeoE_ESSqOt5xBYDPl86QM3tg&flowName=WebLiteSignIn&flowEntry=ServiceLogin line 16 > eval line 5887 > eval line 1 > eval line 1 > eval, line 1: unreachable code after return statement
JavaScript warning: https://accounts.google.com/v3/signin/identifier?dsh=S-1204580319%3A1773813815292210&ifkv=ASfE1-rUt4SzHr-DPiT_n7m7c0aOZyDNEonpZlwV7bhfMldLqAVBIKeoE_ESSqOt5xBYDPl86QM3tg&flowName=WebLiteSignIn&flowEntry=ServiceLogin line 16 > eval line 5887 > eval line 1 > eval line 1 > eval, line 1: unreachable code after return statement
console.warn: LoginRecipes: "Falling back to a synchronous message for: https://accounts.google.com."
JavaScript warning: https://accounts.google.com/v3/signin/identifier?dsh=S-1204580319%3A1773813815292210&ifkv=ASfE1-rUt4SzHr-DPiT_n7m7c0aOZyDNEonpZlwV7bhfMldLqAVBIKeoE_ESSqOt5xBYDPl86QM3tg&flowName=WebLiteSignIn&flowEntry=ServiceLogin line 16 > eval line 5887 > eval line 1 > eval line 1 > eval, line 1: WEBGL_debug_renderer_info is deprecated in Firefox and will be removed. Please use RENDERER.
JavaScript warning: https://accounts.google.com/v3/signin/identifier?dsh=S-1204580319%3A1773813815292210&ifkv=ASfE1-rUt4SzHr-DPiT_n7m7c0aOZyDNEonpZlwV7bhfMldLqAVBIKeoE_ESSqOt5xBYDPl86QM3tg&flowName=WebLiteSignIn&flowEntry=ServiceLogin, line 6375: unreachable code after return statement
JavaScript warning: https://accounts.google.com/v3/signin/identifier?dsh=S-1204580319%3A1773813815292210&ifkv=ASfE1-rUt4SzHr-DPiT_n7m7c0aOZyDNEonpZlwV7bhfMldLqAVBIKeoE_ESSqOt5xBYDPl86QM3tg&flowName=WebLiteSignIn&flowEntry=ServiceLogin, line 6375: unreachable code after return statement
JavaScript warning: https://accounts.google.com/v3/signin/identifier?dsh=S-1204580319%3A1773813815292210&ifkv=ASfE1-rUt4SzHr-DPiT_n7m7c0aOZyDNEonpZlwV7bhfMldLqAVBIKeoE_ESSqOt5xBYDPl86QM3tg&flowName=WebLiteSignIn&flowEntry=ServiceLogin, line 6375: unreachable code after return statement
JavaScript warning: https://accounts.google.com/v3/signin/identifier?dsh=S-1204580319%3A1773813815292210&ifkv=ASfE1-rUt4SzHr-DPiT_n7m7c0aOZyDNEonpZlwV7bhfMldLqAVBIKeoE_ESSqOt5xBYDPl86QM3tg&flowName=WebLiteSignIn&flowEntry=ServiceLogin, line 6375: unreachable code after return statement
JavaScript warning: https://accounts.google.com/v3/signin/identifier?dsh=S-1204580319%3A1773813815292210&ifkv=ASfE1-rUt4SzHr-DPiT_n7m7c0aOZyDNEonpZlwV7bhfMldLqAVBIKeoE_ESSqOt5xBYDPl86QM3tg&flowName=WebLiteSignIn&flowEntry=ServiceLogin, line 6375: unreachable code after return statement
JavaScript warning: https://accounts.google.com/v3/signin/identifier?dsh=S-1204580319%3A1773813815292210&ifkv=ASfE1-rUt4SzHr-DPiT_n7m7c0aOZyDNEonpZlwV7bhfMldLqAVBIKeoE_ESSqOt5xBYDPl86QM3tg&flowName=WebLiteSignIn&flowEntry=ServiceLogin, line 6375: unreachable code after return statement
JavaScript warning: https://accounts.google.com/v3/signin/identifier?dsh=S-1204580319%3A1773813815292210&ifkv=ASfE1-rUt4SzHr-DPiT_n7m7c0aOZyDNEonpZlwV7bhfMldLqAVBIKeoE_ESSqOt5xBYDPl86QM3tg&flowName=WebLiteSignIn&flowEntry=ServiceLogin line 16 > eval, line 6375: unreachable code after return statement
JavaScript warning: https://accounts.google.com/v3/signin/identifier?dsh=S-1204580319%3A1773813815292210&ifkv=ASfE1-rUt4SzHr-DPiT_n7m7c0aOZyDNEonpZlwV7bhfMldLqAVBIKeoE_ESSqOt5xBYDPl86QM3tg&flowName=WebLiteSignIn&flowEntry=ServiceLogin line 16 > eval, line 6375: unreachable code after return statement
JavaScript warning: https://accounts.google.com/v3/signin/identifier?dsh=S-1204580319%3A1773813815292210&ifkv=ASfE1-rUt4SzHr-DPiT_n7m7c0aOZyDNEonpZlwV7bhfMldLqAVBIKeoE_ESSqOt5xBYDPl86QM3tg&flowName=WebLiteSignIn&flowEntry=ServiceLogin line 16 > eval, line 6375: unreachable code after return statement
JavaScript warning: https://accounts.google.com/v3/signin/identifier?dsh=S-1204580319%3A1773813815292210&ifkv=ASfE1-rUt4SzHr-DPiT_n7m7c0aOZyDNEonpZlwV7bhfMldLqAVBIKeoE_ESSqOt5xBYDPl86QM3tg&flowName=WebLiteSignIn&flowEntry=ServiceLogin line 16 > eval, line 6375: unreachable code after return statement
JavaScript warning: https://accounts.google.com/v3/signin/identifier?dsh=S-1204580319%3A1773813815292210&ifkv=ASfE1-rUt4SzHr-DPiT_n7m7c0aOZyDNEonpZlwV7bhfMldLqAVBIKeoE_ESSqOt5xBYDPl86QM3tg&flowName=WebLiteSignIn&flowEntry=ServiceLogin line 16 > eval line 6375 > eval, line 1: unreachable code after return statement
JavaScript warning: https://accounts.google.com/v3/signin/identifier?dsh=S-1204580319%3A1773813815292210&ifkv=ASfE1-rUt4SzHr-DPiT_n7m7c0aOZyDNEonpZlwV7bhfMldLqAVBIKeoE_ESSqOt5xBYDPl86QM3tg&flowName=WebLiteSignIn&flowEntry=ServiceLogin line 16 > eval line 6375 > eval line 1 > eval, line 1: unreachable code after return statement
JavaScript warning: https://accounts.google.com/v3/signin/identifier?dsh=S-1204580319%3A1773813815292210&ifkv=ASfE1-rUt4SzHr-DPiT_n7m7c0aOZyDNEonpZlwV7bhfMldLqAVBIKeoE_ESSqOt5xBYDPl86QM3tg&flowName=WebLiteSignIn&flowEntry=ServiceLogin line 16 > eval line 6375 > eval, line 1: unreachable code after return statement
JavaScript warning: https://accounts.google.com/v3/signin/identifier?dsh=S-1204580319%3A1773813815292210&ifkv=ASfE1-rUt4SzHr-DPiT_n7m7c0aOZyDNEonpZlwV7bhfMldLqAVBIKeoE_ESSqOt5xBYDPl86QM3tg&flowName=WebLiteSignIn&flowEntry=ServiceLogin line 16 > eval line 6375 > eval line 1 > eval, line 1: unreachable code after return statement
JavaScript warning: https://accounts.google.com/v3/signin/identifier?dsh=S-1204580319%3A1773813815292210&ifkv=ASfE1-rUt4SzHr-DPiT_n7m7c0aOZyDNEonpZlwV7bhfMldLqAVBIKeoE_ESSqOt5xBYDPl86QM3tg&flowName=WebLiteSignIn&flowEntry=ServiceLogin line 16 > eval, line 6375: unreachable code after return statement
JavaScript warning: https://accounts.google.com/v3/signin/identifier?dsh=S-1204580319%3A1773813815292210&ifkv=ASfE1-rUt4SzHr-DPiT_n7m7c0aOZyDNEonpZlwV7bhfMldLqAVBIKeoE_ESSqOt5xBYDPl86QM3tg&flowName=WebLiteSignIn&flowEntry=ServiceLogin line 16 > eval line 6375 > eval line 1 > eval, line 1: unreachable code after return statement
JavaScript warning: https://accounts.google.com/v3/signin/identifier?dsh=S-1204580319%3A1773813815292210&ifkv=ASfE1-rUt4SzHr-DPiT_n7m7c0aOZyDNEonpZlwV7bhfMldLqAVBIKeoE_ESSqOt5xBYDPl86QM3tg&flowName=WebLiteSignIn&flowEntry=ServiceLogin line 16 > eval line 6375 > eval line 1 > eval, line 1: unreachable code after return statement
JavaScript warning: https://accounts.google.com/v3/signin/identifier?dsh=S-1204580319%3A1773813815292210&ifkv=ASfE1-rUt4SzHr-DPiT_n7m7c0aOZyDNEonpZlwV7bhfMldLqAVBIKeoE_ESSqOt5xBYDPl86QM3tg&flowName=WebLiteSignIn&flowEntry=ServiceLogin line 16 > eval line 6375 > eval line 1 > eval, line 1: unreachable code after return statement
JavaScript warning: https://accounts.google.com/v3/signin/identifier?dsh=S-1204580319%3A1773813815292210&ifkv=ASfE1-rUt4SzHr-DPiT_n7m7c0aOZyDNEonpZlwV7bhfMldLqAVBIKeoE_ESSqOt5xBYDPl86QM3tg&flowName=WebLiteSignIn&flowEntry=ServiceLogin line 16 > eval line 6375 > eval line 1 > eval line 1 > eval, line 1: unreachable code after return statement
JavaScript warning: https://accounts.google.com/v3/signin/identifier?dsh=S-1204580319%3A1773813815292210&ifkv=ASfE1-rUt4SzHr-DPiT_n7m7c0aOZyDNEonpZlwV7bhfMldLqAVBIKeoE_ESSqOt5xBYDPl86QM3tg&flowName=WebLiteSignIn&flowEntry=ServiceLogin line 16 > eval line 6375 > eval line 1 > eval line 1 > eval, line 1: unreachable code after return statement
JavaScript warning: https://accounts.google.com/v3/signin/identifier?dsh=S-1204580319%3A1773813815292210&ifkv=ASfE1-rUt4SzHr-DPiT_n7m7c0aOZyDNEonpZlwV7bhfMldLqAVBIKeoE_ESSqOt5xBYDPl86QM3tg&flowName=WebLiteSignIn&flowEntry=ServiceLogin line 16 > eval line 6375 > eval line 1 > eval line 1 > eval, line 1: unreachable code after return statement
JavaScript warning: https://accounts.google.com/v3/signin/identifier?continue=https%3A%2F%2Faccounts.google.com%2F&dsh=S-1893388100%3A1773813813633398&followup=https%3A%2F%2Faccounts.google.com%2F&ifkv=ASfE1-rJDalbO8jeHHrY0nC3yKSinIPQgPHTwKEf9Cb4k3_qo4Tuy5TJB7ss09EnfcdClYVVwCBq4g&passive=1209600&flowName=WebLiteSignIn&flowEntry=ServiceLogin, line 912: unreachable code after return statement
JavaScript warning: https://accounts.google.com/v3/signin/identifier?continue=https%3A%2F%2Faccounts.google.com%2F&dsh=S-1893388100%3A1773813813633398&followup=https%3A%2F%2Faccounts.google.com%2F&ifkv=ASfE1-rJDalbO8jeHHrY0nC3yKSinIPQgPHTwKEf9Cb4k3_qo4Tuy5TJB7ss09EnfcdClYVVwCBq4g&passive=1209600&flowName=WebLiteSignIn&flowEntry=ServiceLogin, line 912: unreachable code after return statement
JavaScript warning: https://accounts.google.com/v3/signin/identifier?continue=https%3A%2F%2Faccounts.google.com%2F&dsh=S-1893388100%3A1773813813633398&followup=https%3A%2F%2Faccounts.google.com%2F&ifkv=ASfE1-rJDalbO8jeHHrY0nC3yKSinIPQgPHTwKEf9Cb4k3_qo4Tuy5TJB7ss09EnfcdClYVVwCBq4g&passive=1209600&flowName=WebLiteSignIn&flowEntry=ServiceLogin, line 912: unreachable code after return statement
JavaScript warning: https://accounts.google.com/v3/signin/identifier?continue=https%3A%2F%2Faccounts.google.com%2F&dsh=S-1893388100%3A1773813813633398&followup=https%3A%2F%2Faccounts.google.com%2F&ifkv=ASfE1-rJDalbO8jeHHrY0nC3yKSinIPQgPHTwKEf9Cb4k3_qo4Tuy5TJB7ss09EnfcdClYVVwCBq4g&passive=1209600&flowName=WebLiteSignIn&flowEntry=ServiceLogin, line 912: unreachable code after return statement
JavaScript warning: https://accounts.google.com/v3/signin/identifier?continue=https%3A%2F%2Faccounts.google.com%2F&dsh=S-1893388100%3A1773813813633398&followup=https%3A%2F%2Faccounts.google.com%2F&ifkv=ASfE1-rJDalbO8jeHHrY0nC3yKSinIPQgPHTwKEf9Cb4k3_qo4Tuy5TJB7ss09EnfcdClYVVwCBq4g&passive=1209600&flowName=WebLiteSignIn&flowEntry=ServiceLogin, line 912: unreachable code after return statement
JavaScript warning: https://accounts.google.com/v3/signin/identifier?continue=https%3A%2F%2Faccounts.google.com%2F&dsh=S-1893388100%3A1773813813633398&followup=https%3A%2F%2Faccounts.google.com%2F&ifkv=ASfE1-rJDalbO8jeHHrY0nC3yKSinIPQgPHTwKEf9Cb4k3_qo4Tuy5TJB7ss09EnfcdClYVVwCBq4g&passive=1209600&flowName=WebLiteSignIn&flowEntry=ServiceLogin, line 912: unreachable code after return statement
JavaScript warning: https://accounts.google.com/v3/signin/identifier?continue=https%3A%2F%2Faccounts.google.com%2F&dsh=S-1893388100%3A1773813813633398&followup=https%3A%2F%2Faccounts.google.com%2F&ifkv=ASfE1-rJDalbO8jeHHrY0nC3yKSinIPQgPHTwKEf9Cb4k3_qo4Tuy5TJB7ss09EnfcdClYVVwCBq4g&passive=1209600&flowName=WebLiteSignIn&flowEntry=ServiceLogin line 16 > eval, line 912: unreachable code after return statement
JavaScript warning: https://accounts.google.com/v3/signin/identifier?continue=https%3A%2F%2Faccounts.google.com%2F&dsh=S-1893388100%3A1773813813633398&followup=https%3A%2F%2Faccounts.google.com%2F&ifkv=ASfE1-rJDalbO8jeHHrY0nC3yKSinIPQgPHTwKEf9Cb4k3_qo4Tuy5TJB7ss09EnfcdClYVVwCBq4g&passive=1209600&flowName=WebLiteSignIn&flowEntry=ServiceLogin line 16 > eval, line 912: unreachable code after return statement
JavaScript warning: https://accounts.google.com/v3/signin/identifier?continue=https%3A%2F%2Faccounts.google.com%2F&dsh=S-1893388100%3A1773813813633398&followup=https%3A%2F%2Faccounts.google.com%2F&ifkv=ASfE1-rJDalbO8jeHHrY0nC3yKSinIPQgPHTwKEf9Cb4k3_qo4Tuy5TJB7ss09EnfcdClYVVwCBq4g&passive=1209600&flowName=WebLiteSignIn&flowEntry=ServiceLogin line 16 > eval, line 912: unreachable code after return statement
JavaScript warning: https://accounts.google.com/v3/signin/identifier?continue=https%3A%2F%2Faccounts.google.com%2F&dsh=S-1893388100%3A1773813813633398&followup=https%3A%2F%2Faccounts.google.com%2F&ifkv=ASfE1-rJDalbO8jeHHrY0nC3yKSinIPQgPHTwKEf9Cb4k3_qo4Tuy5TJB7ss09EnfcdClYVVwCBq4g&passive=1209600&flowName=WebLiteSignIn&flowEntry=ServiceLogin line 16 > eval, line 912: unreachable code after return statement
JavaScript warning: https://accounts.google.com/v3/signin/identifier?continue=https%3A%2F%2Faccounts.google.com%2F&dsh=S-1893388100%3A1773813813633398&followup=https%3A%2F%2Faccounts.google.com%2F&ifkv=ASfE1-rJDalbO8jeHHrY0nC3yKSinIPQgPHTwKEf9Cb4k3_qo4Tuy5TJB7ss09EnfcdClYVVwCBq4g&passive=1209600&flowName=WebLiteSignIn&flowEntry=ServiceLogin line 16 > eval, line 1: unreachable code after return statement
JavaScript warning: https://accounts.google.com/v3/signin/identifier?continue=https%3A%2F%2Faccounts.google.com%2F&dsh=S-1893388100%3A1773813813633398&followup=https%3A%2F%2Faccounts.google.com%2F&ifkv=ASfE1-rJDalbO8jeHHrY0nC3yKSinIPQgPHTwKEf9Cb4k3_qo4Tuy5TJB7ss09EnfcdClYVVwCBq4g&passive=1209600&flowName=WebLiteSignIn&flowEntry=ServiceLogin line 16 > eval line 912 > eval, line 1: unreachable code after return statement
JavaScript warning: https://accounts.google.com/v3/signin/identifier?continue=https%3A%2F%2Faccounts.google.com%2F&dsh=S-1893388100%3A1773813813633398&followup=https%3A%2F%2Faccounts.google.com%2F&ifkv=ASfE1-rJDalbO8jeHHrY0nC3yKSinIPQgPHTwKEf9Cb4k3_qo4Tuy5TJB7ss09EnfcdClYVVwCBq4g&passive=1209600&flowName=WebLiteSignIn&flowEntry=ServiceLogin line 16 > eval, line 1: unreachable code after return statement
JavaScript warning: https://accounts.google.com/v3/signin/identifier?continue=https%3A%2F%2Faccounts.google.com%2F&dsh=S-1893388100%3A1773813813633398&followup=https%3A%2F%2Faccounts.google.com%2F&ifkv=ASfE1-rJDalbO8jeHHrY0nC3yKSinIPQgPHTwKEf9Cb4k3_qo4Tuy5TJB7ss09EnfcdClYVVwCBq4g&passive=1209600&flowName=WebLiteSignIn&flowEntry=ServiceLogin line 16 > eval line 912 > eval, line 1: unreachable code after return statement
JavaScript warning: https://accounts.google.com/v3/signin/identifier?continue=https%3A%2F%2Faccounts.google.com%2F&dsh=S-1893388100%3A1773813813633398&followup=https%3A%2F%2Faccounts.google.com%2F&ifkv=ASfE1-rJDalbO8jeHHrY0nC3yKSinIPQgPHTwKEf9Cb4k3_qo4Tuy5TJB7ss09EnfcdClYVVwCBq4g&passive=1209600&flowName=WebLiteSignIn&flowEntry=ServiceLogin line 16 > eval, line 912: unreachable code after return statement
JavaScript warning: https://accounts.google.com/v3/signin/identifier?continue=https%3A%2F%2Faccounts.google.com%2F&dsh=S-1893388100%3A1773813813633398&followup=https%3A%2F%2Faccounts.google.com%2F&ifkv=ASfE1-rJDalbO8jeHHrY0nC3yKSinIPQgPHTwKEf9Cb4k3_qo4Tuy5TJB7ss09EnfcdClYVVwCBq4g&passive=1209600&flowName=WebLiteSignIn&flowEntry=ServiceLogin line 16 > eval line 912 > eval line 1 > eval, line 1: unreachable code after return statement
JavaScript warning: https://accounts.google.com/v3/signin/identifier?continue=https%3A%2F%2Faccounts.google.com%2F&dsh=S-1893388100%3A1773813813633398&followup=https%3A%2F%2Faccounts.google.com%2F&ifkv=ASfE1-rJDalbO8jeHHrY0nC3yKSinIPQgPHTwKEf9Cb4k3_qo4Tuy5TJB7ss09EnfcdClYVVwCBq4g&passive=1209600&flowName=WebLiteSignIn&flowEntry=ServiceLogin line 16 > eval line 912 > eval line 1 > eval, line 1: unreachable code after return statement
JavaScript warning: https://accounts.google.com/v3/signin/identifier?continue=https%3A%2F%2Faccounts.google.com%2F&dsh=S-1893388100%3A1773813813633398&followup=https%3A%2F%2Faccounts.google.com%2F&ifkv=ASfE1-rJDalbO8jeHHrY0nC3yKSinIPQgPHTwKEf9Cb4k3_qo4Tuy5TJB7ss09EnfcdClYVVwCBq4g&passive=1209600&flowName=WebLiteSignIn&flowEntry=ServiceLogin line 16 > eval line 912 > eval line 1 > eval, line 1: unreachable code after return statement
JavaScript warning: https://accounts.google.com/v3/signin/identifier?continue=https%3A%2F%2Faccounts.google.com%2F&dsh=S-1893388100%3A1773813813633398&followup=https%3A%2F%2Faccounts.google.com%2F&ifkv=ASfE1-rJDalbO8jeHHrY0nC3yKSinIPQgPHTwKEf9Cb4k3_qo4Tuy5TJB7ss09EnfcdClYVVwCBq4g&passive=1209600&flowName=WebLiteSignIn&flowEntry=ServiceLogin line 16 > eval line 912 > eval line 1 > eval line 1 > eval, line 1: unreachable code after return statement
JavaScript warning: https://accounts.google.com/v3/signin/identifier?continue=https%3A%2F%2Faccounts.google.com%2F&dsh=S-1893388100%3A1773813813633398&followup=https%3A%2F%2Faccounts.google.com%2F&ifkv=ASfE1-rJDalbO8jeHHrY0nC3yKSinIPQgPHTwKEf9Cb4k3_qo4Tuy5TJB7ss09EnfcdClYVVwCBq4g&passive=1209600&flowName=WebLiteSignIn&flowEntry=ServiceLogin line 16 > eval line 912 > eval line 1 > eval line 1 > eval, line 1: unreachable code after return statement
JavaScript warning: https://accounts.google.com/v3/signin/identifier?continue=https%3A%2F%2Faccounts.google.com%2F&dsh=S-1893388100%3A1773813813633398&followup=https%3A%2F%2Faccounts.google.com%2F&ifkv=ASfE1-rJDalbO8jeHHrY0nC3yKSinIPQgPHTwKEf9Cb4k3_qo4Tuy5TJB7ss09EnfcdClYVVwCBq4g&passive=1209600&flowName=WebLiteSignIn&flowEntry=ServiceLogin line 16 > eval line 912 > eval line 1 > eval line 1 > eval, line 1: unreachable code after return statement
console.warn: BackupService: "Path failed existence check :" null
JavaScript warning: https://accounts.google.com/v3/signin/identifier?continue=https%3A%2F%2Faccounts.google.com%2F&dsh=S-1893388100%3A1773813813633398&followup=https%3A%2F%2Faccounts.google.com%2F&ifkv=ASfE1-rJDalbO8jeHHrY0nC3yKSinIPQgPHTwKEf9Cb4k3_qo4Tuy5TJB7ss09EnfcdClYVVwCBq4g&passive=1209600&flowName=WebLiteSignIn&flowEntry=ServiceLogin line 16 > eval line 912 > eval line 1 > eval line 1 > eval, line 1: WEBGL_debug_renderer_info is deprecated in Firefox and will be removed. Please use RENDERER.
JavaScript warning: https://accounts.google.com/v3/signin/identifier?continue=https%3A%2F%2Faccounts.google.com%2F&dsh=S-1893388100%3A1773813813633398&followup=https%3A%2F%2Faccounts.google.com%2F&ifkv=ASfE1-rJDalbO8jeHHrY0nC3yKSinIPQgPHTwKEf9Cb4k3_qo4Tuy5TJB7ss09EnfcdClYVVwCBq4g&passive=1209600&flowName=WebLiteSignIn&flowEntry=ServiceLogin, line 7194: unreachable code after return statement
JavaScript warning: https://accounts.google.com/v3/signin/identifier?continue=https%3A%2F%2Faccounts.google.com%2F&dsh=S-1893388100%3A1773813813633398&followup=https%3A%2F%2Faccounts.google.com%2F&ifkv=ASfE1-rJDalbO8jeHHrY0nC3yKSinIPQgPHTwKEf9Cb4k3_qo4Tuy5TJB7ss09EnfcdClYVVwCBq4g&passive=1209600&flowName=WebLiteSignIn&flowEntry=ServiceLogin, line 7194: unreachable code after return statement
JavaScript warning: https://accounts.google.com/v3/signin/identifier?continue=https%3A%2F%2Faccounts.google.com%2F&dsh=S-1893388100%3A1773813813633398&followup=https%3A%2F%2Faccounts.google.com%2F&ifkv=ASfE1-rJDalbO8jeHHrY0nC3yKSinIPQgPHTwKEf9Cb4k3_qo4Tuy5TJB7ss09EnfcdClYVVwCBq4g&passive=1209600&flowName=WebLiteSignIn&flowEntry=ServiceLogin, line 7194: unreachable code after return statement
JavaScript warning: https://accounts.google.com/v3/signin/identifier?continue=https%3A%2F%2Faccounts.google.com%2F&dsh=S-1893388100%3A1773813813633398&followup=https%3A%2F%2Faccounts.google.com%2F&ifkv=ASfE1-rJDalbO8jeHHrY0nC3yKSinIPQgPHTwKEf9Cb4k3_qo4Tuy5TJB7ss09EnfcdClYVVwCBq4g&passive=1209600&flowName=WebLiteSignIn&flowEntry=ServiceLogin, line 7194: unreachable code after return statement
JavaScript warning: https://accounts.google.com/v3/signin/identifier?continue=https%3A%2F%2Faccounts.google.com%2F&dsh=S-1893388100%3A1773813813633398&followup=https%3A%2F%2Faccounts.google.com%2F&ifkv=ASfE1-rJDalbO8jeHHrY0nC3yKSinIPQgPHTwKEf9Cb4k3_qo4Tuy5TJB7ss09EnfcdClYVVwCBq4g&passive=1209600&flowName=WebLiteSignIn&flowEntry=ServiceLogin, line 7194: unreachable code after return statement
JavaScript warning: https://accounts.google.com/v3/signin/identifier?continue=https%3A%2F%2Faccounts.google.com%2F&dsh=S-1893388100%3A1773813813633398&followup=https%3A%2F%2Faccounts.google.com%2F&ifkv=ASfE1-rJDalbO8jeHHrY0nC3yKSinIPQgPHTwKEf9Cb4k3_qo4Tuy5TJB7ss09EnfcdClYVVwCBq4g&passive=1209600&flowName=WebLiteSignIn&flowEntry=ServiceLogin, line 7194: unreachable code after return statement
JavaScript warning: https://accounts.google.com/v3/signin/identifier?continue=https%3A%2F%2Faccounts.google.com%2F&dsh=S-1893388100%3A1773813813633398&followup=https%3A%2F%2Faccounts.google.com%2F&ifkv=ASfE1-rJDalbO8jeHHrY0nC3yKSinIPQgPHTwKEf9Cb4k3_qo4Tuy5TJB7ss09EnfcdClYVVwCBq4g&passive=1209600&flowName=WebLiteSignIn&flowEntry=ServiceLogin line 16 > eval, line 7194: unreachable code after return statement
JavaScript warning: https://accounts.google.com/v3/signin/identifier?continue=https%3A%2F%2Faccounts.google.com%2F&dsh=S-1893388100%3A1773813813633398&followup=https%3A%2F%2Faccounts.google.com%2F&ifkv=ASfE1-rJDalbO8jeHHrY0nC3yKSinIPQgPHTwKEf9Cb4k3_qo4Tuy5TJB7ss09EnfcdClYVVwCBq4g&passive=1209600&flowName=WebLiteSignIn&flowEntry=ServiceLogin line 16 > eval, line 7194: unreachable code after return statement
JavaScript warning: https://accounts.google.com/v3/signin/identifier?continue=https%3A%2F%2Faccounts.google.com%2F&dsh=S-1893388100%3A1773813813633398&followup=https%3A%2F%2Faccounts.google.com%2F&ifkv=ASfE1-rJDalbO8jeHHrY0nC3yKSinIPQgPHTwKEf9Cb4k3_qo4Tuy5TJB7ss09EnfcdClYVVwCBq4g&passive=1209600&flowName=WebLiteSignIn&flowEntry=ServiceLogin line 16 > eval, line 7194: unreachable code after return statement
JavaScript warning: https://accounts.google.com/v3/signin/identifier?continue=https%3A%2F%2Faccounts.google.com%2F&dsh=S-1893388100%3A1773813813633398&followup=https%3A%2F%2Faccounts.google.com%2F&ifkv=ASfE1-rJDalbO8jeHHrY0nC3yKSinIPQgPHTwKEf9Cb4k3_qo4Tuy5TJB7ss09EnfcdClYVVwCBq4g&passive=1209600&flowName=WebLiteSignIn&flowEntry=ServiceLogin line 16 > eval, line 7194: unreachable code after return statement
JavaScript warning: https://accounts.google.com/v3/signin/identifier?continue=https%3A%2F%2Faccounts.google.com%2F&dsh=S-1893388100%3A1773813813633398&followup=https%3A%2F%2Faccounts.google.com%2F&ifkv=ASfE1-rJDalbO8jeHHrY0nC3yKSinIPQgPHTwKEf9Cb4k3_qo4Tuy5TJB7ss09EnfcdClYVVwCBq4g&passive=1209600&flowName=WebLiteSignIn&flowEntry=ServiceLogin line 16 > eval, line 1: unreachable code after return statement
JavaScript warning: https://accounts.google.com/v3/signin/identifier?continue=https%3A%2F%2Faccounts.google.com%2F&dsh=S-1893388100%3A1773813813633398&followup=https%3A%2F%2Faccounts.google.com%2F&ifkv=ASfE1-rJDalbO8jeHHrY0nC3yKSinIPQgPHTwKEf9Cb4k3_qo4Tuy5TJB7ss09EnfcdClYVVwCBq4g&passive=1209600&flowName=WebLiteSignIn&flowEntry=ServiceLogin line 16 > eval line 7194 > eval, line 1: unreachable code after return statement
JavaScript warning: https://accounts.google.com/v3/signin/identifier?continue=https%3A%2F%2Faccounts.google.com%2F&dsh=S-1893388100%3A1773813813633398&followup=https%3A%2F%2Faccounts.google.com%2F&ifkv=ASfE1-rJDalbO8jeHHrY0nC3yKSinIPQgPHTwKEf9Cb4k3_qo4Tuy5TJB7ss09EnfcdClYVVwCBq4g&passive=1209600&flowName=WebLiteSignIn&flowEntry=ServiceLogin line 16 > eval, line 1: unreachable code after return statement
JavaScript warning: https://accounts.google.com/v3/signin/identifier?continue=https%3A%2F%2Faccounts.google.com%2F&dsh=S-1893388100%3A1773813813633398&followup=https%3A%2F%2Faccounts.google.com%2F&ifkv=ASfE1-rJDalbO8jeHHrY0nC3yKSinIPQgPHTwKEf9Cb4k3_qo4Tuy5TJB7ss09EnfcdClYVVwCBq4g&passive=1209600&flowName=WebLiteSignIn&flowEntry=ServiceLogin line 16 > eval line 7194 > eval, line 1: unreachable code after return statement
JavaScript warning: https://accounts.google.com/v3/signin/identifier?continue=https%3A%2F%2Faccounts.google.com%2F&dsh=S-1893388100%3A1773813813633398&followup=https%3A%2F%2Faccounts.google.com%2F&ifkv=ASfE1-rJDalbO8jeHHrY0nC3yKSinIPQgPHTwKEf9Cb4k3_qo4Tuy5TJB7ss09EnfcdClYVVwCBq4g&passive=1209600&flowName=WebLiteSignIn&flowEntry=ServiceLogin line 16 > eval, line 7194: unreachable code after return statement
JavaScript warning: https://accounts.google.com/v3/signin/identifier?continue=https%3A%2F%2Faccounts.google.com%2F&dsh=S-1893388100%3A1773813813633398&followup=https%3A%2F%2Faccounts.google.com%2F&ifkv=ASfE1-rJDalbO8jeHHrY0nC3yKSinIPQgPHTwKEf9Cb4k3_qo4Tuy5TJB7ss09EnfcdClYVVwCBq4g&passive=1209600&flowName=WebLiteSignIn&flowEntry=ServiceLogin line 16 > eval line 7194 > eval line 1 > eval, line 1: unreachable code after return statement
JavaScript warning: https://accounts.google.com/v3/signin/identifier?continue=https%3A%2F%2Faccounts.google.com%2F&dsh=S-1893388100%3A1773813813633398&followup=https%3A%2F%2Faccounts.google.com%2F&ifkv=ASfE1-rJDalbO8jeHHrY0nC3yKSinIPQgPHTwKEf9Cb4k3_qo4Tuy5TJB7ss09EnfcdClYVVwCBq4g&passive=1209600&flowName=WebLiteSignIn&flowEntry=ServiceLogin line 16 > eval line 7194 > eval line 1 > eval, line 1: unreachable code after return statement
JavaScript warning: https://accounts.google.com/v3/signin/identifier?continue=https%3A%2F%2Faccounts.google.com%2F&dsh=S-1893388100%3A1773813813633398&followup=https%3A%2F%2Faccounts.google.com%2F&ifkv=ASfE1-rJDalbO8jeHHrY0nC3yKSinIPQgPHTwKEf9Cb4k3_qo4Tuy5TJB7ss09EnfcdClYVVwCBq4g&passive=1209600&flowName=WebLiteSignIn&flowEntry=ServiceLogin line 16 > eval line 7194 > eval line 1 > eval, line 1: unreachable code after return statement
JavaScript warning: https://accounts.google.com/v3/signin/identifier?continue=https%3A%2F%2Faccounts.google.com%2F&dsh=S-1893388100%3A1773813813633398&followup=https%3A%2F%2Faccounts.google.com%2F&ifkv=ASfE1-rJDalbO8jeHHrY0nC3yKSinIPQgPHTwKEf9Cb4k3_qo4Tuy5TJB7ss09EnfcdClYVVwCBq4g&passive=1209600&flowName=WebLiteSignIn&flowEntry=ServiceLogin line 16 > eval line 7194 > eval line 1 > eval line 1 > eval, line 1: unreachable code after return statement
JavaScript warning: https://accounts.google.com/v3/signin/identifier?continue=https%3A%2F%2Faccounts.google.com%2F&dsh=S-1893388100%3A1773813813633398&followup=https%3A%2F%2Faccounts.google.com%2F&ifkv=ASfE1-rJDalbO8jeHHrY0nC3yKSinIPQgPHTwKEf9Cb4k3_qo4Tuy5TJB7ss09EnfcdClYVVwCBq4g&passive=1209600&flowName=WebLiteSignIn&flowEntry=ServiceLogin line 16 > eval line 7194 > eval line 1 > eval line 1 > eval, line 1: unreachable code after return statement
JavaScript warning: https://accounts.google.com/v3/signin/identifier?continue=https%3A%2F%2Faccounts.google.com%2F&dsh=S-1893388100%3A1773813813633398&followup=https%3A%2F%2Faccounts.google.com%2F&ifkv=ASfE1-rJDalbO8jeHHrY0nC3yKSinIPQgPHTwKEf9Cb4k3_qo4Tuy5TJB7ss09EnfcdClYVVwCBq4g&passive=1209600&flowName=WebLiteSignIn&flowEntry=ServiceLogin line 16 > eval line 7194 > eval line 1 > eval line 1 > eval, line 1: unreachable code after return statement
JavaScript warning: https://accounts.google.com/v3/signin/identifier?continue=https%3A%2F%2Faccounts.google.com%2F&dsh=S-1893388100%3A1773813813633398&followup=https%3A%2F%2Faccounts.google.com%2F&ifkv=ASfE1-rJDalbO8jeHHrY0nC3yKSinIPQgPHTwKEf9Cb4k3_qo4Tuy5TJB7ss09EnfcdClYVVwCBq4g&passive=1209600&flowName=WebLiteSignIn&flowEntry=ServiceLogin line 16 > eval line 7194 > eval line 1 > eval line 1 > eval, line 1: WEBGL_debug_renderer_info is deprecated in Firefox and will be removed. Please use RENDERER.
1773813926381	Marionette	INFO	Stopped listening on port 51864
1773813935095	geckodriver	INFO	Listening on 127.0.0.1:49202
1773813938120	mozrunner::runner	INFO	Running command: "C:\\Users\\chipc\\Desktop\\techlaai_automation\\gmail_automation\\FirefoxPortableNightly\\App\\Firefox64\\f ... mation\\firefox_profiles\\nguyentrungda615" "--remote-debugging-port" "49203" "--remote-allow-hosts" "localhost" "-no-remote"
Dynamically enable window occlusion 0
1773813938698	Marionette	INFO	Marionette enabled
1773813938798	Marionette	INFO	Listening on port 49215
WebDriver BiDi listening on ws://127.0.0.1:49203
Read port: 49215
1773813938899	RemoteAgent	WARN	TLS certificate errors will be ignored for this session
console.error: RSLoader: 
  Failed to retrieve recipes from Remote Settings
  Message: Error: Could not sync nimbus-desktop-experiments: get-exception
  Stack:
    RemoteSettingsSyncError@resource://nimbus/lib/RemoteSettingsExperimentLoader.sys.mjs:1410:5
getRecipesFromCollection@resource://nimbus/lib/RemoteSettingsExperimentLoader.sys.mjs:677:13

console.error: (new NotFoundError("Could not find fa0fc42c-d91d-fca7-34eb-806ff46062dc in cache or dump", "resource://services-settings/Attachments.sys.mjs", 48))
console.warn: "Unable to find the attachment for" "fa0fc42c-d91d-fca7-34eb-806ff46062dc"
console.warn: LoginRecipes: "Falling back to a synchronous message for: https://accounts.google.com."
JavaScript warning: https://accounts.google.com/v3/signin/identifier?continue=https%3A%2F%2Faccounts.google.com%2F&dsh=S1812718359%3A1773813941698876&followup=https%3A%2F%2Faccounts.google.com%2F&ifkv=ASfE1-prxaS-jtnvvvTEfjYCB2D5vqjmiA9_1TzylwEtp6oRKwYw2xN3AtlPH2Uzh-z2_OmESkEV5Q&passive=1209600&flowName=GlifWebSignIn&flowEntry=ServiceLogin line 1331 > injectedScript, line 7283: unreachable code after return statement
JavaScript warning: https://accounts.google.com/v3/signin/identifier?continue=https%3A%2F%2Faccounts.google.com%2F&dsh=S1812718359%3A1773813941698876&followup=https%3A%2F%2Faccounts.google.com%2F&ifkv=ASfE1-prxaS-jtnvvvTEfjYCB2D5vqjmiA9_1TzylwEtp6oRKwYw2xN3AtlPH2Uzh-z2_OmESkEV5Q&passive=1209600&flowName=GlifWebSignIn&flowEntry=ServiceLogin line 1331 > injectedScript, line 7283: unreachable code after return statement
JavaScript warning: https://accounts.google.com/v3/signin/identifier?continue=https%3A%2F%2Faccounts.google.com%2F&dsh=S1812718359%3A1773813941698876&followup=https%3A%2F%2Faccounts.google.com%2F&ifkv=ASfE1-prxaS-jtnvvvTEfjYCB2D5vqjmiA9_1TzylwEtp6oRKwYw2xN3AtlPH2Uzh-z2_OmESkEV5Q&passive=1209600&flowName=GlifWebSignIn&flowEntry=ServiceLogin line 1331 > injectedScript, line 7283: unreachable code after return statement
JavaScript warning: https://accounts.google.com/v3/signin/identifier?continue=https%3A%2F%2Faccounts.google.com%2F&dsh=S1812718359%3A1773813941698876&followup=https%3A%2F%2Faccounts.google.com%2F&ifkv=ASfE1-prxaS-jtnvvvTEfjYCB2D5vqjmiA9_1TzylwEtp6oRKwYw2xN3AtlPH2Uzh-z2_OmESkEV5Q&passive=1209600&flowName=GlifWebSignIn&flowEntry=ServiceLogin line 1331 > injectedScript, line 7283: unreachable code after return statement
JavaScript warning: https://accounts.google.com/v3/signin/identifier?continue=https%3A%2F%2Faccounts.google.com%2F&dsh=S1812718359%3A1773813941698876&followup=https%3A%2F%2Faccounts.google.com%2F&ifkv=ASfE1-prxaS-jtnvvvTEfjYCB2D5vqjmiA9_1TzylwEtp6oRKwYw2xN3AtlPH2Uzh-z2_OmESkEV5Q&passive=1209600&flowName=GlifWebSignIn&flowEntry=ServiceLogin line 1331 > injectedScript, line 7283: unreachable code after return statement
JavaScript warning: https://accounts.google.com/v3/signin/identifier?continue=https%3A%2F%2Faccounts.google.com%2F&dsh=S1812718359%3A1773813941698876&followup=https%3A%2F%2Faccounts.google.com%2F&ifkv=ASfE1-prxaS-jtnvvvTEfjYCB2D5vqjmiA9_1TzylwEtp6oRKwYw2xN3AtlPH2Uzh-z2_OmESkEV5Q&passive=1209600&flowName=GlifWebSignIn&flowEntry=ServiceLogin line 1331 > injectedScript, line 7283: unreachable code after return statement
JavaScript warning: https://accounts.google.com/v3/signin/identifier?continue=https%3A%2F%2Faccounts.google.com%2F&dsh=S1812718359%3A1773813941698876&followup=https%3A%2F%2Faccounts.google.com%2F&ifkv=ASfE1-prxaS-jtnvvvTEfjYCB2D5vqjmiA9_1TzylwEtp6oRKwYw2xN3AtlPH2Uzh-z2_OmESkEV5Q&passive=1209600&flowName=GlifWebSignIn&flowEntry=ServiceLogin line 1331 > injectedScript line 2 > eval, line 7283: unreachable code after return statement
JavaScript warning: https://accounts.google.com/v3/signin/identifier?continue=https%3A%2F%2Faccounts.google.com%2F&dsh=S1812718359%3A1773813941698876&followup=https%3A%2F%2Faccounts.google.com%2F&ifkv=ASfE1-prxaS-jtnvvvTEfjYCB2D5vqjmiA9_1TzylwEtp6oRKwYw2xN3AtlPH2Uzh-z2_OmESkEV5Q&passive=1209600&flowName=GlifWebSignIn&flowEntry=ServiceLogin line 1331 > injectedScript line 2 > eval, line 7283: unreachable code after return statement
JavaScript warning: https://accounts.google.com/v3/signin/identifier?continue=https%3A%2F%2Faccounts.google.com%2F&dsh=S1812718359%3A1773813941698876&followup=https%3A%2F%2Faccounts.google.com%2F&ifkv=ASfE1-prxaS-jtnvvvTEfjYCB2D5vqjmiA9_1TzylwEtp6oRKwYw2xN3AtlPH2Uzh-z2_OmESkEV5Q&passive=1209600&flowName=GlifWebSignIn&flowEntry=ServiceLogin line 1331 > injectedScript line 2 > eval, line 7283: unreachable code after return statement
JavaScript warning: https://accounts.google.com/v3/signin/identifier?continue=https%3A%2F%2Faccounts.google.com%2F&dsh=S1812718359%3A1773813941698876&followup=https%3A%2F%2Faccounts.google.com%2F&ifkv=ASfE1-prxaS-jtnvvvTEfjYCB2D5vqjmiA9_1TzylwEtp6oRKwYw2xN3AtlPH2Uzh-z2_OmESkEV5Q&passive=1209600&flowName=GlifWebSignIn&flowEntry=ServiceLogin line 1331 > injectedScript line 2 > eval, line 7283: unreachable code after return statement
JavaScript warning: https://accounts.google.com/v3/signin/identifier?continue=https%3A%2F%2Faccounts.google.com%2F&dsh=S1812718359%3A1773813941698876&followup=https%3A%2F%2Faccounts.google.com%2F&ifkv=ASfE1-prxaS-jtnvvvTEfjYCB2D5vqjmiA9_1TzylwEtp6oRKwYw2xN3AtlPH2Uzh-z2_OmESkEV5Q&passive=1209600&flowName=GlifWebSignIn&flowEntry=ServiceLogin line 1331 > injectedScript line 2 > eval, line 1: unreachable code after return statement
JavaScript warning: https://accounts.google.com/v3/signin/identifier?continue=https%3A%2F%2Faccounts.google.com%2F&dsh=S1812718359%3A1773813941698876&followup=https%3A%2F%2Faccounts.google.com%2F&ifkv=ASfE1-prxaS-jtnvvvTEfjYCB2D5vqjmiA9_1TzylwEtp6oRKwYw2xN3AtlPH2Uzh-z2_OmESkEV5Q&passive=1209600&flowName=GlifWebSignIn&flowEntry=ServiceLogin line 1331 > injectedScript line 2 > eval line 7283 > eval, line 1: unreachable code after return statement
JavaScript warning: https://accounts.google.com/v3/signin/identifier?continue=https%3A%2F%2Faccounts.google.com%2F&dsh=S1812718359%3A1773813941698876&followup=https%3A%2F%2Faccounts.google.com%2F&ifkv=ASfE1-prxaS-jtnvvvTEfjYCB2D5vqjmiA9_1TzylwEtp6oRKwYw2xN3AtlPH2Uzh-z2_OmESkEV5Q&passive=1209600&flowName=GlifWebSignIn&flowEntry=ServiceLogin line 1331 > injectedScript line 2 > eval line 7283 > eval, line 1: unreachable code after return statement
JavaScript warning: https://accounts.google.com/v3/signin/identifier?continue=https%3A%2F%2Faccounts.google.com%2F&dsh=S1812718359%3A1773813941698876&followup=https%3A%2F%2Faccounts.google.com%2F&ifkv=ASfE1-prxaS-jtnvvvTEfjYCB2D5vqjmiA9_1TzylwEtp6oRKwYw2xN3AtlPH2Uzh-z2_OmESkEV5Q&passive=1209600&flowName=GlifWebSignIn&flowEntry=ServiceLogin line 1331 > injectedScript line 2 > eval line 7283 > eval line 1 > eval, line 1: unreachable code after return statement
JavaScript warning: https://accounts.google.com/v3/signin/identifier?continue=https%3A%2F%2Faccounts.google.com%2F&dsh=S1812718359%3A1773813941698876&followup=https%3A%2F%2Faccounts.google.com%2F&ifkv=ASfE1-prxaS-jtnvvvTEfjYCB2D5vqjmiA9_1TzylwEtp6oRKwYw2xN3AtlPH2Uzh-z2_OmESkEV5Q&passive=1209600&flowName=GlifWebSignIn&flowEntry=ServiceLogin line 1331 > injectedScript line 2 > eval, line 7283: unreachable code after return statement
JavaScript warning: https://accounts.google.com/v3/signin/identifier?continue=https%3A%2F%2Faccounts.google.com%2F&dsh=S1812718359%3A1773813941698876&followup=https%3A%2F%2Faccounts.google.com%2F&ifkv=ASfE1-prxaS-jtnvvvTEfjYCB2D5vqjmiA9_1TzylwEtp6oRKwYw2xN3AtlPH2Uzh-z2_OmESkEV5Q&passive=1209600&flowName=GlifWebSignIn&flowEntry=ServiceLogin line 1331 > injectedScript line 2 > eval line 7283 > eval line 1 > eval, line 1: unreachable code after return statement
JavaScript warning: https://accounts.google.com/v3/signin/identifier?continue=https%3A%2F%2Faccounts.google.com%2F&dsh=S1812718359%3A1773813941698876&followup=https%3A%2F%2Faccounts.google.com%2F&ifkv=ASfE1-prxaS-jtnvvvTEfjYCB2D5vqjmiA9_1TzylwEtp6oRKwYw2xN3AtlPH2Uzh-z2_OmESkEV5Q&passive=1209600&flowName=GlifWebSignIn&flowEntry=ServiceLogin line 1331 > injectedScript line 2 > eval line 7283 > eval line 1 > eval, line 1: unreachable code after return statement
JavaScript warning: https://accounts.google.com/v3/signin/identifier?continue=https%3A%2F%2Faccounts.google.com%2F&dsh=S1812718359%3A1773813941698876&followup=https%3A%2F%2Faccounts.google.com%2F&ifkv=ASfE1-prxaS-jtnvvvTEfjYCB2D5vqjmiA9_1TzylwEtp6oRKwYw2xN3AtlPH2Uzh-z2_OmESkEV5Q&passive=1209600&flowName=GlifWebSignIn&flowEntry=ServiceLogin line 1331 > injectedScript line 2 > eval line 7283 > eval line 1 > eval, line 1: unreachable code after return statement
JavaScript warning: https://accounts.google.com/v3/signin/identifier?continue=https%3A%2F%2Faccounts.google.com%2F&dsh=S1812718359%3A1773813941698876&followup=https%3A%2F%2Faccounts.google.com%2F&ifkv=ASfE1-prxaS-jtnvvvTEfjYCB2D5vqjmiA9_1TzylwEtp6oRKwYw2xN3AtlPH2Uzh-z2_OmESkEV5Q&passive=1209600&flowName=GlifWebSignIn&flowEntry=ServiceLogin line 1331 > injectedScript line 2 > eval line 7283 > eval line 1 > eval line 1 > eval, line 1: unreachable code after return statement
JavaScript warning: https://accounts.google.com/v3/signin/identifier?continue=https%3A%2F%2Faccounts.google.com%2F&dsh=S1812718359%3A1773813941698876&followup=https%3A%2F%2Faccounts.google.com%2F&ifkv=ASfE1-prxaS-jtnvvvTEfjYCB2D5vqjmiA9_1TzylwEtp6oRKwYw2xN3AtlPH2Uzh-z2_OmESkEV5Q&passive=1209600&flowName=GlifWebSignIn&flowEntry=ServiceLogin line 1331 > injectedScript line 2 > eval line 7283 > eval line 1 > eval line 1 > eval, line 1: unreachable code after return statement
JavaScript warning: https://accounts.google.com/v3/signin/identifier?continue=https%3A%2F%2Faccounts.google.com%2F&dsh=S1812718359%3A1773813941698876&followup=https%3A%2F%2Faccounts.google.com%2F&ifkv=ASfE1-prxaS-jtnvvvTEfjYCB2D5vqjmiA9_1TzylwEtp6oRKwYw2xN3AtlPH2Uzh-z2_OmESkEV5Q&passive=1209600&flowName=GlifWebSignIn&flowEntry=ServiceLogin line 1331 > injectedScript line 2 > eval line 7283 > eval line 1 > eval line 1 > eval, line 1: unreachable code after return statement
JavaScript warning: https://accounts.google.com/v3/signin/identifier?continue=https%3A%2F%2Faccounts.google.com%2F&dsh=S1812718359%3A1773813941698876&followup=https%3A%2F%2Faccounts.google.com%2F&ifkv=ASfE1-prxaS-jtnvvvTEfjYCB2D5vqjmiA9_1TzylwEtp6oRKwYw2xN3AtlPH2Uzh-z2_OmESkEV5Q&passive=1209600&flowName=GlifWebSignIn&flowEntry=ServiceLogin line 1331 > injectedScript, line 2484: unreachable code after return statement
JavaScript warning: https://accounts.google.com/v3/signin/identifier?continue=https%3A%2F%2Faccounts.google.com%2F&dsh=S1812718359%3A1773813941698876&followup=https%3A%2F%2Faccounts.google.com%2F&ifkv=ASfE1-prxaS-jtnvvvTEfjYCB2D5vqjmiA9_1TzylwEtp6oRKwYw2xN3AtlPH2Uzh-z2_OmESkEV5Q&passive=1209600&flowName=GlifWebSignIn&flowEntry=ServiceLogin line 1331 > injectedScript, line 2484: unreachable code after return statement
JavaScript warning: https://accounts.google.com/v3/signin/identifier?continue=https%3A%2F%2Faccounts.google.com%2F&dsh=S1812718359%3A1773813941698876&followup=https%3A%2F%2Faccounts.google.com%2F&ifkv=ASfE1-prxaS-jtnvvvTEfjYCB2D5vqjmiA9_1TzylwEtp6oRKwYw2xN3AtlPH2Uzh-z2_OmESkEV5Q&passive=1209600&flowName=GlifWebSignIn&flowEntry=ServiceLogin line 1331 > injectedScript, line 2484: unreachable code after return statement
JavaScript warning: https://accounts.google.com/v3/signin/identifier?continue=https%3A%2F%2Faccounts.google.com%2F&dsh=S1812718359%3A1773813941698876&followup=https%3A%2F%2Faccounts.google.com%2F&ifkv=ASfE1-prxaS-jtnvvvTEfjYCB2D5vqjmiA9_1TzylwEtp6oRKwYw2xN3AtlPH2Uzh-z2_OmESkEV5Q&passive=1209600&flowName=GlifWebSignIn&flowEntry=ServiceLogin line 1331 > injectedScript, line 2484: unreachable code after return statement
JavaScript warning: https://accounts.google.com/v3/signin/identifier?continue=https%3A%2F%2Faccounts.google.com%2F&dsh=S1812718359%3A1773813941698876&followup=https%3A%2F%2Faccounts.google.com%2F&ifkv=ASfE1-prxaS-jtnvvvTEfjYCB2D5vqjmiA9_1TzylwEtp6oRKwYw2xN3AtlPH2Uzh-z2_OmESkEV5Q&passive=1209600&flowName=GlifWebSignIn&flowEntry=ServiceLogin line 1331 > injectedScript, line 2484: unreachable code after return statement
JavaScript warning: https://accounts.google.com/v3/signin/identifier?continue=https%3A%2F%2Faccounts.google.com%2F&dsh=S1812718359%3A1773813941698876&followup=https%3A%2F%2Faccounts.google.com%2F&ifkv=ASfE1-prxaS-jtnvvvTEfjYCB2D5vqjmiA9_1TzylwEtp6oRKwYw2xN3AtlPH2Uzh-z2_OmESkEV5Q&passive=1209600&flowName=GlifWebSignIn&flowEntry=ServiceLogin line 1331 > injectedScript, line 2484: unreachable code after return statement
JavaScript warning: https://accounts.google.com/v3/signin/identifier?continue=https%3A%2F%2Faccounts.google.com%2F&dsh=S1812718359%3A1773813941698876&followup=https%3A%2F%2Faccounts.google.com%2F&ifkv=ASfE1-prxaS-jtnvvvTEfjYCB2D5vqjmiA9_1TzylwEtp6oRKwYw2xN3AtlPH2Uzh-z2_OmESkEV5Q&passive=1209600&flowName=GlifWebSignIn&flowEntry=ServiceLogin line 1331 > injectedScript line 2 > eval, line 2484: unreachable code after return statement
JavaScript warning: https://accounts.google.com/v3/signin/identifier?continue=https%3A%2F%2Faccounts.google.com%2F&dsh=S1812718359%3A1773813941698876&followup=https%3A%2F%2Faccounts.google.com%2F&ifkv=ASfE1-prxaS-jtnvvvTEfjYCB2D5vqjmiA9_1TzylwEtp6oRKwYw2xN3AtlPH2Uzh-z2_OmESkEV5Q&passive=1209600&flowName=GlifWebSignIn&flowEntry=ServiceLogin line 1331 > injectedScript line 2 > eval, line 2484: unreachable code after return statement
JavaScript warning: https://accounts.google.com/v3/signin/identifier?continue=https%3A%2F%2Faccounts.google.com%2F&dsh=S1812718359%3A1773813941698876&followup=https%3A%2F%2Faccounts.google.com%2F&ifkv=ASfE1-prxaS-jtnvvvTEfjYCB2D5vqjmiA9_1TzylwEtp6oRKwYw2xN3AtlPH2Uzh-z2_OmESkEV5Q&passive=1209600&flowName=GlifWebSignIn&flowEntry=ServiceLogin line 1331 > injectedScript line 2 > eval, line 2484: unreachable code after return statement
JavaScript warning: https://accounts.google.com/v3/signin/identifier?continue=https%3A%2F%2Faccounts.google.com%2F&dsh=S1812718359%3A1773813941698876&followup=https%3A%2F%2Faccounts.google.com%2F&ifkv=ASfE1-prxaS-jtnvvvTEfjYCB2D5vqjmiA9_1TzylwEtp6oRKwYw2xN3AtlPH2Uzh-z2_OmESkEV5Q&passive=1209600&flowName=GlifWebSignIn&flowEntry=ServiceLogin line 1331 > injectedScript line 2 > eval, line 2484: unreachable code after return statement
JavaScript warning: https://accounts.google.com/v3/signin/identifier?continue=https%3A%2F%2Faccounts.google.com%2F&dsh=S1812718359%3A1773813941698876&followup=https%3A%2F%2Faccounts.google.com%2F&ifkv=ASfE1-prxaS-jtnvvvTEfjYCB2D5vqjmiA9_1TzylwEtp6oRKwYw2xN3AtlPH2Uzh-z2_OmESkEV5Q&passive=1209600&flowName=GlifWebSignIn&flowEntry=ServiceLogin line 1331 > injectedScript line 2 > eval, line 1: unreachable code after return statement
JavaScript warning: https://accounts.google.com/v3/signin/identifier?continue=https%3A%2F%2Faccounts.google.com%2F&dsh=S1812718359%3A1773813941698876&followup=https%3A%2F%2Faccounts.google.com%2F&ifkv=ASfE1-prxaS-jtnvvvTEfjYCB2D5vqjmiA9_1TzylwEtp6oRKwYw2xN3AtlPH2Uzh-z2_OmESkEV5Q&passive=1209600&flowName=GlifWebSignIn&flowEntry=ServiceLogin line 1331 > injectedScript line 2 > eval line 2484 > eval, line 1: unreachable code after return statement
JavaScript warning: https://accounts.google.com/v3/signin/identifier?continue=https%3A%2F%2Faccounts.google.com%2F&dsh=S1812718359%3A1773813941698876&followup=https%3A%2F%2Faccounts.google.com%2F&ifkv=ASfE1-prxaS-jtnvvvTEfjYCB2D5vqjmiA9_1TzylwEtp6oRKwYw2xN3AtlPH2Uzh-z2_OmESkEV5Q&passive=1209600&flowName=GlifWebSignIn&flowEntry=ServiceLogin line 1331 > injectedScript line 2 > eval line 2484 > eval, line 1: unreachable code after return statement
JavaScript warning: https://accounts.google.com/v3/signin/identifier?continue=https%3A%2F%2Faccounts.google.com%2F&dsh=S1812718359%3A1773813941698876&followup=https%3A%2F%2Faccounts.google.com%2F&ifkv=ASfE1-prxaS-jtnvvvTEfjYCB2D5vqjmiA9_1TzylwEtp6oRKwYw2xN3AtlPH2Uzh-z2_OmESkEV5Q&passive=1209600&flowName=GlifWebSignIn&flowEntry=ServiceLogin line 1331 > injectedScript line 2 > eval line 2484 > eval line 1 > eval, line 1: unreachable code after return statement
JavaScript warning: https://accounts.google.com/v3/signin/identifier?continue=https%3A%2F%2Faccounts.google.com%2F&dsh=S1812718359%3A1773813941698876&followup=https%3A%2F%2Faccounts.google.com%2F&ifkv=ASfE1-prxaS-jtnvvvTEfjYCB2D5vqjmiA9_1TzylwEtp6oRKwYw2xN3AtlPH2Uzh-z2_OmESkEV5Q&passive=1209600&flowName=GlifWebSignIn&flowEntry=ServiceLogin line 1331 > injectedScript line 2 > eval, line 2484: unreachable code after return statement
JavaScript warning: https://accounts.google.com/v3/signin/identifier?continue=https%3A%2F%2Faccounts.google.com%2F&dsh=S1812718359%3A1773813941698876&followup=https%3A%2F%2Faccounts.google.com%2F&ifkv=ASfE1-prxaS-jtnvvvTEfjYCB2D5vqjmiA9_1TzylwEtp6oRKwYw2xN3AtlPH2Uzh-z2_OmESkEV5Q&passive=1209600&flowName=GlifWebSignIn&flowEntry=ServiceLogin line 1331 > injectedScript line 2 > eval line 2484 > eval line 1 > eval, line 1: unreachable code after return statement
JavaScript warning: https://accounts.google.com/v3/signin/identifier?continue=https%3A%2F%2Faccounts.google.com%2F&dsh=S1812718359%3A1773813941698876&followup=https%3A%2F%2Faccounts.google.com%2F&ifkv=ASfE1-prxaS-jtnvvvTEfjYCB2D5vqjmiA9_1TzylwEtp6oRKwYw2xN3AtlPH2Uzh-z2_OmESkEV5Q&passive=1209600&flowName=GlifWebSignIn&flowEntry=ServiceLogin line 1331 > injectedScript line 2 > eval line 2484 > eval line 1 > eval, line 1: unreachable code after return statement
JavaScript warning: https://accounts.google.com/v3/signin/identifier?continue=https%3A%2F%2Faccounts.google.com%2F&dsh=S1812718359%3A1773813941698876&followup=https%3A%2F%2Faccounts.google.com%2F&ifkv=ASfE1-prxaS-jtnvvvTEfjYCB2D5vqjmiA9_1TzylwEtp6oRKwYw2xN3AtlPH2Uzh-z2_OmESkEV5Q&passive=1209600&flowName=GlifWebSignIn&flowEntry=ServiceLogin line 1331 > injectedScript line 2 > eval line 2484 > eval line 1 > eval, line 1: unreachable code after return statement
JavaScript warning: https://accounts.google.com/v3/signin/identifier?continue=https%3A%2F%2Faccounts.google.com%2F&dsh=S1812718359%3A1773813941698876&followup=https%3A%2F%2Faccounts.google.com%2F&ifkv=ASfE1-prxaS-jtnvvvTEfjYCB2D5vqjmiA9_1TzylwEtp6oRKwYw2xN3AtlPH2Uzh-z2_OmESkEV5Q&passive=1209600&flowName=GlifWebSignIn&flowEntry=ServiceLogin line 1331 > injectedScript line 2 > eval line 2484 > eval line 1 > eval line 1 > eval, line 1: unreachable code after return statement
JavaScript warning: https://accounts.google.com/v3/signin/identifier?continue=https%3A%2F%2Faccounts.google.com%2F&dsh=S1812718359%3A1773813941698876&followup=https%3A%2F%2Faccounts.google.com%2F&ifkv=ASfE1-prxaS-jtnvvvTEfjYCB2D5vqjmiA9_1TzylwEtp6oRKwYw2xN3AtlPH2Uzh-z2_OmESkEV5Q&passive=1209600&flowName=GlifWebSignIn&flowEntry=ServiceLogin line 1331 > injectedScript line 2 > eval line 2484 > eval line 1 > eval line 1 > eval, line 1: unreachable code after return statement
JavaScript warning: https://accounts.google.com/v3/signin/identifier?continue=https%3A%2F%2Faccounts.google.com%2F&dsh=S1812718359%3A1773813941698876&followup=https%3A%2F%2Faccounts.google.com%2F&ifkv=ASfE1-prxaS-jtnvvvTEfjYCB2D5vqjmiA9_1TzylwEtp6oRKwYw2xN3AtlPH2Uzh-z2_OmESkEV5Q&passive=1209600&flowName=GlifWebSignIn&flowEntry=ServiceLogin line 1331 > injectedScript line 2 > eval line 2484 > eval line 1 > eval line 1 > eval, line 1: unreachable code after return statement
console.warn: LoginRecipes: "Falling back to a synchronous message for: https://accounts.google.com."
JavaScript error: resource://gre/actors/FormHandlerChild.sys.mjs, line 103: InvalidStateError: JSWindowActorChild.document getter: Cannot access property 'document' after actor 'FormHandler' has been destroyed
JavaScript warning: https://accounts.google.com/v3/signin/identifier?dsh=S-1020562398%3A1773813944320445&ifkv=ASfE1-oizkinz186wNFOdP6h9l9kk9MstTAcHMS9xwLtyrP75DMPR3Nk44y37XQ1fgEqdZU0yQMZhg&flowName=GlifWebSignIn&flowEntry=ServiceLogin line 1331 > injectedScript, line 370: unreachable code after return statement
JavaScript warning: https://accounts.google.com/v3/signin/identifier?dsh=S-1020562398%3A1773813944320445&ifkv=ASfE1-oizkinz186wNFOdP6h9l9kk9MstTAcHMS9xwLtyrP75DMPR3Nk44y37XQ1fgEqdZU0yQMZhg&flowName=GlifWebSignIn&flowEntry=ServiceLogin line 1331 > injectedScript, line 370: unreachable code after return statement
JavaScript warning: https://accounts.google.com/v3/signin/identifier?dsh=S-1020562398%3A1773813944320445&ifkv=ASfE1-oizkinz186wNFOdP6h9l9kk9MstTAcHMS9xwLtyrP75DMPR3Nk44y37XQ1fgEqdZU0yQMZhg&flowName=GlifWebSignIn&flowEntry=ServiceLogin line 1331 > injectedScript, line 370: unreachable code after return statement
JavaScript warning: https://accounts.google.com/v3/signin/identifier?dsh=S-1020562398%3A1773813944320445&ifkv=ASfE1-oizkinz186wNFOdP6h9l9kk9MstTAcHMS9xwLtyrP75DMPR3Nk44y37XQ1fgEqdZU0yQMZhg&flowName=GlifWebSignIn&flowEntry=ServiceLogin line 1331 > injectedScript, line 370: unreachable code after return statement
JavaScript warning: https://accounts.google.com/v3/signin/identifier?dsh=S-1020562398%3A1773813944320445&ifkv=ASfE1-oizkinz186wNFOdP6h9l9kk9MstTAcHMS9xwLtyrP75DMPR3Nk44y37XQ1fgEqdZU0yQMZhg&flowName=GlifWebSignIn&flowEntry=ServiceLogin line 1331 > injectedScript, line 370: unreachable code after return statement
JavaScript warning: https://accounts.google.com/v3/signin/identifier?dsh=S-1020562398%3A1773813944320445&ifkv=ASfE1-oizkinz186wNFOdP6h9l9kk9MstTAcHMS9xwLtyrP75DMPR3Nk44y37XQ1fgEqdZU0yQMZhg&flowName=GlifWebSignIn&flowEntry=ServiceLogin line 1331 > injectedScript, line 370: unreachable code after return statement
JavaScript warning: https://accounts.google.com/v3/signin/identifier?dsh=S-1020562398%3A1773813944320445&ifkv=ASfE1-oizkinz186wNFOdP6h9l9kk9MstTAcHMS9xwLtyrP75DMPR3Nk44y37XQ1fgEqdZU0yQMZhg&flowName=GlifWebSignIn&flowEntry=ServiceLogin line 1331 > injectedScript line 2 > eval, line 370: unreachable code after return statement
JavaScript warning: https://accounts.google.com/v3/signin/identifier?dsh=S-1020562398%3A1773813944320445&ifkv=ASfE1-oizkinz186wNFOdP6h9l9kk9MstTAcHMS9xwLtyrP75DMPR3Nk44y37XQ1fgEqdZU0yQMZhg&flowName=GlifWebSignIn&flowEntry=ServiceLogin line 1331 > injectedScript line 2 > eval, line 370: unreachable code after return statement
JavaScript warning: https://accounts.google.com/v3/signin/identifier?dsh=S-1020562398%3A1773813944320445&ifkv=ASfE1-oizkinz186wNFOdP6h9l9kk9MstTAcHMS9xwLtyrP75DMPR3Nk44y37XQ1fgEqdZU0yQMZhg&flowName=GlifWebSignIn&flowEntry=ServiceLogin line 1331 > injectedScript line 2 > eval, line 370: unreachable code after return statement
JavaScript warning: https://accounts.google.com/v3/signin/identifier?dsh=S-1020562398%3A1773813944320445&ifkv=ASfE1-oizkinz186wNFOdP6h9l9kk9MstTAcHMS9xwLtyrP75DMPR3Nk44y37XQ1fgEqdZU0yQMZhg&flowName=GlifWebSignIn&flowEntry=ServiceLogin line 1331 > injectedScript line 2 > eval, line 370: unreachable code after return statement
JavaScript warning: https://accounts.google.com/v3/signin/identifier?dsh=S-1020562398%3A1773813944320445&ifkv=ASfE1-oizkinz186wNFOdP6h9l9kk9MstTAcHMS9xwLtyrP75DMPR3Nk44y37XQ1fgEqdZU0yQMZhg&flowName=GlifWebSignIn&flowEntry=ServiceLogin line 1331 > injectedScript line 2 > eval, line 1: unreachable code after return statement
JavaScript warning: https://accounts.google.com/v3/signin/identifier?dsh=S-1020562398%3A1773813944320445&ifkv=ASfE1-oizkinz186wNFOdP6h9l9kk9MstTAcHMS9xwLtyrP75DMPR3Nk44y37XQ1fgEqdZU0yQMZhg&flowName=GlifWebSignIn&flowEntry=ServiceLogin line 1331 > injectedScript line 2 > eval line 370 > eval, line 1: unreachable code after return statement
JavaScript warning: https://accounts.google.com/v3/signin/identifier?dsh=S-1020562398%3A1773813944320445&ifkv=ASfE1-oizkinz186wNFOdP6h9l9kk9MstTAcHMS9xwLtyrP75DMPR3Nk44y37XQ1fgEqdZU0yQMZhg&flowName=GlifWebSignIn&flowEntry=ServiceLogin line 1331 > injectedScript line 2 > eval, line 1: unreachable code after return statement
JavaScript warning: https://accounts.google.com/v3/signin/identifier?dsh=S-1020562398%3A1773813944320445&ifkv=ASfE1-oizkinz186wNFOdP6h9l9kk9MstTAcHMS9xwLtyrP75DMPR3Nk44y37XQ1fgEqdZU0yQMZhg&flowName=GlifWebSignIn&flowEntry=ServiceLogin line 1331 > injectedScript line 2 > eval line 370 > eval, line 1: unreachable code after return statement
JavaScript warning: https://accounts.google.com/v3/signin/identifier?dsh=S-1020562398%3A1773813944320445&ifkv=ASfE1-oizkinz186wNFOdP6h9l9kk9MstTAcHMS9xwLtyrP75DMPR3Nk44y37XQ1fgEqdZU0yQMZhg&flowName=GlifWebSignIn&flowEntry=ServiceLogin line 1331 > injectedScript line 2 > eval, line 370: unreachable code after return statement
JavaScript warning: https://accounts.google.com/v3/signin/identifier?dsh=S-1020562398%3A1773813944320445&ifkv=ASfE1-oizkinz186wNFOdP6h9l9kk9MstTAcHMS9xwLtyrP75DMPR3Nk44y37XQ1fgEqdZU0yQMZhg&flowName=GlifWebSignIn&flowEntry=ServiceLogin line 1331 > injectedScript line 2 > eval line 370 > eval line 1 > eval, line 1: unreachable code after return statement
JavaScript warning: https://accounts.google.com/v3/signin/identifier?dsh=S-1020562398%3A1773813944320445&ifkv=ASfE1-oizkinz186wNFOdP6h9l9kk9MstTAcHMS9xwLtyrP75DMPR3Nk44y37XQ1fgEqdZU0yQMZhg&flowName=GlifWebSignIn&flowEntry=ServiceLogin line 1331 > injectedScript line 2 > eval line 370 > eval line 1 > eval, line 1: unreachable code after return statement
JavaScript warning: https://accounts.google.com/v3/signin/identifier?dsh=S-1020562398%3A1773813944320445&ifkv=ASfE1-oizkinz186wNFOdP6h9l9kk9MstTAcHMS9xwLtyrP75DMPR3Nk44y37XQ1fgEqdZU0yQMZhg&flowName=GlifWebSignIn&flowEntry=ServiceLogin line 1331 > injectedScript line 2 > eval line 370 > eval line 1 > eval, line 1: unreachable code after return statement
JavaScript warning: https://accounts.google.com/v3/signin/identifier?dsh=S-1020562398%3A1773813944320445&ifkv=ASfE1-oizkinz186wNFOdP6h9l9kk9MstTAcHMS9xwLtyrP75DMPR3Nk44y37XQ1fgEqdZU0yQMZhg&flowName=GlifWebSignIn&flowEntry=ServiceLogin line 1331 > injectedScript line 2 > eval line 370 > eval line 1 > eval line 1 > eval, line 1: unreachable code after return statement
JavaScript warning: https://accounts.google.com/v3/signin/identifier?dsh=S-1020562398%3A1773813944320445&ifkv=ASfE1-oizkinz186wNFOdP6h9l9kk9MstTAcHMS9xwLtyrP75DMPR3Nk44y37XQ1fgEqdZU0yQMZhg&flowName=GlifWebSignIn&flowEntry=ServiceLogin line 1331 > injectedScript line 2 > eval line 370 > eval line 1 > eval line 1 > eval, line 1: unreachable code after return statement
JavaScript warning: https://accounts.google.com/v3/signin/identifier?dsh=S-1020562398%3A1773813944320445&ifkv=ASfE1-oizkinz186wNFOdP6h9l9kk9MstTAcHMS9xwLtyrP75DMPR3Nk44y37XQ1fgEqdZU0yQMZhg&flowName=GlifWebSignIn&flowEntry=ServiceLogin line 1331 > injectedScript line 2 > eval line 370 > eval line 1 > eval line 1 > eval, line 1: unreachable code after return statement
JavaScript warning: https://accounts.google.com/v3/signin/identifier?dsh=S-1020562398%3A1773813944320445&ifkv=ASfE1-oizkinz186wNFOdP6h9l9kk9MstTAcHMS9xwLtyrP75DMPR3Nk44y37XQ1fgEqdZU0yQMZhg&flowName=GlifWebSignIn&flowEntry=ServiceLogin line 1331 > injectedScript, line 5610: unreachable code after return statement
JavaScript warning: https://accounts.google.com/v3/signin/identifier?dsh=S-1020562398%3A1773813944320445&ifkv=ASfE1-oizkinz186wNFOdP6h9l9kk9MstTAcHMS9xwLtyrP75DMPR3Nk44y37XQ1fgEqdZU0yQMZhg&flowName=GlifWebSignIn&flowEntry=ServiceLogin line 1331 > injectedScript, line 5610: unreachable code after return statement
JavaScript warning: https://accounts.google.com/v3/signin/identifier?dsh=S-1020562398%3A1773813944320445&ifkv=ASfE1-oizkinz186wNFOdP6h9l9kk9MstTAcHMS9xwLtyrP75DMPR3Nk44y37XQ1fgEqdZU0yQMZhg&flowName=GlifWebSignIn&flowEntry=ServiceLogin line 1331 > injectedScript, line 5610: unreachable code after return statement
JavaScript warning: https://accounts.google.com/v3/signin/identifier?dsh=S-1020562398%3A1773813944320445&ifkv=ASfE1-oizkinz186wNFOdP6h9l9kk9MstTAcHMS9xwLtyrP75DMPR3Nk44y37XQ1fgEqdZU0yQMZhg&flowName=GlifWebSignIn&flowEntry=ServiceLogin line 1331 > injectedScript, line 5610: unreachable code after return statement
JavaScript warning: https://accounts.google.com/v3/signin/identifier?dsh=S-1020562398%3A1773813944320445&ifkv=ASfE1-oizkinz186wNFOdP6h9l9kk9MstTAcHMS9xwLtyrP75DMPR3Nk44y37XQ1fgEqdZU0yQMZhg&flowName=GlifWebSignIn&flowEntry=ServiceLogin line 1331 > injectedScript, line 5610: unreachable code after return statement
JavaScript warning: https://accounts.google.com/v3/signin/identifier?dsh=S-1020562398%3A1773813944320445&ifkv=ASfE1-oizkinz186wNFOdP6h9l9kk9MstTAcHMS9xwLtyrP75DMPR3Nk44y37XQ1fgEqdZU0yQMZhg&flowName=GlifWebSignIn&flowEntry=ServiceLogin line 1331 > injectedScript, line 5610: unreachable code after return statement
JavaScript warning: https://accounts.google.com/v3/signin/identifier?dsh=S-1020562398%3A1773813944320445&ifkv=ASfE1-oizkinz186wNFOdP6h9l9kk9MstTAcHMS9xwLtyrP75DMPR3Nk44y37XQ1fgEqdZU0yQMZhg&flowName=GlifWebSignIn&flowEntry=ServiceLogin line 1331 > injectedScript line 2 > eval, line 5610: unreachable code after return statement
JavaScript warning: https://accounts.google.com/v3/signin/identifier?dsh=S-1020562398%3A1773813944320445&ifkv=ASfE1-oizkinz186wNFOdP6h9l9kk9MstTAcHMS9xwLtyrP75DMPR3Nk44y37XQ1fgEqdZU0yQMZhg&flowName=GlifWebSignIn&flowEntry=ServiceLogin line 1331 > injectedScript line 2 > eval, line 5610: unreachable code after return statement
JavaScript warning: https://accounts.google.com/v3/signin/identifier?dsh=S-1020562398%3A1773813944320445&ifkv=ASfE1-oizkinz186wNFOdP6h9l9kk9MstTAcHMS9xwLtyrP75DMPR3Nk44y37XQ1fgEqdZU0yQMZhg&flowName=GlifWebSignIn&flowEntry=ServiceLogin line 1331 > injectedScript line 2 > eval, line 5610: unreachable code after return statement
JavaScript warning: https://accounts.google.com/v3/signin/identifier?dsh=S-1020562398%3A1773813944320445&ifkv=ASfE1-oizkinz186wNFOdP6h9l9kk9MstTAcHMS9xwLtyrP75DMPR3Nk44y37XQ1fgEqdZU0yQMZhg&flowName=GlifWebSignIn&flowEntry=ServiceLogin line 1331 > injectedScript line 2 > eval, line 5610: unreachable code after return statement
JavaScript warning: https://accounts.google.com/v3/signin/identifier?dsh=S-1020562398%3A1773813944320445&ifkv=ASfE1-oizkinz186wNFOdP6h9l9kk9MstTAcHMS9xwLtyrP75DMPR3Nk44y37XQ1fgEqdZU0yQMZhg&flowName=GlifWebSignIn&flowEntry=ServiceLogin line 1331 > injectedScript line 2 > eval, line 1: unreachable code after return statement
JavaScript warning: https://accounts.google.com/v3/signin/identifier?dsh=S-1020562398%3A1773813944320445&ifkv=ASfE1-oizkinz186wNFOdP6h9l9kk9MstTAcHMS9xwLtyrP75DMPR3Nk44y37XQ1fgEqdZU0yQMZhg&flowName=GlifWebSignIn&flowEntry=ServiceLogin line 1331 > injectedScript line 2 > eval line 5610 > eval, line 1: unreachable code after return statement
JavaScript warning: https://accounts.google.com/v3/signin/identifier?dsh=S-1020562398%3A1773813944320445&ifkv=ASfE1-oizkinz186wNFOdP6h9l9kk9MstTAcHMS9xwLtyrP75DMPR3Nk44y37XQ1fgEqdZU0yQMZhg&flowName=GlifWebSignIn&flowEntry=ServiceLogin line 1331 > injectedScript line 2 > eval, line 1: unreachable code after return statement
JavaScript warning: https://accounts.google.com/v3/signin/identifier?dsh=S-1020562398%3A1773813944320445&ifkv=ASfE1-oizkinz186wNFOdP6h9l9kk9MstTAcHMS9xwLtyrP75DMPR3Nk44y37XQ1fgEqdZU0yQMZhg&flowName=GlifWebSignIn&flowEntry=ServiceLogin line 1331 > injectedScript line 2 > eval line 5610 > eval, line 1: unreachable code after return statement
JavaScript warning: https://accounts.google.com/v3/signin/identifier?dsh=S-1020562398%3A1773813944320445&ifkv=ASfE1-oizkinz186wNFOdP6h9l9kk9MstTAcHMS9xwLtyrP75DMPR3Nk44y37XQ1fgEqdZU0yQMZhg&flowName=GlifWebSignIn&flowEntry=ServiceLogin line 1331 > injectedScript line 2 > eval, line 5610: unreachable code after return statement
JavaScript warning: https://accounts.google.com/v3/signin/identifier?dsh=S-1020562398%3A1773813944320445&ifkv=ASfE1-oizkinz186wNFOdP6h9l9kk9MstTAcHMS9xwLtyrP75DMPR3Nk44y37XQ1fgEqdZU0yQMZhg&flowName=GlifWebSignIn&flowEntry=ServiceLogin line 1331 > injectedScript line 2 > eval line 5610 > eval line 1 > eval, line 1: unreachable code after return statement
JavaScript warning: https://accounts.google.com/v3/signin/identifier?dsh=S-1020562398%3A1773813944320445&ifkv=ASfE1-oizkinz186wNFOdP6h9l9kk9MstTAcHMS9xwLtyrP75DMPR3Nk44y37XQ1fgEqdZU0yQMZhg&flowName=GlifWebSignIn&flowEntry=ServiceLogin line 1331 > injectedScript line 2 > eval line 5610 > eval line 1 > eval, line 1: unreachable code after return statement
JavaScript warning: https://accounts.google.com/v3/signin/identifier?dsh=S-1020562398%3A1773813944320445&ifkv=ASfE1-oizkinz186wNFOdP6h9l9kk9MstTAcHMS9xwLtyrP75DMPR3Nk44y37XQ1fgEqdZU0yQMZhg&flowName=GlifWebSignIn&flowEntry=ServiceLogin line 1331 > injectedScript line 2 > eval line 5610 > eval line 1 > eval, line 1: unreachable code after return statement
JavaScript warning: https://accounts.google.com/v3/signin/identifier?dsh=S-1020562398%3A1773813944320445&ifkv=ASfE1-oizkinz186wNFOdP6h9l9kk9MstTAcHMS9xwLtyrP75DMPR3Nk44y37XQ1fgEqdZU0yQMZhg&flowName=GlifWebSignIn&flowEntry=ServiceLogin line 1331 > injectedScript line 2 > eval line 5610 > eval line 1 > eval line 1 > eval, line 1: unreachable code after return statement
JavaScript warning: https://accounts.google.com/v3/signin/identifier?dsh=S-1020562398%3A1773813944320445&ifkv=ASfE1-oizkinz186wNFOdP6h9l9kk9MstTAcHMS9xwLtyrP75DMPR3Nk44y37XQ1fgEqdZU0yQMZhg&flowName=GlifWebSignIn&flowEntry=ServiceLogin line 1331 > injectedScript line 2 > eval line 5610 > eval line 1 > eval line 1 > eval, line 1: unreachable code after return statement
JavaScript warning: https://accounts.google.com/v3/signin/identifier?dsh=S-1020562398%3A1773813944320445&ifkv=ASfE1-oizkinz186wNFOdP6h9l9kk9MstTAcHMS9xwLtyrP75DMPR3Nk44y37XQ1fgEqdZU0yQMZhg&flowName=GlifWebSignIn&flowEntry=ServiceLogin line 1331 > injectedScript line 2 > eval line 5610 > eval line 1 > eval line 1 > eval, line 1: unreachable code after return statement
console.warn: LoginRecipes: "Falling back to a synchronous message for: https://accounts.google.com."
JavaScript error: resource://gre/actors/FormHandlerChild.sys.mjs, line 182: InvalidStateError: JSWindowActorChild.document getter: Cannot access property 'document' after actor 'FormHandler' has been destroyed
JavaScript error: resource://gre/actors/FormHandlerChild.sys.mjs, line 182: InvalidStateError: JSWindowActorChild.document getter: Cannot access property 'document' after actor 'FormHandler' has been destroyed
console.warn: BackupService: "Path failed existence check :" null
JavaScript warning: https://www.gstatic.com/_/mss/boq-identity/_/js/k=boq-identity.AccountsSignInUi.en_US.LdrNOspQNhc.es5.O/am=Kf8GAADoFIFkAIz7_wYAEiCIBtczAWgCkQEAAAAAAAAAAAsAAKQR/d=1/excm=_b,_tp,identifierview/ed=1/dg=0/wt=2/ujg=1/rs=AOaEmlHCGHqkmbXCcqRmFnM5nuQhCqnktg/dti=1/m=_b,_tp, line 465: Script terminated by timeout at:
c@https://www.gstatic.com/_/mss/boq-identity/_/js/k=boq-identity.AccountsSignInUi.en_US.LdrNOspQNhc.es5.O/am=Kf8GAADoFIFkAIz7_wYAEiCIBtczAWgCkQEAAAAAAAAAAAsAAKQR/d=1/excm=_b,_tp,identifierview/ed=1/dg=0/wt=2/ujg=1/rs=AOaEmlHCGHqkmbXCcqRmFnM5nuQhCqnktg/dti=1/m=_b,_tp:465:188
b@https://www.gstatic.com/_/mss/boq-identity/_/js/k=boq-identity.AccountsSignInUi.en_US.LdrNOspQNhc.es5.O/am=Kf8GAADoFIFkAIz7_wYAEiCIBtczAWgCkQEAAAAAAAAAAAsAAKQR/d=1/excm=_b,_tp,identifierview/ed=1/dg=0/wt=2/ujg=1/rs=AOaEmlHCGHqkmbXCcqRmFnM5nuQhCqnktg/dti=1/m=_b,_tp:417:49

1773813956581	Marionette	INFO	Stopped listening on port 49215
JavaScript error: resource://gre/modules/PrivateBrowsingUtils.sys.mjs, line 19: TypeError: can't access property "isChromeWindow", aWindow is null
Dynamically enable window occlusion 1
console.warn: TopSitesFeed: Failed to fetch data from MARS server: NetworkError when attempting to fetch resource.
1773814004868	geckodriver	INFO	Listening on 127.0.0.1:58892
1773814007922	mozrunner::runner	INFO	Running command: "C:\\Users\\chipc\\Desktop\\techlaai_automation\\gmail_automation\\FirefoxPortableNightly\\App\\Firefox64\\f ... mation\\firefox_profiles\\nguyentrungda615" "--remote-debugging-port" "58893" "--remote-allow-hosts" "localhost" "-no-remote"
Dynamically enable window occlusion 0
1773814008201	Marionette	INFO	Marionette enabled
1773814008260	Marionette	INFO	Listening on port 58906
WebDriver BiDi listening on ws://127.0.0.1:58893
Read port: 58906
1773814008413	RemoteAgent	WARN	TLS certificate errors will be ignored for this session
console.error: RSLoader: 
  Failed to retrieve recipes from Remote Settings
  Message: Error: Could not sync nimbus-desktop-experiments: get-exception
  Stack:
    RemoteSettingsSyncError@resource://nimbus/lib/RemoteSettingsExperimentLoader.sys.mjs:1410:5
getRecipesFromCollection@resource://nimbus/lib/RemoteSettingsExperimentLoader.sys.mjs:677:13

console.error: (new NotFoundError("Could not find fa0fc42c-d91d-fca7-34eb-806ff46062dc in cache or dump", "resource://services-settings/Attachments.sys.mjs", 48))
console.warn: "Unable to find the attachment for" "fa0fc42c-d91d-fca7-34eb-806ff46062dc"
console.warn: LoginRecipes: "Falling back to a synchronous message for: https://accounts.google.com."
JavaScript warning: https://accounts.google.com/v3/signin/identifier?continue=https%3A%2F%2Faccounts.google.com%2F&dsh=S1846660480%3A1773814009355394&followup=https%3A%2F%2Faccounts.google.com%2F&ifkv=ASfE1-r67RY2VwCVbC-cKrOOTtAZVG21ukjvXuVU_W2wcC9CjOEoROgVwPIbfSzNX1-VQY35pVtKew&passive=1209600&flowName=GlifWebSignIn&flowEntry=ServiceLogin line 1331 > injectedScript, line 3769: unreachable code after return statement
JavaScript warning: https://accounts.google.com/v3/signin/identifier?continue=https%3A%2F%2Faccounts.google.com%2F&dsh=S1846660480%3A1773814009355394&followup=https%3A%2F%2Faccounts.google.com%2F&ifkv=ASfE1-r67RY2VwCVbC-cKrOOTtAZVG21ukjvXuVU_W2wcC9CjOEoROgVwPIbfSzNX1-VQY35pVtKew&passive=1209600&flowName=GlifWebSignIn&flowEntry=ServiceLogin line 1331 > injectedScript, line 3769: unreachable code after return statement
JavaScript warning: https://accounts.google.com/v3/signin/identifier?continue=https%3A%2F%2Faccounts.google.com%2F&dsh=S1846660480%3A1773814009355394&followup=https%3A%2F%2Faccounts.google.com%2F&ifkv=ASfE1-r67RY2VwCVbC-cKrOOTtAZVG21ukjvXuVU_W2wcC9CjOEoROgVwPIbfSzNX1-VQY35pVtKew&passive=1209600&flowName=GlifWebSignIn&flowEntry=ServiceLogin line 1331 > injectedScript, line 3769: unreachable code after return statement
JavaScript warning: https://accounts.google.com/v3/signin/identifier?continue=https%3A%2F%2Faccounts.google.com%2F&dsh=S1846660480%3A1773814009355394&followup=https%3A%2F%2Faccounts.google.com%2F&ifkv=ASfE1-r67RY2VwCVbC-cKrOOTtAZVG21ukjvXuVU_W2wcC9CjOEoROgVwPIbfSzNX1-VQY35pVtKew&passive=1209600&flowName=GlifWebSignIn&flowEntry=ServiceLogin line 1331 > injectedScript, line 3769: unreachable code after return statement
JavaScript warning: https://accounts.google.com/v3/signin/identifier?continue=https%3A%2F%2Faccounts.google.com%2F&dsh=S1846660480%3A1773814009355394&followup=https%3A%2F%2Faccounts.google.com%2F&ifkv=ASfE1-r67RY2VwCVbC-cKrOOTtAZVG21ukjvXuVU_W2wcC9CjOEoROgVwPIbfSzNX1-VQY35pVtKew&passive=1209600&flowName=GlifWebSignIn&flowEntry=ServiceLogin line 1331 > injectedScript, line 3769: unreachable code after return statement
JavaScript warning: https://accounts.google.com/v3/signin/identifier?continue=https%3A%2F%2Faccounts.google.com%2F&dsh=S1846660480%3A1773814009355394&followup=https%3A%2F%2Faccounts.google.com%2F&ifkv=ASfE1-r67RY2VwCVbC-cKrOOTtAZVG21ukjvXuVU_W2wcC9CjOEoROgVwPIbfSzNX1-VQY35pVtKew&passive=1209600&flowName=GlifWebSignIn&flowEntry=ServiceLogin line 1331 > injectedScript, line 3769: unreachable code after return statement
JavaScript warning: https://accounts.google.com/v3/signin/identifier?continue=https%3A%2F%2Faccounts.google.com%2F&dsh=S1846660480%3A1773814009355394&followup=https%3A%2F%2Faccounts.google.com%2F&ifkv=ASfE1-r67RY2VwCVbC-cKrOOTtAZVG21ukjvXuVU_W2wcC9CjOEoROgVwPIbfSzNX1-VQY35pVtKew&passive=1209600&flowName=GlifWebSignIn&flowEntry=ServiceLogin line 1331 > injectedScript line 2 > eval, line 3769: unreachable code after return statement
JavaScript warning: https://accounts.google.com/v3/signin/identifier?continue=https%3A%2F%2Faccounts.google.com%2F&dsh=S1846660480%3A1773814009355394&followup=https%3A%2F%2Faccounts.google.com%2F&ifkv=ASfE1-r67RY2VwCVbC-cKrOOTtAZVG21ukjvXuVU_W2wcC9CjOEoROgVwPIbfSzNX1-VQY35pVtKew&passive=1209600&flowName=GlifWebSignIn&flowEntry=ServiceLogin line 1331 > injectedScript line 2 > eval, line 3769: unreachable code after return statement
JavaScript warning: https://accounts.google.com/v3/signin/identifier?continue=https%3A%2F%2Faccounts.google.com%2F&dsh=S1846660480%3A1773814009355394&followup=https%3A%2F%2Faccounts.google.com%2F&ifkv=ASfE1-r67RY2VwCVbC-cKrOOTtAZVG21ukjvXuVU_W2wcC9CjOEoROgVwPIbfSzNX1-VQY35pVtKew&passive=1209600&flowName=GlifWebSignIn&flowEntry=ServiceLogin line 1331 > injectedScript line 2 > eval, line 3769: unreachable code after return statement
JavaScript warning: https://accounts.google.com/v3/signin/identifier?continue=https%3A%2F%2Faccounts.google.com%2F&dsh=S1846660480%3A1773814009355394&followup=https%3A%2F%2Faccounts.google.com%2F&ifkv=ASfE1-r67RY2VwCVbC-cKrOOTtAZVG21ukjvXuVU_W2wcC9CjOEoROgVwPIbfSzNX1-VQY35pVtKew&passive=1209600&flowName=GlifWebSignIn&flowEntry=ServiceLogin line 1331 > injectedScript line 2 > eval, line 3769: unreachable code after return statement
JavaScript warning: https://accounts.google.com/v3/signin/identifier?continue=https%3A%2F%2Faccounts.google.com%2F&dsh=S1846660480%3A1773814009355394&followup=https%3A%2F%2Faccounts.google.com%2F&ifkv=ASfE1-r67RY2VwCVbC-cKrOOTtAZVG21ukjvXuVU_W2wcC9CjOEoROgVwPIbfSzNX1-VQY35pVtKew&passive=1209600&flowName=GlifWebSignIn&flowEntry=ServiceLogin line 1331 > injectedScript line 2 > eval, line 1: unreachable code after return statement
JavaScript warning: https://accounts.google.com/v3/signin/identifier?continue=https%3A%2F%2Faccounts.google.com%2F&dsh=S1846660480%3A1773814009355394&followup=https%3A%2F%2Faccounts.google.com%2F&ifkv=ASfE1-r67RY2VwCVbC-cKrOOTtAZVG21ukjvXuVU_W2wcC9CjOEoROgVwPIbfSzNX1-VQY35pVtKew&passive=1209600&flowName=GlifWebSignIn&flowEntry=ServiceLogin line 1331 > injectedScript line 2 > eval line 3769 > eval, line 1: unreachable code after return statement
JavaScript warning: https://accounts.google.com/v3/signin/identifier?continue=https%3A%2F%2Faccounts.google.com%2F&dsh=S1846660480%3A1773814009355394&followup=https%3A%2F%2Faccounts.google.com%2F&ifkv=ASfE1-r67RY2VwCVbC-cKrOOTtAZVG21ukjvXuVU_W2wcC9CjOEoROgVwPIbfSzNX1-VQY35pVtKew&passive=1209600&flowName=GlifWebSignIn&flowEntry=ServiceLogin line 1331 > injectedScript line 2 > eval, line 1: unreachable code after return statement
JavaScript warning: https://accounts.google.com/v3/signin/identifier?continue=https%3A%2F%2Faccounts.google.com%2F&dsh=S1846660480%3A1773814009355394&followup=https%3A%2F%2Faccounts.google.com%2F&ifkv=ASfE1-r67RY2VwCVbC-cKrOOTtAZVG21ukjvXuVU_W2wcC9CjOEoROgVwPIbfSzNX1-VQY35pVtKew&passive=1209600&flowName=GlifWebSignIn&flowEntry=ServiceLogin line 1331 > injectedScript line 2 > eval line 3769 > eval, line 1: unreachable code after return statement
JavaScript warning: https://accounts.google.com/v3/signin/identifier?continue=https%3A%2F%2Faccounts.google.com%2F&dsh=S1846660480%3A1773814009355394&followup=https%3A%2F%2Faccounts.google.com%2F&ifkv=ASfE1-r67RY2VwCVbC-cKrOOTtAZVG21ukjvXuVU_W2wcC9CjOEoROgVwPIbfSzNX1-VQY35pVtKew&passive=1209600&flowName=GlifWebSignIn&flowEntry=ServiceLogin line 1331 > injectedScript line 2 > eval, line 3769: unreachable code after return statement
JavaScript warning: https://accounts.google.com/v3/signin/identifier?continue=https%3A%2F%2Faccounts.google.com%2F&dsh=S1846660480%3A1773814009355394&followup=https%3A%2F%2Faccounts.google.com%2F&ifkv=ASfE1-r67RY2VwCVbC-cKrOOTtAZVG21ukjvXuVU_W2wcC9CjOEoROgVwPIbfSzNX1-VQY35pVtKew&passive=1209600&flowName=GlifWebSignIn&flowEntry=ServiceLogin line 1331 > injectedScript line 2 > eval line 3769 > eval line 1 > eval, line 1: unreachable code after return statement
JavaScript warning: https://accounts.google.com/v3/signin/identifier?continue=https%3A%2F%2Faccounts.google.com%2F&dsh=S1846660480%3A1773814009355394&followup=https%3A%2F%2Faccounts.google.com%2F&ifkv=ASfE1-r67RY2VwCVbC-cKrOOTtAZVG21ukjvXuVU_W2wcC9CjOEoROgVwPIbfSzNX1-VQY35pVtKew&passive=1209600&flowName=GlifWebSignIn&flowEntry=ServiceLogin line 1331 > injectedScript line 2 > eval line 3769 > eval line 1 > eval, line 1: unreachable code after return statement
JavaScript warning: https://accounts.google.com/v3/signin/identifier?continue=https%3A%2F%2Faccounts.google.com%2F&dsh=S1846660480%3A1773814009355394&followup=https%3A%2F%2Faccounts.google.com%2F&ifkv=ASfE1-r67RY2VwCVbC-cKrOOTtAZVG21ukjvXuVU_W2wcC9CjOEoROgVwPIbfSzNX1-VQY35pVtKew&passive=1209600&flowName=GlifWebSignIn&flowEntry=ServiceLogin line 1331 > injectedScript line 2 > eval line 3769 > eval line 1 > eval, line 1: unreachable code after return statement
JavaScript warning: https://accounts.google.com/v3/signin/identifier?continue=https%3A%2F%2Faccounts.google.com%2F&dsh=S1846660480%3A1773814009355394&followup=https%3A%2F%2Faccounts.google.com%2F&ifkv=ASfE1-r67RY2VwCVbC-cKrOOTtAZVG21ukjvXuVU_W2wcC9CjOEoROgVwPIbfSzNX1-VQY35pVtKew&passive=1209600&flowName=GlifWebSignIn&flowEntry=ServiceLogin line 1331 > injectedScript line 2 > eval line 3769 > eval line 1 > eval line 1 > eval, line 1: unreachable code after return statement
JavaScript warning: https://accounts.google.com/v3/signin/identifier?continue=https%3A%2F%2Faccounts.google.com%2F&dsh=S1846660480%3A1773814009355394&followup=https%3A%2F%2Faccounts.google.com%2F&ifkv=ASfE1-r67RY2VwCVbC-cKrOOTtAZVG21ukjvXuVU_W2wcC9CjOEoROgVwPIbfSzNX1-VQY35pVtKew&passive=1209600&flowName=GlifWebSignIn&flowEntry=ServiceLogin line 1331 > injectedScript line 2 > eval line 3769 > eval line 1 > eval line 1 > eval, line 1: unreachable code after return statement
JavaScript warning: https://accounts.google.com/v3/signin/identifier?continue=https%3A%2F%2Faccounts.google.com%2F&dsh=S1846660480%3A1773814009355394&followup=https%3A%2F%2Faccounts.google.com%2F&ifkv=ASfE1-r67RY2VwCVbC-cKrOOTtAZVG21ukjvXuVU_W2wcC9CjOEoROgVwPIbfSzNX1-VQY35pVtKew&passive=1209600&flowName=GlifWebSignIn&flowEntry=ServiceLogin line 1331 > injectedScript line 2 > eval line 3769 > eval line 1 > eval line 1 > eval, line 1: unreachable code after return statement
JavaScript warning: https://accounts.google.com/v3/signin/identifier?continue=https%3A%2F%2Faccounts.google.com%2F&dsh=S1846660480%3A1773814009355394&followup=https%3A%2F%2Faccounts.google.com%2F&ifkv=ASfE1-r67RY2VwCVbC-cKrOOTtAZVG21ukjvXuVU_W2wcC9CjOEoROgVwPIbfSzNX1-VQY35pVtKew&passive=1209600&flowName=GlifWebSignIn&flowEntry=ServiceLogin line 1331 > injectedScript, line 6558: unreachable code after return statement
JavaScript warning: https://accounts.google.com/v3/signin/identifier?continue=https%3A%2F%2Faccounts.google.com%2F&dsh=S1846660480%3A1773814009355394&followup=https%3A%2F%2Faccounts.google.com%2F&ifkv=ASfE1-r67RY2VwCVbC-cKrOOTtAZVG21ukjvXuVU_W2wcC9CjOEoROgVwPIbfSzNX1-VQY35pVtKew&passive=1209600&flowName=GlifWebSignIn&flowEntry=ServiceLogin line 1331 > injectedScript, line 6558: unreachable code after return statement
JavaScript warning: https://accounts.google.com/v3/signin/identifier?continue=https%3A%2F%2Faccounts.google.com%2F&dsh=S1846660480%3A1773814009355394&followup=https%3A%2F%2Faccounts.google.com%2F&ifkv=ASfE1-r67RY2VwCVbC-cKrOOTtAZVG21ukjvXuVU_W2wcC9CjOEoROgVwPIbfSzNX1-VQY35pVtKew&passive=1209600&flowName=GlifWebSignIn&flowEntry=ServiceLogin line 1331 > injectedScript, line 6558: unreachable code after return statement
JavaScript warning: https://accounts.google.com/v3/signin/identifier?continue=https%3A%2F%2Faccounts.google.com%2F&dsh=S1846660480%3A1773814009355394&followup=https%3A%2F%2Faccounts.google.com%2F&ifkv=ASfE1-r67RY2VwCVbC-cKrOOTtAZVG21ukjvXuVU_W2wcC9CjOEoROgVwPIbfSzNX1-VQY35pVtKew&passive=1209600&flowName=GlifWebSignIn&flowEntry=ServiceLogin line 1331 > injectedScript, line 6558: unreachable code after return statement
JavaScript warning: https://accounts.google.com/v3/signin/identifier?continue=https%3A%2F%2Faccounts.google.com%2F&dsh=S1846660480%3A1773814009355394&followup=https%3A%2F%2Faccounts.google.com%2F&ifkv=ASfE1-r67RY2VwCVbC-cKrOOTtAZVG21ukjvXuVU_W2wcC9CjOEoROgVwPIbfSzNX1-VQY35pVtKew&passive=1209600&flowName=GlifWebSignIn&flowEntry=ServiceLogin line 1331 > injectedScript, line 6558: unreachable code after return statement
JavaScript warning: https://accounts.google.com/v3/signin/identifier?continue=https%3A%2F%2Faccounts.google.com%2F&dsh=S1846660480%3A1773814009355394&followup=https%3A%2F%2Faccounts.google.com%2F&ifkv=ASfE1-r67RY2VwCVbC-cKrOOTtAZVG21ukjvXuVU_W2wcC9CjOEoROgVwPIbfSzNX1-VQY35pVtKew&passive=1209600&flowName=GlifWebSignIn&flowEntry=ServiceLogin line 1331 > injectedScript, line 6558: unreachable code after return statement
JavaScript warning: https://accounts.google.com/v3/signin/identifier?continue=https%3A%2F%2Faccounts.google.com%2F&dsh=S1846660480%3A1773814009355394&followup=https%3A%2F%2Faccounts.google.com%2F&ifkv=ASfE1-r67RY2VwCVbC-cKrOOTtAZVG21ukjvXuVU_W2wcC9CjOEoROgVwPIbfSzNX1-VQY35pVtKew&passive=1209600&flowName=GlifWebSignIn&flowEntry=ServiceLogin line 1331 > injectedScript line 2 > eval, line 6558: unreachable code after return statement
JavaScript warning: https://accounts.google.com/v3/signin/identifier?continue=https%3A%2F%2Faccounts.google.com%2F&dsh=S1846660480%3A1773814009355394&followup=https%3A%2F%2Faccounts.google.com%2F&ifkv=ASfE1-r67RY2VwCVbC-cKrOOTtAZVG21ukjvXuVU_W2wcC9CjOEoROgVwPIbfSzNX1-VQY35pVtKew&passive=1209600&flowName=GlifWebSignIn&flowEntry=ServiceLogin line 1331 > injectedScript line 2 > eval, line 6558: unreachable code after return statement
JavaScript warning: https://accounts.google.com/v3/signin/identifier?continue=https%3A%2F%2Faccounts.google.com%2F&dsh=S1846660480%3A1773814009355394&followup=https%3A%2F%2Faccounts.google.com%2F&ifkv=ASfE1-r67RY2VwCVbC-cKrOOTtAZVG21ukjvXuVU_W2wcC9CjOEoROgVwPIbfSzNX1-VQY35pVtKew&passive=1209600&flowName=GlifWebSignIn&flowEntry=ServiceLogin line 1331 > injectedScript line 2 > eval, line 6558: unreachable code after return statement
JavaScript warning: https://accounts.google.com/v3/signin/identifier?continue=https%3A%2F%2Faccounts.google.com%2F&dsh=S1846660480%3A1773814009355394&followup=https%3A%2F%2Faccounts.google.com%2F&ifkv=ASfE1-r67RY2VwCVbC-cKrOOTtAZVG21ukjvXuVU_W2wcC9CjOEoROgVwPIbfSzNX1-VQY35pVtKew&passive=1209600&flowName=GlifWebSignIn&flowEntry=ServiceLogin line 1331 > injectedScript line 2 > eval, line 6558: unreachable code after return statement
JavaScript warning: https://accounts.google.com/v3/signin/identifier?continue=https%3A%2F%2Faccounts.google.com%2F&dsh=S1846660480%3A1773814009355394&followup=https%3A%2F%2Faccounts.google.com%2F&ifkv=ASfE1-r67RY2VwCVbC-cKrOOTtAZVG21ukjvXuVU_W2wcC9CjOEoROgVwPIbfSzNX1-VQY35pVtKew&passive=1209600&flowName=GlifWebSignIn&flowEntry=ServiceLogin line 1331 > injectedScript line 2 > eval, line 1: unreachable code after return statement
JavaScript warning: https://accounts.google.com/v3/signin/identifier?continue=https%3A%2F%2Faccounts.google.com%2F&dsh=S1846660480%3A1773814009355394&followup=https%3A%2F%2Faccounts.google.com%2F&ifkv=ASfE1-r67RY2VwCVbC-cKrOOTtAZVG21ukjvXuVU_W2wcC9CjOEoROgVwPIbfSzNX1-VQY35pVtKew&passive=1209600&flowName=GlifWebSignIn&flowEntry=ServiceLogin line 1331 > injectedScript line 2 > eval line 6558 > eval, line 1: unreachable code after return statement
JavaScript warning: https://accounts.google.com/v3/signin/identifier?continue=https%3A%2F%2Faccounts.google.com%2F&dsh=S1846660480%3A1773814009355394&followup=https%3A%2F%2Faccounts.google.com%2F&ifkv=ASfE1-r67RY2VwCVbC-cKrOOTtAZVG21ukjvXuVU_W2wcC9CjOEoROgVwPIbfSzNX1-VQY35pVtKew&passive=1209600&flowName=GlifWebSignIn&flowEntry=ServiceLogin line 1331 > injectedScript line 2 > eval, line 1: unreachable code after return statement
JavaScript warning: https://accounts.google.com/v3/signin/identifier?continue=https%3A%2F%2Faccounts.google.com%2F&dsh=S1846660480%3A1773814009355394&followup=https%3A%2F%2Faccounts.google.com%2F&ifkv=ASfE1-r67RY2VwCVbC-cKrOOTtAZVG21ukjvXuVU_W2wcC9CjOEoROgVwPIbfSzNX1-VQY35pVtKew&passive=1209600&flowName=GlifWebSignIn&flowEntry=ServiceLogin line 1331 > injectedScript line 2 > eval line 6558 > eval, line 1: unreachable code after return statement
JavaScript warning: https://accounts.google.com/v3/signin/identifier?continue=https%3A%2F%2Faccounts.google.com%2F&dsh=S1846660480%3A1773814009355394&followup=https%3A%2F%2Faccounts.google.com%2F&ifkv=ASfE1-r67RY2VwCVbC-cKrOOTtAZVG21ukjvXuVU_W2wcC9CjOEoROgVwPIbfSzNX1-VQY35pVtKew&passive=1209600&flowName=GlifWebSignIn&flowEntry=ServiceLogin line 1331 > injectedScript line 2 > eval, line 6558: unreachable code after return statement
JavaScript warning: https://accounts.google.com/v3/signin/identifier?continue=https%3A%2F%2Faccounts.google.com%2F&dsh=S1846660480%3A1773814009355394&followup=https%3A%2F%2Faccounts.google.com%2F&ifkv=ASfE1-r67RY2VwCVbC-cKrOOTtAZVG21ukjvXuVU_W2wcC9CjOEoROgVwPIbfSzNX1-VQY35pVtKew&passive=1209600&flowName=GlifWebSignIn&flowEntry=ServiceLogin line 1331 > injectedScript line 2 > eval line 6558 > eval line 1 > eval, line 1: unreachable code after return statement
JavaScript warning: https://accounts.google.com/v3/signin/identifier?continue=https%3A%2F%2Faccounts.google.com%2F&dsh=S1846660480%3A1773814009355394&followup=https%3A%2F%2Faccounts.google.com%2F&ifkv=ASfE1-r67RY2VwCVbC-cKrOOTtAZVG21ukjvXuVU_W2wcC9CjOEoROgVwPIbfSzNX1-VQY35pVtKew&passive=1209600&flowName=GlifWebSignIn&flowEntry=ServiceLogin line 1331 > injectedScript line 2 > eval line 6558 > eval line 1 > eval, line 1: unreachable code after return statement
JavaScript warning: https://accounts.google.com/v3/signin/identifier?continue=https%3A%2F%2Faccounts.google.com%2F&dsh=S1846660480%3A1773814009355394&followup=https%3A%2F%2Faccounts.google.com%2F&ifkv=ASfE1-r67RY2VwCVbC-cKrOOTtAZVG21ukjvXuVU_W2wcC9CjOEoROgVwPIbfSzNX1-VQY35pVtKew&passive=1209600&flowName=GlifWebSignIn&flowEntry=ServiceLogin line 1331 > injectedScript line 2 > eval line 6558 > eval line 1 > eval, line 1: unreachable code after return statement
JavaScript warning: https://accounts.google.com/v3/signin/identifier?continue=https%3A%2F%2Faccounts.google.com%2F&dsh=S1846660480%3A1773814009355394&followup=https%3A%2F%2Faccounts.google.com%2F&ifkv=ASfE1-r67RY2VwCVbC-cKrOOTtAZVG21ukjvXuVU_W2wcC9CjOEoROgVwPIbfSzNX1-VQY35pVtKew&passive=1209600&flowName=GlifWebSignIn&flowEntry=ServiceLogin line 1331 > injectedScript line 2 > eval line 6558 > eval line 1 > eval line 1 > eval, line 1: unreachable code after return statement
JavaScript warning: https://accounts.google.com/v3/signin/identifier?continue=https%3A%2F%2Faccounts.google.com%2F&dsh=S1846660480%3A1773814009355394&followup=https%3A%2F%2Faccounts.google.com%2F&ifkv=ASfE1-r67RY2VwCVbC-cKrOOTtAZVG21ukjvXuVU_W2wcC9CjOEoROgVwPIbfSzNX1-VQY35pVtKew&passive=1209600&flowName=GlifWebSignIn&flowEntry=ServiceLogin line 1331 > injectedScript line 2 > eval line 6558 > eval line 1 > eval line 1 > eval, line 1: unreachable code after return statement
JavaScript warning: https://accounts.google.com/v3/signin/identifier?continue=https%3A%2F%2Faccounts.google.com%2F&dsh=S1846660480%3A1773814009355394&followup=https%3A%2F%2Faccounts.google.com%2F&ifkv=ASfE1-r67RY2VwCVbC-cKrOOTtAZVG21ukjvXuVU_W2wcC9CjOEoROgVwPIbfSzNX1-VQY35pVtKew&passive=1209600&flowName=GlifWebSignIn&flowEntry=ServiceLogin line 1331 > injectedScript line 2 > eval line 6558 > eval line 1 > eval line 1 > eval, line 1: unreachable code after return statement
console.warn: LoginRecipes: "Falling back to a synchronous message for: https://accounts.google.com."
JavaScript warning: https://accounts.google.com/v3/signin/identifier?dsh=S-1204580319%3A1773814011424506&ifkv=ASfE1-piKwbjABgzfee_H7qstmJ9mt0H8P0NlV36GgZlGRDY1rxMX7ktmM9DKtB7ER8bjhZMlVz2mA&flowName=GlifWebSignIn&flowEntry=ServiceLogin line 1331 > injectedScript, line 7390: unreachable code after return statement
JavaScript warning: https://accounts.google.com/v3/signin/identifier?dsh=S-1204580319%3A1773814011424506&ifkv=ASfE1-piKwbjABgzfee_H7qstmJ9mt0H8P0NlV36GgZlGRDY1rxMX7ktmM9DKtB7ER8bjhZMlVz2mA&flowName=GlifWebSignIn&flowEntry=ServiceLogin line 1331 > injectedScript, line 7390: unreachable code after return statement
JavaScript warning: https://accounts.google.com/v3/signin/identifier?dsh=S-1204580319%3A1773814011424506&ifkv=ASfE1-piKwbjABgzfee_H7qstmJ9mt0H8P0NlV36GgZlGRDY1rxMX7ktmM9DKtB7ER8bjhZMlVz2mA&flowName=GlifWebSignIn&flowEntry=ServiceLogin line 1331 > injectedScript, line 7390: unreachable code after return statement
JavaScript warning: https://accounts.google.com/v3/signin/identifier?dsh=S-1204580319%3A1773814011424506&ifkv=ASfE1-piKwbjABgzfee_H7qstmJ9mt0H8P0NlV36GgZlGRDY1rxMX7ktmM9DKtB7ER8bjhZMlVz2mA&flowName=GlifWebSignIn&flowEntry=ServiceLogin line 1331 > injectedScript, line 7390: unreachable code after return statement
JavaScript warning: https://accounts.google.com/v3/signin/identifier?dsh=S-1204580319%3A1773814011424506&ifkv=ASfE1-piKwbjABgzfee_H7qstmJ9mt0H8P0NlV36GgZlGRDY1rxMX7ktmM9DKtB7ER8bjhZMlVz2mA&flowName=GlifWebSignIn&flowEntry=ServiceLogin line 1331 > injectedScript, line 7390: unreachable code after return statement
JavaScript warning: https://accounts.google.com/v3/signin/identifier?dsh=S-1204580319%3A1773814011424506&ifkv=ASfE1-piKwbjABgzfee_H7qstmJ9mt0H8P0NlV36GgZlGRDY1rxMX7ktmM9DKtB7ER8bjhZMlVz2mA&flowName=GlifWebSignIn&flowEntry=ServiceLogin line 1331 > injectedScript, line 7390: unreachable code after return statement
JavaScript warning: https://accounts.google.com/v3/signin/identifier?dsh=S-1204580319%3A1773814011424506&ifkv=ASfE1-piKwbjABgzfee_H7qstmJ9mt0H8P0NlV36GgZlGRDY1rxMX7ktmM9DKtB7ER8bjhZMlVz2mA&flowName=GlifWebSignIn&flowEntry=ServiceLogin line 1331 > injectedScript line 2 > eval, line 7390: unreachable code after return statement
JavaScript warning: https://accounts.google.com/v3/signin/identifier?dsh=S-1204580319%3A1773814011424506&ifkv=ASfE1-piKwbjABgzfee_H7qstmJ9mt0H8P0NlV36GgZlGRDY1rxMX7ktmM9DKtB7ER8bjhZMlVz2mA&flowName=GlifWebSignIn&flowEntry=ServiceLogin line 1331 > injectedScript line 2 > eval, line 7390: unreachable code after return statement
JavaScript warning: https://accounts.google.com/v3/signin/identifier?dsh=S-1204580319%3A1773814011424506&ifkv=ASfE1-piKwbjABgzfee_H7qstmJ9mt0H8P0NlV36GgZlGRDY1rxMX7ktmM9DKtB7ER8bjhZMlVz2mA&flowName=GlifWebSignIn&flowEntry=ServiceLogin line 1331 > injectedScript line 2 > eval, line 7390: unreachable code after return statement
JavaScript warning: https://accounts.google.com/v3/signin/identifier?dsh=S-1204580319%3A1773814011424506&ifkv=ASfE1-piKwbjABgzfee_H7qstmJ9mt0H8P0NlV36GgZlGRDY1rxMX7ktmM9DKtB7ER8bjhZMlVz2mA&flowName=GlifWebSignIn&flowEntry=ServiceLogin line 1331 > injectedScript line 2 > eval, line 7390: unreachable code after return statement
JavaScript warning: https://accounts.google.com/v3/signin/identifier?dsh=S-1204580319%3A1773814011424506&ifkv=ASfE1-piKwbjABgzfee_H7qstmJ9mt0H8P0NlV36GgZlGRDY1rxMX7ktmM9DKtB7ER8bjhZMlVz2mA&flowName=GlifWebSignIn&flowEntry=ServiceLogin line 1331 > injectedScript line 2 > eval, line 1: unreachable code after return statement
JavaScript warning: https://accounts.google.com/v3/signin/identifier?dsh=S-1204580319%3A1773814011424506&ifkv=ASfE1-piKwbjABgzfee_H7qstmJ9mt0H8P0NlV36GgZlGRDY1rxMX7ktmM9DKtB7ER8bjhZMlVz2mA&flowName=GlifWebSignIn&flowEntry=ServiceLogin line 1331 > injectedScript line 2 > eval line 7390 > eval, line 1: unreachable code after return statement
JavaScript warning: https://accounts.google.com/v3/signin/identifier?dsh=S-1204580319%3A1773814011424506&ifkv=ASfE1-piKwbjABgzfee_H7qstmJ9mt0H8P0NlV36GgZlGRDY1rxMX7ktmM9DKtB7ER8bjhZMlVz2mA&flowName=GlifWebSignIn&flowEntry=ServiceLogin line 1331 > injectedScript line 2 > eval, line 1: unreachable code after return statement
JavaScript warning: https://accounts.google.com/v3/signin/identifier?dsh=S-1204580319%3A1773814011424506&ifkv=ASfE1-piKwbjABgzfee_H7qstmJ9mt0H8P0NlV36GgZlGRDY1rxMX7ktmM9DKtB7ER8bjhZMlVz2mA&flowName=GlifWebSignIn&flowEntry=ServiceLogin line 1331 > injectedScript line 2 > eval line 7390 > eval, line 1: unreachable code after return statement
JavaScript warning: https://accounts.google.com/v3/signin/identifier?dsh=S-1204580319%3A1773814011424506&ifkv=ASfE1-piKwbjABgzfee_H7qstmJ9mt0H8P0NlV36GgZlGRDY1rxMX7ktmM9DKtB7ER8bjhZMlVz2mA&flowName=GlifWebSignIn&flowEntry=ServiceLogin line 1331 > injectedScript line 2 > eval, line 7390: unreachable code after return statement
JavaScript warning: https://accounts.google.com/v3/signin/identifier?dsh=S-1204580319%3A1773814011424506&ifkv=ASfE1-piKwbjABgzfee_H7qstmJ9mt0H8P0NlV36GgZlGRDY1rxMX7ktmM9DKtB7ER8bjhZMlVz2mA&flowName=GlifWebSignIn&flowEntry=ServiceLogin line 1331 > injectedScript line 2 > eval line 7390 > eval line 1 > eval, line 1: unreachable code after return statement
JavaScript warning: https://accounts.google.com/v3/signin/identifier?dsh=S-1204580319%3A1773814011424506&ifkv=ASfE1-piKwbjABgzfee_H7qstmJ9mt0H8P0NlV36GgZlGRDY1rxMX7ktmM9DKtB7ER8bjhZMlVz2mA&flowName=GlifWebSignIn&flowEntry=ServiceLogin line 1331 > injectedScript line 2 > eval line 7390 > eval line 1 > eval, line 1: unreachable code after return statement
JavaScript warning: https://accounts.google.com/v3/signin/identifier?dsh=S-1204580319%3A1773814011424506&ifkv=ASfE1-piKwbjABgzfee_H7qstmJ9mt0H8P0NlV36GgZlGRDY1rxMX7ktmM9DKtB7ER8bjhZMlVz2mA&flowName=GlifWebSignIn&flowEntry=ServiceLogin line 1331 > injectedScript line 2 > eval line 7390 > eval line 1 > eval, line 1: unreachable code after return statement
JavaScript warning: https://accounts.google.com/v3/signin/identifier?dsh=S-1204580319%3A1773814011424506&ifkv=ASfE1-piKwbjABgzfee_H7qstmJ9mt0H8P0NlV36GgZlGRDY1rxMX7ktmM9DKtB7ER8bjhZMlVz2mA&flowName=GlifWebSignIn&flowEntry=ServiceLogin line 1331 > injectedScript line 2 > eval line 7390 > eval line 1 > eval line 1 > eval, line 1: unreachable code after return statement
JavaScript warning: https://accounts.google.com/v3/signin/identifier?dsh=S-1204580319%3A1773814011424506&ifkv=ASfE1-piKwbjABgzfee_H7qstmJ9mt0H8P0NlV36GgZlGRDY1rxMX7ktmM9DKtB7ER8bjhZMlVz2mA&flowName=GlifWebSignIn&flowEntry=ServiceLogin line 1331 > injectedScript line 2 > eval line 7390 > eval line 1 > eval line 1 > eval, line 1: unreachable code after return statement
JavaScript warning: https://accounts.google.com/v3/signin/identifier?dsh=S-1204580319%3A1773814011424506&ifkv=ASfE1-piKwbjABgzfee_H7qstmJ9mt0H8P0NlV36GgZlGRDY1rxMX7ktmM9DKtB7ER8bjhZMlVz2mA&flowName=GlifWebSignIn&flowEntry=ServiceLogin line 1331 > injectedScript line 2 > eval line 7390 > eval line 1 > eval line 1 > eval, line 1: unreachable code after return statement
JavaScript warning: https://accounts.google.com/v3/signin/identifier?dsh=S-1204580319%3A1773814011424506&ifkv=ASfE1-piKwbjABgzfee_H7qstmJ9mt0H8P0NlV36GgZlGRDY1rxMX7ktmM9DKtB7ER8bjhZMlVz2mA&flowName=GlifWebSignIn&flowEntry=ServiceLogin line 1331 > injectedScript, line 4761: unreachable code after return statement
JavaScript warning: https://accounts.google.com/v3/signin/identifier?dsh=S-1204580319%3A1773814011424506&ifkv=ASfE1-piKwbjABgzfee_H7qstmJ9mt0H8P0NlV36GgZlGRDY1rxMX7ktmM9DKtB7ER8bjhZMlVz2mA&flowName=GlifWebSignIn&flowEntry=ServiceLogin line 1331 > injectedScript, line 4761: unreachable code after return statement
JavaScript warning: https://accounts.google.com/v3/signin/identifier?dsh=S-1204580319%3A1773814011424506&ifkv=ASfE1-piKwbjABgzfee_H7qstmJ9mt0H8P0NlV36GgZlGRDY1rxMX7ktmM9DKtB7ER8bjhZMlVz2mA&flowName=GlifWebSignIn&flowEntry=ServiceLogin line 1331 > injectedScript, line 4761: unreachable code after return statement
JavaScript warning: https://accounts.google.com/v3/signin/identifier?dsh=S-1204580319%3A1773814011424506&ifkv=ASfE1-piKwbjABgzfee_H7qstmJ9mt0H8P0NlV36GgZlGRDY1rxMX7ktmM9DKtB7ER8bjhZMlVz2mA&flowName=GlifWebSignIn&flowEntry=ServiceLogin line 1331 > injectedScript, line 4761: unreachable code after return statement
JavaScript warning: https://accounts.google.com/v3/signin/identifier?dsh=S-1204580319%3A1773814011424506&ifkv=ASfE1-piKwbjABgzfee_H7qstmJ9mt0H8P0NlV36GgZlGRDY1rxMX7ktmM9DKtB7ER8bjhZMlVz2mA&flowName=GlifWebSignIn&flowEntry=ServiceLogin line 1331 > injectedScript, line 4761: unreachable code after return statement
JavaScript warning: https://accounts.google.com/v3/signin/identifier?dsh=S-1204580319%3A1773814011424506&ifkv=ASfE1-piKwbjABgzfee_H7qstmJ9mt0H8P0NlV36GgZlGRDY1rxMX7ktmM9DKtB7ER8bjhZMlVz2mA&flowName=GlifWebSignIn&flowEntry=ServiceLogin line 1331 > injectedScript, line 4761: unreachable code after return statement
JavaScript warning: https://accounts.google.com/v3/signin/identifier?dsh=S-1204580319%3A1773814011424506&ifkv=ASfE1-piKwbjABgzfee_H7qstmJ9mt0H8P0NlV36GgZlGRDY1rxMX7ktmM9DKtB7ER8bjhZMlVz2mA&flowName=GlifWebSignIn&flowEntry=ServiceLogin line 1331 > injectedScript line 2 > eval, line 4761: unreachable code after return statement
JavaScript warning: https://accounts.google.com/v3/signin/identifier?dsh=S-1204580319%3A1773814011424506&ifkv=ASfE1-piKwbjABgzfee_H7qstmJ9mt0H8P0NlV36GgZlGRDY1rxMX7ktmM9DKtB7ER8bjhZMlVz2mA&flowName=GlifWebSignIn&flowEntry=ServiceLogin line 1331 > injectedScript line 2 > eval, line 4761: unreachable code after return statement
JavaScript warning: https://accounts.google.com/v3/signin/identifier?dsh=S-1204580319%3A1773814011424506&ifkv=ASfE1-piKwbjABgzfee_H7qstmJ9mt0H8P0NlV36GgZlGRDY1rxMX7ktmM9DKtB7ER8bjhZMlVz2mA&flowName=GlifWebSignIn&flowEntry=ServiceLogin line 1331 > injectedScript line 2 > eval, line 4761: unreachable code after return statement
JavaScript warning: https://accounts.google.com/v3/signin/identifier?dsh=S-1204580319%3A1773814011424506&ifkv=ASfE1-piKwbjABgzfee_H7qstmJ9mt0H8P0NlV36GgZlGRDY1rxMX7ktmM9DKtB7ER8bjhZMlVz2mA&flowName=GlifWebSignIn&flowEntry=ServiceLogin line 1331 > injectedScript line 2 > eval, line 4761: unreachable code after return statement
JavaScript warning: https://accounts.google.com/v3/signin/identifier?dsh=S-1204580319%3A1773814011424506&ifkv=ASfE1-piKwbjABgzfee_H7qstmJ9mt0H8P0NlV36GgZlGRDY1rxMX7ktmM9DKtB7ER8bjhZMlVz2mA&flowName=GlifWebSignIn&flowEntry=ServiceLogin line 1331 > injectedScript line 2 > eval, line 1: unreachable code after return statement
JavaScript warning: https://accounts.google.com/v3/signin/identifier?dsh=S-1204580319%3A1773814011424506&ifkv=ASfE1-piKwbjABgzfee_H7qstmJ9mt0H8P0NlV36GgZlGRDY1rxMX7ktmM9DKtB7ER8bjhZMlVz2mA&flowName=GlifWebSignIn&flowEntry=ServiceLogin line 1331 > injectedScript line 2 > eval line 4761 > eval, line 1: unreachable code after return statement
JavaScript warning: https://accounts.google.com/v3/signin/identifier?dsh=S-1204580319%3A1773814011424506&ifkv=ASfE1-piKwbjABgzfee_H7qstmJ9mt0H8P0NlV36GgZlGRDY1rxMX7ktmM9DKtB7ER8bjhZMlVz2mA&flowName=GlifWebSignIn&flowEntry=ServiceLogin line 1331 > injectedScript line 2 > eval, line 1: unreachable code after return statement
JavaScript warning: https://accounts.google.com/v3/signin/identifier?dsh=S-1204580319%3A1773814011424506&ifkv=ASfE1-piKwbjABgzfee_H7qstmJ9mt0H8P0NlV36GgZlGRDY1rxMX7ktmM9DKtB7ER8bjhZMlVz2mA&flowName=GlifWebSignIn&flowEntry=ServiceLogin line 1331 > injectedScript line 2 > eval line 4761 > eval, line 1: unreachable code after return statement
JavaScript warning: https://accounts.google.com/v3/signin/identifier?dsh=S-1204580319%3A1773814011424506&ifkv=ASfE1-piKwbjABgzfee_H7qstmJ9mt0H8P0NlV36GgZlGRDY1rxMX7ktmM9DKtB7ER8bjhZMlVz2mA&flowName=GlifWebSignIn&flowEntry=ServiceLogin line 1331 > injectedScript line 2 > eval, line 4761: unreachable code after return statement
JavaScript warning: https://accounts.google.com/v3/signin/identifier?dsh=S-1204580319%3A1773814011424506&ifkv=ASfE1-piKwbjABgzfee_H7qstmJ9mt0H8P0NlV36GgZlGRDY1rxMX7ktmM9DKtB7ER8bjhZMlVz2mA&flowName=GlifWebSignIn&flowEntry=ServiceLogin line 1331 > injectedScript line 2 > eval line 4761 > eval line 1 > eval, line 1: unreachable code after return statement
JavaScript warning: https://accounts.google.com/v3/signin/identifier?dsh=S-1204580319%3A1773814011424506&ifkv=ASfE1-piKwbjABgzfee_H7qstmJ9mt0H8P0NlV36GgZlGRDY1rxMX7ktmM9DKtB7ER8bjhZMlVz2mA&flowName=GlifWebSignIn&flowEntry=ServiceLogin line 1331 > injectedScript line 2 > eval line 4761 > eval line 1 > eval, line 1: unreachable code after return statement
JavaScript warning: https://accounts.google.com/v3/signin/identifier?dsh=S-1204580319%3A1773814011424506&ifkv=ASfE1-piKwbjABgzfee_H7qstmJ9mt0H8P0NlV36GgZlGRDY1rxMX7ktmM9DKtB7ER8bjhZMlVz2mA&flowName=GlifWebSignIn&flowEntry=ServiceLogin line 1331 > injectedScript line 2 > eval line 4761 > eval line 1 > eval, line 1: unreachable code after return statement
JavaScript warning: https://accounts.google.com/v3/signin/identifier?dsh=S-1204580319%3A1773814011424506&ifkv=ASfE1-piKwbjABgzfee_H7qstmJ9mt0H8P0NlV36GgZlGRDY1rxMX7ktmM9DKtB7ER8bjhZMlVz2mA&flowName=GlifWebSignIn&flowEntry=ServiceLogin line 1331 > injectedScript line 2 > eval line 4761 > eval line 1 > eval line 1 > eval, line 1: unreachable code after return statement
JavaScript warning: https://accounts.google.com/v3/signin/identifier?dsh=S-1204580319%3A1773814011424506&ifkv=ASfE1-piKwbjABgzfee_H7qstmJ9mt0H8P0NlV36GgZlGRDY1rxMX7ktmM9DKtB7ER8bjhZMlVz2mA&flowName=GlifWebSignIn&flowEntry=ServiceLogin line 1331 > injectedScript line 2 > eval line 4761 > eval line 1 > eval line 1 > eval, line 1: unreachable code after return statement
JavaScript warning: https://accounts.google.com/v3/signin/identifier?dsh=S-1204580319%3A1773814011424506&ifkv=ASfE1-piKwbjABgzfee_H7qstmJ9mt0H8P0NlV36GgZlGRDY1rxMX7ktmM9DKtB7ER8bjhZMlVz2mA&flowName=GlifWebSignIn&flowEntry=ServiceLogin line 1331 > injectedScript line 2 > eval line 4761 > eval line 1 > eval line 1 > eval, line 1: unreachable code after return statement
JavaScript error: resource://gre/actors/FormHandlerChild.sys.mjs, line 103: InvalidStateError: JSWindowActorChild.document getter: Cannot access property 'document' after actor 'FormHandler' has been destroyed
console.warn: LoginRecipes: "Falling back to a synchronous message for: https://accounts.google.com."
JavaScript error: resource://gre/actors/FormHandlerChild.sys.mjs, line 182: InvalidStateError: JSWindowActorChild.document getter: Cannot access property 'document' after actor 'FormHandler' has been destroyed
JavaScript error: resource://gre/actors/FormHandlerChild.sys.mjs, line 182: InvalidStateError: JSWindowActorChild.document getter: Cannot access property 'document' after actor 'FormHandler' has been destroyed
console.warn: LoginRecipes: "Falling back to a synchronous message for: https://accounts.google.com."
console.warn: LoginRecipes: "Falling back to a synchronous message for: https://accounts.google.com."
console.warn: LoginRecipes: "Falling back to a synchronous message for: https://accounts.google.com."
console.warn: LoginRecipes: "Falling back to a synchronous message for: https://accounts.google.com."
JavaScript warning: https://accounts.google.com/v3/signin/identifier?dsh=S-1056129261%3A1773814017911686&flowEntry=ServiceLogin&flowName=GlifWebSignIn&ifkv=ASfE1-pUYwmJOqYqvA3IXenH7tuDNdgbzPJQQK5MZUSQXjkTbaYwwmPjfjSrAzvuyJwPRiOkYXq0Tg line 1331 > injectedScript, line 2700: unreachable code after return statement
JavaScript warning: https://accounts.google.com/v3/signin/identifier?dsh=S-1056129261%3A1773814017911686&flowEntry=ServiceLogin&flowName=GlifWebSignIn&ifkv=ASfE1-pUYwmJOqYqvA3IXenH7tuDNdgbzPJQQK5MZUSQXjkTbaYwwmPjfjSrAzvuyJwPRiOkYXq0Tg line 1331 > injectedScript, line 2700: unreachable code after return statement
JavaScript warning: https://accounts.google.com/v3/signin/identifier?dsh=S-1056129261%3A1773814017911686&flowEntry=ServiceLogin&flowName=GlifWebSignIn&ifkv=ASfE1-pUYwmJOqYqvA3IXenH7tuDNdgbzPJQQK5MZUSQXjkTbaYwwmPjfjSrAzvuyJwPRiOkYXq0Tg line 1331 > injectedScript, line 2700: unreachable code after return statement
JavaScript warning: https://accounts.google.com/v3/signin/identifier?dsh=S-1056129261%3A1773814017911686&flowEntry=ServiceLogin&flowName=GlifWebSignIn&ifkv=ASfE1-pUYwmJOqYqvA3IXenH7tuDNdgbzPJQQK5MZUSQXjkTbaYwwmPjfjSrAzvuyJwPRiOkYXq0Tg line 1331 > injectedScript, line 2700: unreachable code after return statement
JavaScript warning: https://accounts.google.com/v3/signin/identifier?dsh=S-1056129261%3A1773814017911686&flowEntry=ServiceLogin&flowName=GlifWebSignIn&ifkv=ASfE1-pUYwmJOqYqvA3IXenH7tuDNdgbzPJQQK5MZUSQXjkTbaYwwmPjfjSrAzvuyJwPRiOkYXq0Tg line 1331 > injectedScript, line 2700: unreachable code after return statement
JavaScript warning: https://accounts.google.com/v3/signin/identifier?dsh=S-1056129261%3A1773814017911686&flowEntry=ServiceLogin&flowName=GlifWebSignIn&ifkv=ASfE1-pUYwmJOqYqvA3IXenH7tuDNdgbzPJQQK5MZUSQXjkTbaYwwmPjfjSrAzvuyJwPRiOkYXq0Tg line 1331 > injectedScript, line 2700: unreachable code after return statement
JavaScript warning: https://accounts.google.com/v3/signin/identifier?dsh=S-1056129261%3A1773814017911686&flowEntry=ServiceLogin&flowName=GlifWebSignIn&ifkv=ASfE1-pUYwmJOqYqvA3IXenH7tuDNdgbzPJQQK5MZUSQXjkTbaYwwmPjfjSrAzvuyJwPRiOkYXq0Tg line 1331 > injectedScript line 2 > eval, line 2700: unreachable code after return statement
JavaScript warning: https://accounts.google.com/v3/signin/identifier?dsh=S-1056129261%3A1773814017911686&flowEntry=ServiceLogin&flowName=GlifWebSignIn&ifkv=ASfE1-pUYwmJOqYqvA3IXenH7tuDNdgbzPJQQK5MZUSQXjkTbaYwwmPjfjSrAzvuyJwPRiOkYXq0Tg line 1331 > injectedScript line 2 > eval, line 2700: unreachable code after return statement
JavaScript warning: https://accounts.google.com/v3/signin/identifier?dsh=S-1056129261%3A1773814017911686&flowEntry=ServiceLogin&flowName=GlifWebSignIn&ifkv=ASfE1-pUYwmJOqYqvA3IXenH7tuDNdgbzPJQQK5MZUSQXjkTbaYwwmPjfjSrAzvuyJwPRiOkYXq0Tg line 1331 > injectedScript line 2 > eval, line 2700: unreachable code after return statement
JavaScript warning: https://accounts.google.com/v3/signin/identifier?dsh=S-1056129261%3A1773814017911686&flowEntry=ServiceLogin&flowName=GlifWebSignIn&ifkv=ASfE1-pUYwmJOqYqvA3IXenH7tuDNdgbzPJQQK5MZUSQXjkTbaYwwmPjfjSrAzvuyJwPRiOkYXq0Tg line 1331 > injectedScript line 2 > eval, line 2700: unreachable code after return statement
JavaScript warning: https://accounts.google.com/v3/signin/identifier?dsh=S-1056129261%3A1773814017911686&flowEntry=ServiceLogin&flowName=GlifWebSignIn&ifkv=ASfE1-pUYwmJOqYqvA3IXenH7tuDNdgbzPJQQK5MZUSQXjkTbaYwwmPjfjSrAzvuyJwPRiOkYXq0Tg line 1331 > injectedScript line 2 > eval, line 1: unreachable code after return statement
JavaScript warning: https://accounts.google.com/v3/signin/identifier?dsh=S-1056129261%3A1773814017911686&flowEntry=ServiceLogin&flowName=GlifWebSignIn&ifkv=ASfE1-pUYwmJOqYqvA3IXenH7tuDNdgbzPJQQK5MZUSQXjkTbaYwwmPjfjSrAzvuyJwPRiOkYXq0Tg line 1331 > injectedScript line 2 > eval line 2700 > eval, line 1: unreachable code after return statement
JavaScript warning: https://accounts.google.com/v3/signin/identifier?dsh=S-1056129261%3A1773814017911686&flowEntry=ServiceLogin&flowName=GlifWebSignIn&ifkv=ASfE1-pUYwmJOqYqvA3IXenH7tuDNdgbzPJQQK5MZUSQXjkTbaYwwmPjfjSrAzvuyJwPRiOkYXq0Tg line 1331 > injectedScript line 2 > eval line 2700 > eval, line 1: unreachable code after return statement
JavaScript warning: https://accounts.google.com/v3/signin/identifier?dsh=S-1056129261%3A1773814017911686&flowEntry=ServiceLogin&flowName=GlifWebSignIn&ifkv=ASfE1-pUYwmJOqYqvA3IXenH7tuDNdgbzPJQQK5MZUSQXjkTbaYwwmPjfjSrAzvuyJwPRiOkYXq0Tg line 1331 > injectedScript line 2 > eval line 2700 > eval line 1 > eval, line 1: unreachable code after return statement
JavaScript warning: https://accounts.google.com/v3/signin/identifier?dsh=S-1056129261%3A1773814017911686&flowEntry=ServiceLogin&flowName=GlifWebSignIn&ifkv=ASfE1-pUYwmJOqYqvA3IXenH7tuDNdgbzPJQQK5MZUSQXjkTbaYwwmPjfjSrAzvuyJwPRiOkYXq0Tg line 1331 > injectedScript line 2 > eval, line 2700: unreachable code after return statement
JavaScript warning: https://accounts.google.com/v3/signin/identifier?dsh=S-1056129261%3A1773814017911686&flowEntry=ServiceLogin&flowName=GlifWebSignIn&ifkv=ASfE1-pUYwmJOqYqvA3IXenH7tuDNdgbzPJQQK5MZUSQXjkTbaYwwmPjfjSrAzvuyJwPRiOkYXq0Tg line 1331 > injectedScript line 2 > eval line 2700 > eval line 1 > eval, line 1: unreachable code after return statement
JavaScript warning: https://accounts.google.com/v3/signin/identifier?dsh=S-1056129261%3A1773814017911686&flowEntry=ServiceLogin&flowName=GlifWebSignIn&ifkv=ASfE1-pUYwmJOqYqvA3IXenH7tuDNdgbzPJQQK5MZUSQXjkTbaYwwmPjfjSrAzvuyJwPRiOkYXq0Tg line 1331 > injectedScript line 2 > eval line 2700 > eval line 1 > eval, line 1: unreachable code after return statement
JavaScript warning: https://accounts.google.com/v3/signin/identifier?dsh=S-1056129261%3A1773814017911686&flowEntry=ServiceLogin&flowName=GlifWebSignIn&ifkv=ASfE1-pUYwmJOqYqvA3IXenH7tuDNdgbzPJQQK5MZUSQXjkTbaYwwmPjfjSrAzvuyJwPRiOkYXq0Tg line 1331 > injectedScript line 2 > eval line 2700 > eval line 1 > eval, line 1: unreachable code after return statement
JavaScript warning: https://accounts.google.com/v3/signin/identifier?dsh=S-1056129261%3A1773814017911686&flowEntry=ServiceLogin&flowName=GlifWebSignIn&ifkv=ASfE1-pUYwmJOqYqvA3IXenH7tuDNdgbzPJQQK5MZUSQXjkTbaYwwmPjfjSrAzvuyJwPRiOkYXq0Tg line 1331 > injectedScript line 2 > eval line 2700 > eval line 1 > eval line 1 > eval, line 1: unreachable code after return statement
JavaScript warning: https://accounts.google.com/v3/signin/identifier?dsh=S-1056129261%3A1773814017911686&flowEntry=ServiceLogin&flowName=GlifWebSignIn&ifkv=ASfE1-pUYwmJOqYqvA3IXenH7tuDNdgbzPJQQK5MZUSQXjkTbaYwwmPjfjSrAzvuyJwPRiOkYXq0Tg line 1331 > injectedScript line 2 > eval line 2700 > eval line 1 > eval line 1 > eval, line 1: unreachable code after return statement
JavaScript warning: https://accounts.google.com/v3/signin/identifier?dsh=S-1056129261%3A1773814017911686&flowEntry=ServiceLogin&flowName=GlifWebSignIn&ifkv=ASfE1-pUYwmJOqYqvA3IXenH7tuDNdgbzPJQQK5MZUSQXjkTbaYwwmPjfjSrAzvuyJwPRiOkYXq0Tg line 1331 > injectedScript line 2 > eval line 2700 > eval line 1 > eval line 1 > eval, line 1: unreachable code after return statement
JavaScript warning: https://accounts.google.com/v3/signin/identifier?dsh=S-1056129261%3A1773814017911686&flowEntry=ServiceLogin&flowName=GlifWebSignIn&ifkv=ASfE1-pUYwmJOqYqvA3IXenH7tuDNdgbzPJQQK5MZUSQXjkTbaYwwmPjfjSrAzvuyJwPRiOkYXq0Tg line 1331 > injectedScript, line 2805: unreachable code after return statement
JavaScript warning: https://accounts.google.com/v3/signin/identifier?dsh=S-1056129261%3A1773814017911686&flowEntry=ServiceLogin&flowName=GlifWebSignIn&ifkv=ASfE1-pUYwmJOqYqvA3IXenH7tuDNdgbzPJQQK5MZUSQXjkTbaYwwmPjfjSrAzvuyJwPRiOkYXq0Tg line 1331 > injectedScript, line 2805: unreachable code after return statement
JavaScript warning: https://accounts.google.com/v3/signin/identifier?dsh=S-1056129261%3A1773814017911686&flowEntry=ServiceLogin&flowName=GlifWebSignIn&ifkv=ASfE1-pUYwmJOqYqvA3IXenH7tuDNdgbzPJQQK5MZUSQXjkTbaYwwmPjfjSrAzvuyJwPRiOkYXq0Tg line 1331 > injectedScript, line 2805: unreachable code after return statement
JavaScript warning: https://accounts.google.com/v3/signin/identifier?dsh=S-1056129261%3A1773814017911686&flowEntry=ServiceLogin&flowName=GlifWebSignIn&ifkv=ASfE1-pUYwmJOqYqvA3IXenH7tuDNdgbzPJQQK5MZUSQXjkTbaYwwmPjfjSrAzvuyJwPRiOkYXq0Tg line 1331 > injectedScript, line 2805: unreachable code after return statement
JavaScript warning: https://accounts.google.com/v3/signin/identifier?dsh=S-1056129261%3A1773814017911686&flowEntry=ServiceLogin&flowName=GlifWebSignIn&ifkv=ASfE1-pUYwmJOqYqvA3IXenH7tuDNdgbzPJQQK5MZUSQXjkTbaYwwmPjfjSrAzvuyJwPRiOkYXq0Tg line 1331 > injectedScript, line 2805: unreachable code after return statement
JavaScript warning: https://accounts.google.com/v3/signin/identifier?dsh=S-1056129261%3A1773814017911686&flowEntry=ServiceLogin&flowName=GlifWebSignIn&ifkv=ASfE1-pUYwmJOqYqvA3IXenH7tuDNdgbzPJQQK5MZUSQXjkTbaYwwmPjfjSrAzvuyJwPRiOkYXq0Tg line 1331 > injectedScript, line 2805: unreachable code after return statement
JavaScript warning: https://accounts.google.com/v3/signin/identifier?dsh=S-1056129261%3A1773814017911686&flowEntry=ServiceLogin&flowName=GlifWebSignIn&ifkv=ASfE1-pUYwmJOqYqvA3IXenH7tuDNdgbzPJQQK5MZUSQXjkTbaYwwmPjfjSrAzvuyJwPRiOkYXq0Tg line 1331 > injectedScript line 2 > eval, line 2805: unreachable code after return statement
JavaScript warning: https://accounts.google.com/v3/signin/identifier?dsh=S-1056129261%3A1773814017911686&flowEntry=ServiceLogin&flowName=GlifWebSignIn&ifkv=ASfE1-pUYwmJOqYqvA3IXenH7tuDNdgbzPJQQK5MZUSQXjkTbaYwwmPjfjSrAzvuyJwPRiOkYXq0Tg line 1331 > injectedScript line 2 > eval, line 2805: unreachable code after return statement
JavaScript warning: https://accounts.google.com/v3/signin/identifier?dsh=S-1056129261%3A1773814017911686&flowEntry=ServiceLogin&flowName=GlifWebSignIn&ifkv=ASfE1-pUYwmJOqYqvA3IXenH7tuDNdgbzPJQQK5MZUSQXjkTbaYwwmPjfjSrAzvuyJwPRiOkYXq0Tg line 1331 > injectedScript line 2 > eval, line 2805: unreachable code after return statement
JavaScript warning: https://accounts.google.com/v3/signin/identifier?dsh=S-1056129261%3A1773814017911686&flowEntry=ServiceLogin&flowName=GlifWebSignIn&ifkv=ASfE1-pUYwmJOqYqvA3IXenH7tuDNdgbzPJQQK5MZUSQXjkTbaYwwmPjfjSrAzvuyJwPRiOkYXq0Tg line 1331 > injectedScript line 2 > eval, line 2805: unreachable code after return statement
JavaScript warning: https://accounts.google.com/v3/signin/identifier?dsh=S-1056129261%3A1773814017911686&flowEntry=ServiceLogin&flowName=GlifWebSignIn&ifkv=ASfE1-pUYwmJOqYqvA3IXenH7tuDNdgbzPJQQK5MZUSQXjkTbaYwwmPjfjSrAzvuyJwPRiOkYXq0Tg line 1331 > injectedScript line 2 > eval, line 1: unreachable code after return statement
JavaScript warning: https://accounts.google.com/v3/signin/identifier?dsh=S-1056129261%3A1773814017911686&flowEntry=ServiceLogin&flowName=GlifWebSignIn&ifkv=ASfE1-pUYwmJOqYqvA3IXenH7tuDNdgbzPJQQK5MZUSQXjkTbaYwwmPjfjSrAzvuyJwPRiOkYXq0Tg line 1331 > injectedScript line 2 > eval line 2805 > eval, line 1: unreachable code after return statement
JavaScript warning: https://accounts.google.com/v3/signin/identifier?dsh=S-1056129261%3A1773814017911686&flowEntry=ServiceLogin&flowName=GlifWebSignIn&ifkv=ASfE1-pUYwmJOqYqvA3IXenH7tuDNdgbzPJQQK5MZUSQXjkTbaYwwmPjfjSrAzvuyJwPRiOkYXq0Tg line 1331 > injectedScript line 2 > eval line 2805 > eval, line 1: unreachable code after return statement
JavaScript warning: https://accounts.google.com/v3/signin/identifier?dsh=S-1056129261%3A1773814017911686&flowEntry=ServiceLogin&flowName=GlifWebSignIn&ifkv=ASfE1-pUYwmJOqYqvA3IXenH7tuDNdgbzPJQQK5MZUSQXjkTbaYwwmPjfjSrAzvuyJwPRiOkYXq0Tg line 1331 > injectedScript line 2 > eval line 2805 > eval line 1 > eval, line 1: unreachable code after return statement
JavaScript warning: https://accounts.google.com/v3/signin/identifier?dsh=S-1056129261%3A1773814017911686&flowEntry=ServiceLogin&flowName=GlifWebSignIn&ifkv=ASfE1-pUYwmJOqYqvA3IXenH7tuDNdgbzPJQQK5MZUSQXjkTbaYwwmPjfjSrAzvuyJwPRiOkYXq0Tg line 1331 > injectedScript line 2 > eval, line 2805: unreachable code after return statement
JavaScript warning: https://accounts.google.com/v3/signin/identifier?dsh=S-1056129261%3A1773814017911686&flowEntry=ServiceLogin&flowName=GlifWebSignIn&ifkv=ASfE1-pUYwmJOqYqvA3IXenH7tuDNdgbzPJQQK5MZUSQXjkTbaYwwmPjfjSrAzvuyJwPRiOkYXq0Tg line 1331 > injectedScript line 2 > eval line 2805 > eval line 1 > eval, line 1: unreachable code after return statement
JavaScript warning: https://accounts.google.com/v3/signin/identifier?dsh=S-1056129261%3A1773814017911686&flowEntry=ServiceLogin&flowName=GlifWebSignIn&ifkv=ASfE1-pUYwmJOqYqvA3IXenH7tuDNdgbzPJQQK5MZUSQXjkTbaYwwmPjfjSrAzvuyJwPRiOkYXq0Tg line 1331 > injectedScript line 2 > eval line 2805 > eval line 1 > eval, line 1: unreachable code after return statement
JavaScript warning: https://accounts.google.com/v3/signin/identifier?dsh=S-1056129261%3A1773814017911686&flowEntry=ServiceLogin&flowName=GlifWebSignIn&ifkv=ASfE1-pUYwmJOqYqvA3IXenH7tuDNdgbzPJQQK5MZUSQXjkTbaYwwmPjfjSrAzvuyJwPRiOkYXq0Tg line 1331 > injectedScript line 2 > eval line 2805 > eval line 1 > eval, line 1: unreachable code after return statement
JavaScript warning: https://accounts.google.com/v3/signin/identifier?dsh=S-1056129261%3A1773814017911686&flowEntry=ServiceLogin&flowName=GlifWebSignIn&ifkv=ASfE1-pUYwmJOqYqvA3IXenH7tuDNdgbzPJQQK5MZUSQXjkTbaYwwmPjfjSrAzvuyJwPRiOkYXq0Tg line 1331 > injectedScript line 2 > eval line 2805 > eval line 1 > eval line 1 > eval, line 1: unreachable code after return statement
JavaScript warning: https://accounts.google.com/v3/signin/identifier?dsh=S-1056129261%3A1773814017911686&flowEntry=ServiceLogin&flowName=GlifWebSignIn&ifkv=ASfE1-pUYwmJOqYqvA3IXenH7tuDNdgbzPJQQK5MZUSQXjkTbaYwwmPjfjSrAzvuyJwPRiOkYXq0Tg line 1331 > injectedScript line 2 > eval line 2805 > eval line 1 > eval line 1 > eval, line 1: unreachable code after return statement
JavaScript warning: https://accounts.google.com/v3/signin/identifier?dsh=S-1056129261%3A1773814017911686&flowEntry=ServiceLogin&flowName=GlifWebSignIn&ifkv=ASfE1-pUYwmJOqYqvA3IXenH7tuDNdgbzPJQQK5MZUSQXjkTbaYwwmPjfjSrAzvuyJwPRiOkYXq0Tg line 1331 > injectedScript line 2 > eval line 2805 > eval line 1 > eval line 1 > eval, line 1: unreachable code after return statement
console.warn: BackupService: "Path failed existence check :" null
console.error: (new Error("Polling for changes failed: Unexpected content-type \"text/plain;charset=US-ASCII\".", "resource://services-settings/remote-settings.sys.mjs", 482))
console.error: "Could not download new icon" (new ServerInfoError("Server response is invalid SyntaxError: JSON.parse: unexpected end of data at line 1 column 1 of the JSON data", "resource://services-settings/Attachments.sys.mjs", 40))
JavaScript warning: https://accounts.google.com/v3/signin/identifier?dsh=S-1056129261%3A1773814017911686&flowEntry=ServiceLogin&flowName=GlifWebSignIn&ifkv=ASfE1-pUYwmJOqYqvA3IXenH7tuDNdgbzPJQQK5MZUSQXjkTbaYwwmPjfjSrAzvuyJwPRiOkYXq0Tg line 1331 > injectedScript line 2 > eval line 2700 > eval line 1 > eval line 1 > eval, line 1: unreachable code after return statement
JavaScript warning: https://accounts.google.com/v3/signin/identifier?dsh=S-1056129261%3A1773814017911686&flowEntry=ServiceLogin&flowName=GlifWebSignIn&ifkv=ASfE1-pUYwmJOqYqvA3IXenH7tuDNdgbzPJQQK5MZUSQXjkTbaYwwmPjfjSrAzvuyJwPRiOkYXq0Tg line 1331 > injectedScript line 2 > eval line 2700 > eval line 1 > eval line 1 > eval, line 1: unreachable code after return statement
JavaScript warning: https://accounts.google.com/v3/signin/identifier?dsh=S-1056129261%3A1773814017911686&flowEntry=ServiceLogin&flowName=GlifWebSignIn&ifkv=ASfE1-pUYwmJOqYqvA3IXenH7tuDNdgbzPJQQK5MZUSQXjkTbaYwwmPjfjSrAzvuyJwPRiOkYXq0Tg line 1331 > injectedScript line 2 > eval line 2700 > eval line 1 > eval line 1 > eval, line 1: unreachable code after return statement
JavaScript warning: https://accounts.google.com/v3/signin/identifier?dsh=S-1056129261%3A1773814017911686&flowEntry=ServiceLogin&flowName=GlifWebSignIn&ifkv=ASfE1-pUYwmJOqYqvA3IXenH7tuDNdgbzPJQQK5MZUSQXjkTbaYwwmPjfjSrAzvuyJwPRiOkYXq0Tg line 1331 > injectedScript line 2 > eval line 2805 > eval line 1 > eval line 1 > eval, line 1: unreachable code after return statement
JavaScript warning: https://accounts.google.com/v3/signin/identifier?dsh=S-1056129261%3A1773814017911686&flowEntry=ServiceLogin&flowName=GlifWebSignIn&ifkv=ASfE1-pUYwmJOqYqvA3IXenH7tuDNdgbzPJQQK5MZUSQXjkTbaYwwmPjfjSrAzvuyJwPRiOkYXq0Tg line 1331 > injectedScript line 2 > eval line 2805 > eval line 1 > eval line 1 > eval, line 1: unreachable code after return statement
JavaScript warning: https://accounts.google.com/v3/signin/identifier?dsh=S-1056129261%3A1773814017911686&flowEntry=ServiceLogin&flowName=GlifWebSignIn&ifkv=ASfE1-pUYwmJOqYqvA3IXenH7tuDNdgbzPJQQK5MZUSQXjkTbaYwwmPjfjSrAzvuyJwPRiOkYXq0Tg line 1331 > injectedScript line 2 > eval line 2805 > eval line 1 > eval line 1 > eval, line 1: unreachable code after return statement
JavaScript warning: https://accounts.google.com/v3/signin/identifier?dsh=S-1056129261%3A1773814017911686&flowEntry=ServiceLogin&flowName=GlifWebSignIn&ifkv=ASfE1-pUYwmJOqYqvA3IXenH7tuDNdgbzPJQQK5MZUSQXjkTbaYwwmPjfjSrAzvuyJwPRiOkYXq0Tg line 1331 > injectedScript line 2 > eval, line 2700: unreachable code after return statement
console.warn: LoginRecipes: "Falling back to a synchronous message for: https://accounts.google.com."
JavaScript warning: https://www.gstatic.com/_/mss/boq-identity/_/js/k=boq-identity.AccountsSignInUi.en_US.LdrNOspQNhc.es5.O/am=Kf4GAADoFIFkAIz7_wYAEiCIBtczAWgCkQEAAAAAAAAAAAsAAKQR/d=1/excm=_b,_tp,identifierview/ed=1/dg=0/wt=2/ujg=1/rs=AOaEmlHk4R7Aky3OWGgoLk92iu3HFwC7RA/dti=1/m=_b,_tp, line 410: Script terminated by timeout at:
_.Pe@https://www.gstatic.com/_/mss/boq-identity/_/js/k=boq-identity.AccountsSignInUi.en_US.LdrNOspQNhc.es5.O/am=Kf4GAADoFIFkAIz7_wYAEiCIBtczAWgCkQEAAAAAAAAAAAsAAKQR/d=1/excm=_b,_tp,identifierview/ed=1/dg=0/wt=2/ujg=1/rs=AOaEmlHk4R7Aky3OWGgoLk92iu3HFwC7RA/dti=1/m=_b,_tp:410:601
_.Re@https://www.gstatic.com/_/mss/boq-identity/_/js/k=boq-identity.AccountsSignInUi.en_US.LdrNOspQNhc.es5.O/am=Kf4GAADoFIFkAIz7_wYAEiCIBtczAWgCkQEAAAAAAAAAAAsAAKQR/d=1/excm=_b,_tp,identifierview/ed=1/dg=0/wt=2/ujg=1/rs=AOaEmlHk4R7Aky3OWGgoLk92iu3HFwC7RA/dti=1/m=_b,_tp:154:25
Zoa@https://www.gstatic.com/_/mss/boq-identity/_/js/k=boq-identity.AccountsSignInUi.en_US.LdrNOspQNhc.es5.O/am=Kf4GAADoFIFkAIz7_wYAEiCIBtczAWgCkQEAAAAAAAAAAAsAAKQR/d=1/excm=_b,_tp,identifierview/ed=1/dg=0/wt=2/ujg=1/rs=AOaEmlHk4R7Aky3OWGgoLk92iu3HFwC7RA/dti=1/m=_b,_tp:419:44
c@https://www.gstatic.com/_/mss/boq-identity/_/js/k=boq-identity.AccountsSignInUi.en_US.LdrNOspQNhc.es5.O/am=Kf4GAADoFIFkAIz7_wYAEiCIBtczAWgCkQEAAAAAAAAAAAsAAKQR/d=1/excm=_b,_tp,identifierview/ed=1/dg=0/wt=2/ujg=1/rs=AOaEmlHk4R7Aky3OWGgoLk92iu3HFwC7RA/dti=1/m=_b,_tp:465:253
b@https://www.gstatic.com/_/mss/boq-identity/_/js/k=boq-identity.AccountsSignInUi.en_US.LdrNOspQNhc.es5.O/am=Kf4GAADoFIFkAIz7_wYAEiCIBtczAWgCkQEAAAAAAAAAAAsAAKQR/d=1/excm=_b,_tp,identifierview/ed=1/dg=0/wt=2/ujg=1/rs=AOaEmlHk4R7Aky3OWGgoLk92iu3HFwC7RA/dti=1/m=_b,_tp:417:49

1773816213347	Marionette	INFO	Stopped listening on port 58906
JavaScript error: resource://gre/modules/PrivateBrowsingUtils.sys.mjs, line 19: TypeError: can't access property "isChromeWindow", aWindow is null
Dynamically enable window occlusion 1
console.warn: TopSitesFeed: Failed to fetch data from MARS server: NetworkError when attempting to fetch resource.
